Workbook

Sheet Tháng 1
C1: Tồn Đầu Kỳ | E1: Nhập | G1: Xuất | I1: Tồn cuối kỳ
A2: Tên Hàng | B2: Tháng | C2: Số Lượng | D2: T,Tiền | E2: Số Lượng | F2: T.Tiền | G2: Số Lượng | H2: T. Tiền | I2: Số Lượng | J2: T.Tiền
A3: Cá viên Funny 500g | B3: 1 | C3: 250 | D3: 6861365 | E3: 100 | F3: 2716600 | G3: 135 | H3: 3694358 | I3: 215 | J3: 5883607
A4: AL Anlene Concentrate Choco 4x125ml | B4: 1 | C4: 0 | D4: 0 | E4: 0 | F4: 0 | G4: 0 | H4: 0 | I4: 0 | J4: 0
A5: AL Anlene Concentrate Vanilla 4x125ml | B5: 1 | C5: 1221 | D5: 40068502 | E5: 0 | F5: 0 | G5: 94 | H5: 3084717 | I5: 1127 | J5: 36983785
A6: AL Anlene Gold Vanilla Movepro 1Kg | B6: 1 | C6: 125 | D6: 37241817 | E6: 0 | F6: 0 | G6: 0 | H6: 0 | I6: 125 | J6: 37241817
A7: AL Anlene Gold Vanilla Movepro 400g | B7: 1 | C7: 510 | D7: 69373706 | E7: 0 | F7: 0 | G7: 0 | H7: 0 | I7: 510 | J7: 69373706
A8: AL Anlene Gold Vanilla Movepro 440g | B8: 1 | C8: 354 | D8: 55405030 | E8: 0 | F8: 0 | G8: 0 | H8: 0 | I8: 354 | J8: 55405030
A9: AL Anlene Gold Vanilla Movepro 800g | B9: 1 | C9: 169 | D9: 40442640 | E9: 0 | F9: 0 | G9: 0 | H9: 0 | I9: 169 | J9: 40442640
A10: AL Anlene Movepro UHT 180ml - Có đường | B10: 1 | C10: 894 | D10: 19467870 | E10: 0 | F10: 0 | G10: 0 | H10: 0 | I10: 894 | J10: 19467870
A11: AL Anlene Movepro UHT 180ml - Không béo | B11: 1 | C11: 180 | D11: 3904035 | E11: 0 | F11: 0 | G11: 0 | H11: 0 | I11: 180 | J11: 3904035
A12: AL Anlene Vanilla Movepro 440g | B12: 1 | C12: 307 | D12: 32682234 | E12: 0 | F12: 0 | G12: 0 | H12: 0 | I12: 307 | J12: 32682234
A13: AL Anlene Vanilla Movepro 800g | B13: 1 | C13: 192 | D13: 45946668 | E13: 0 | F13: 0 | G13: 0 | H13: 0 | I13: 192 | J13: 45946668
A14: AL Anlene Vanilla Movepro Sachet 20gx3 | B14: 1 | C14: 18 | D14: 407934 | E14: 0 | F14: 0 | G14: 0 | H14: 0 | I14: 18 | J14: 407934
... A284: XXTT Heo 18g gói (T-3.6KG) | B284: 1 | C284: 0 | D284: 0 | E284: 216 | F284: 19220544 | G284: 0 | H284: 0 | I284: 216 | J284: 19220544
A285: Tổng Cộng | D285: 15447634554 | E285: 480934 | F285: 11706869809 | G285: 371957 | H285: 12007329223 | J285: 15147175140
H287: =H285+'Tháng 2'!H285+'Tháng 3'!H285+'Tháng 4'!H285+'Tháng 5'!H285+'Tháng 6'!H285+'Tháng 7'!H285+'Tháng 8'!H285+'Tháng 9'!H285+'Tháng 10'!H285+'Tháng 11'!H285+'Tháng 12'!H285 -> 112087384096

Sheet Tháng 2
C1: Tồn Đầu Kỳ | E1: Nhập | G1: Xuất | I1: Tồn cuối kỳ
A2: Tên Hàng | B2: Tháng | C2: Số Lượng | D2: T,Tiền | E2: Số Lượng | F2: T.Tiền | G2: Số Lượng | H2: T. Tiền | I2: Số Lượng | J2: T.Tiền
A3: Cá viên Funny 500g | B3: 2 | C3: 215 | D3: 5883607 | E3: 160 | F3: 4346560 | G3: 10 | H3: 272804 | I3: 365 | J3: 9957363
A4: AL Anlene Concentrate Choco 4x125ml | B4: 2 | C4: 0 | D4: 0 | E4: 0 | F4: 0 | G4: 0 | H4: 0 | I4: 0 | J4: 0
A5: AL Anlene Concentrate Vanilla 4x125ml | B5: 2 | C5: 1127 | D5: 36983785 | E5: 0 | F5: 0 | G5: 132 | H5: 4331730 | I5: 995 | J5: 32652055
A6: AL Anlene Gold Vanilla Movepro 1Kg | B6: 2 | C6: 125 | D6: 37241817 | E6: 0 | F6: 0 | G6: 5 | H6: 1489673 | I6: 120 | J6: 35752144
A7: AL Anlene Gold Vanilla Movepro 400g | B7: 2 | C7: 510 | D7: 69373706 | E7: 0 | F7: 0 | G7: 0 | H7: 0 | I7: 510 | J7: 69373706
A8: AL Anlene Gold Vanilla Movepro 440g | B8: 2 | C8: 354 | D8: 55405030 | E8: 0 | F8: 0 | G8: 10 | H8: 1565114 | I8: 344 | J8: 53839916
A9: AL Anlene Gold Vanilla Movepro 800g | B9: 2 | C9: 169 | D9: 40442640 | E9: 0 | F9: 0 | G9: 10 | H9: 2393056 | I9: 159 | J9: 38049584
A10: AL Anlene Movepro UHT 180ml - Có đường | B10: 2 | C10: 894 | D10: 19467870 | E10: 0 | F10: 0 | G10: 80 | H10: 1742091 | I10: 814 | J10: 17725779
A11: AL Anlene Movepro UHT 180ml - Không béo | B11: 2 | C11: 180 | D11: 3904035 | E11: 0 | F11: 0 | G11: 0 | H11: 0 | I11: 180 | J11: 3904035
A12: AL Anlene Vanilla Movepro 440g | B12: 2 | C12: 307 | D12: 32682234 | E12: 0 | F12: 0 | G12: 0 | H12: 0 | I12: 307 | J12: 32682234
A13: AL Anlene Vanilla Movepro 800g | B13: 2 | C13: 192 | D13: 45946668 | E13: 0 | F13: 0 | G13: 10 | H13: 2393056 | I13: 182 | J13: 43553612
A14: AL Anlene Vanilla Movepro Sachet 20gx3 | B14: 2 | C14: 18 | D14: 407934 | E14: 0 | F14: 0 | G14: 0 | H14: 0 | I14: 18 | J14: 407934
... A243: VS ĐL Ba rọi sốt tiêu đen gói 500g | B243: 2 | C243: 0 | D243: 0 | E243: 15 | F243: 1122000 | G243: 15 | H243: 1122000 | I243: 0 | J243: 0
A244: VS ĐL Ba rọi ướp gia vị gói 500g | B244: 2 | C244: 0 | D244: 0 | E244: 0 | F244: 0 | H244: 0 | I244: 0 | J244: 0
A245: VS ĐL Ba Rọi Xốt Mật Ong gói 500g | B245: 2 | C245: 0 | D245: 0 | E245: 42 | F245: 3141600 | G245: 42 | H245: 3141600 | I245: 0 | J245: 0
A246: VS ĐL Bò viên 3 ngon gói 500g | B246: 2 | C246: 125 | D246: 4196915 | E246: 170 | F246: 5720840 | G246: 50 | H246: 1680975 | I246: 245 | J246: 8236780
A247: VS ĐL Bò viên gói 200g | B247: 2 | C247: 0 | D247: 0 | E247: 0 | F247: 0 | H247: 0 | I247: 0 | J247: 0
A248: VS ĐL Cá viên 3 ngon gói 500g | B248: 2 | C248: 103 | D248: 2200478 | E248: 20 | F248: 854554 | G248: 0 | H248: 0 | I248: 123 | J248: 3055032
A249: VS ĐL Cá Viên Funny gói 250g (1T=30G) | B249: 2 | C249: 0 | D249: 0 | E249: 0 | F249: 0 | G249: 0 | H249: 0 | I249: 0 | J249: 0
A250: VS ĐL Cá viên gói 200g | B250: 2 | C250: 270 | D250: 4079585 | E250: 1200 | F250: 3600576 | G250: 40 | H250: 169522 | I250: 1430 | J250: 7510639
A251: VS ĐL Cá Viên ớt xiêm xanh gói 500g | B251: 2 | C251: 161 | D251: 3439584 | E251: 5 | F251: 213639 | G251: 46 | H251: 1012339 | I251: 120 | J251: 2640884
A252: VS ĐL Chả giò chay gói 500g | B252: 2 | C252: 5 | D252: 274480 | E252: 20 | F252: 1097920 | G252: 23 | H252: 1262608 | I252: 2 | J252: 109792
A253: VS ĐL Chả Giò con tôm gói 250g | B253: 2 | C253: 0 | D253: 0 | E253: 0 | F253: 0 | H253: 0 | I253: 0 | J253: 0
A254: VS ĐL Chả giò da xốp gói 400g | B254: 2 | C254: 0 | D254: 0 | E254: 0 | F254: 0 | H254: 0 | I254: 0 | J254: 0
A255: VS ĐL Chả giò hải sản gói 500g | B255: 2 | C255: 2 | D255: 118440 | E255: 80 | F255: 4737600 | G255: 79 | H255: 4678380 | I255: 3 | J255: 177660
A256: VS ĐL Chả giò rế con tôm gói 300g | B256: 2 | C256: 0 | D256: 0 | E256: 30 | F256: 1170000 | G256: 29 | H256: 1131000 | I256: 1 | J256: 39000
A257: VS ĐL Chả giò rế thịt gói 500g | B257: 2 | C257: 5 | D257: 323360 | E257: 5 | F257: 323360 | G257: 10 | H257: 646720 | I257: 0 | J257: 0
A258: VS ĐL Chả Giò rế tôm cua gói 500g | B258: 2 | C258: 2 | D258: 129720 | E258: 0 | F258: 0 | G258: 0 | H258: 0 | I258: 2 | J258: 129720
A259: VS ĐL Chả giò tôm cua gói 500g | B259: 2 | C259: 0 | D259: 0 | E259: 30 | F259: 1170000 | G259: 29 | H259: 1131000 | I259: 1 | J259: 39000
A260: VS ĐL Cốt lết ướp gia vị gói 500g | B260: 2 | C260: 80 | D260: 4419241 | E260: 0 | F260: 0 | G260: 80 | H260: 4419241 | I260: 0 | J260: 0
A261: VS ĐL Cốt lết xốt mật ong gói 500g | B261: 2 | C261: 0 | D261: 0 | E261: 6 | F261: 378000 | G261: 6 | H261: 378000 | I261: 0 | J261: 0
A262: VS ĐL Cốt lết xốt tiêu đen gói 500g | B262: 2 | C262: 0 | D262: 0 | E262: 20 | F262: 1160000 | G262: 20 | H262: 1160000 | I262: 0 | J262: 0
A263: VS ĐL Dồi sụn giòn gói 250g | B263: 2 | C263: 1 | D263: 134195 | E263: 31 | F263: 4160045 | G263: 32 | H263: 4294240 | I263: 0 | J263: 0
A264: VS ĐL Dồi sụn giòn gói 500g | B264: 2 | C264: 0 | D264: 0 | E264: 0 | F264: 0 | G264: 0 | H264: 0 | I264: 0 | J264: 0
A265: VS ĐL Há Cảo gói 250g | B265: 2 | C265: 0 | D265: 0 | E265: 0 | F265: 0 | H265: 0 | I265: 0 | J265: 0
A266: VS ĐL Há Cảo Thanh Long gói 300g | B266: 2 | C266: 0 | D266: 0 | E266: 21 | F266: 745500 | G266: 21 | H266: 745500 | I266: 0 | J266: 0
A267: VS ĐL Há Cảo Thịt gói 300g | B267: 2 | C267: 0 | D267: 0 | E267: 53 | F267: 1325000 | G267: 53 | H267: 1325000 | I267: 0 | J267: 0
A268: VS ĐL Há Cảo Tôm gói 300g | B268: 2 | C268: 1 | D268: 75576 | E268: 65 | F268: 2457000 | G268: 66 | H268: 2532576 | I268: 0 | J268: 0
A269: VS ĐL Hoành thánh đặc biệt gói 200g | B269: 2 | C269: 10 | D269: 213192 | E269: 0 | F269: 0 | G269: 10 | H269: 213192 | I269: 0 | J269: 0
A270: VS ĐL Nem lụi- hộp 300g | B270: 2 | C270: 85 | D270: 4002990 | E270: 0 | F270: 0 | G270: 85 | H270: 4002990 | I270: 0 | J270: 0
A271: VS ĐL Sườn non ướp gia vị gói 500g | B271: 2 | C271: 0 | D271: 0 | E271: 31 | F271: 2371500 | G271: 31 | H271: 2371500 | I271: 0 | J271: 0
A272: VS ĐL Sườn Non Xốt Mật Ong gói 500g | B272: 2 | C272: 0 | D272: 0 | E272: 16 | F272: 1280000 | G272: 16 | H272: 1280000 | I272: 0 | J272: 0
A273: VS ĐL Tôm viên Funny gói 250g ( ĐL) | B273: 2 | C273: 66 | D273: 1122693 | E273: 92 | F273: 1554525 | G273: 10 | H273: 169444 | I273: 148 | J273: 2507774
A274: VS ĐL Tôm viên Funny gói 500g ( ĐL) | B274: 2 | C274: 0 | D274: 0 | E274: 28 | F274: 1899975 | G274: 0 | H274: 0 | I274: 28 | J274: 1899975
A275: VS ĐL Xúc Xích Funny gói 500g | B275: 2 | C275: 680 | D275: 23969498 | E275: 2348 | F275: 40131420 | G275: 613 | H275: 11837863 | I275: 2415 | J275: 52263055
A276: VS ĐL Xúc Xích Happy gói 500g | B276: 2 | C276: 170 | D276: 7492027 | E276: 50 | F276: 2253650 | G276: 10 | H276: 442985 | I276: 210 | J276: 9302692
A277: VS ĐL Xúc Xích Lucky gói 500g | B277: 2 | C277: 103 | D277: 5457039 | E277: 5 | F277: 475090 | G277: 108 | H277: 5932129 | I277: 0 | J277: 0
A278: VS ĐL Xúc xích sụn giòn 500g | B278: 2 | C278: 0 | D278: 0 | E278: 0 | F278: 0 | G278: 0 | H278: 0 | I278: 0 | J278: 0
A279: VS ĐL Xúc xích sụn giòn- gói 250g ĐL | B279: 2 | C279: 0 | D279: 0 | E279: 0 | F279: 0 | H279: 0 | I279: 0 | J279: 0
A280: Xốt tiêu đen TT 190g | B280: 2 | C280: 0 | D280: 0 | E280: 0 | F280: 0 | G280: 0 | H280: 0 | I280: 0 | J280: 0
A281: Xốt ướp thịt HQ vị cay 90g | B281: 2 | C281: 0 | D281: 0 | E281: 2400 | F281: 18544800 | G281: 0 | H281: 0 | I281: 2400 | J281: 18544800
A282: XXTT Bò 18g gói (T-3.6kg) | B282: 2 | C282: 1364 | D282: 121391504 | E282: 756 | F282: 67271904 | G282: 0 | H282: 0 | I282: 2120 | J282: 188663408
A283: XXTT Dinh dưỡng heo gói 175g | B283: 2 | C283: 6467 | D283: 603715544 | E283: 1225 | F283: 114527700 | G283: 3106 | H283: 290023858 | I283: 4586 | J283: 428219386
A284: XXTT Heo 18g gói (T-3.6KG) | B284: 2 | C284: 216 | D284: 19220544 | E284: 450 | F284: 32034240 | G284: 0 | H284: 0 | I284: 666 | J284: 51254784
A285: Tổng Cộng | D285: 15147175140 | E285: 762970 | F285: 8552434012 | G285: 394996 | H285: 7676643524 | J285: 16022965628

Sheet Tháng 3
C1: Tồn Đầu Kỳ | E1: Nhập | G1: Xuất | I1: Tồn cuối kỳ
A2: Tên Hàng | B2: Tháng | C2: Số Lượng | D2: T,Tiền | E2: Số Lượng | F2: T.Tiền | G2: Số Lượng | H2: T. Tiền | I2: Số Lượng | J2: T.Tiền
A3: Cá viên Funny 500g | B3: 3 | C3: 365 | D3: 9957363 | E3: 130 | F3: 3531580 | G3: 240 | H3: 6540094 | I3: 255 | J3: 6948849
A4: AL Anlene Concentrate Choco 4x125ml | B4: 3 | C4: 0 | D4: 0 | E4: 0 | F4: 0 | G4: 0 | H4: 0 | I4: 0 | J4: 0
A5: AL Anlene Concentrate Vanilla 4x125ml | B5: 3 | C5: 995 | D5: 32652055 | E5: 0 | F5: 0 | G5: 72 | H5: 2362762 | I5: 923 | J5: 30289293
A6: AL Anlene Gold Vanilla Movepro 1Kg | B6: 3 | C6: 120 | D6: 35752144 | E6: 0 | F6: 0 | G6: 0 | H6: 0 | I6: 120 | J6: 35752144
A7: AL Anlene Gold Vanilla Movepro 400g | B7: 3 | C7: 510 | D7: 69373706 | E7: 0 | F7: 0 | G7: 0 | H7: 0 | I7: 510 | J7: 69373706
A8: AL Anlene Gold Vanilla Movepro 440g | B8: 3 | C8: 344 | D8: 53839916 | E8: 0 | F8: 0 | G8: 0 | H8: 0 | I8: 344 | J8: 53839916
A9: AL Anlene Gold Vanilla Movepro 800g | B9: 3 | C9: 159 | D9: 38049584 | E9: 0 | F9: 0 | G9: 0 | H9: 0 | I9: 159 | J9: 38049584
A10: AL Anlene Movepro UHT 180ml - Có đường | B10: 3 | C10: 814 | D10: 17725779 | E10: 0 | F10: 0 | G10: 80 | H10: 1742091 | I10: 734 | J10: 15983688
A11: AL Anlene Movepro UHT 180ml - Không béo | B11: 3 | C11: 180 | D11: 3904035 | E11: 0 | F11: 0 | G11: 0 | H11: 0 | I11: 180 | J11: 3904035
A12: AL Anlene Vanilla Movepro 440g | B12: 3 | C12: 307 | D12: 32682234 | E12: 0 | F12: 0 | G12: 12 | H12: 1277481 | I12: 295 | J12: 31404753
A13: AL Anlene Vanilla Movepro 800g | B13: 3 | C13: 182 | D13: 43553612 | E13: 0 | F13: 0 | G13: 12 | H13: 2871667 | I13: 170 | J13: 40681945
A14: AL Anlene Vanilla Movepro Sachet 20gx3 | B14: 3 | C14: 18 | D14: 407934 | E14: 0 | F14: 0 | G14: 0 | H14: 0 | I14: 18 | J14: 407934
... A284: XXTT Heo 18g gói (T-3.6KG) | B284: 3 | C284: 666 | D284: 51254784 | E284: 341 | F284: 25627392 | G284: 0 | H284: 0 | I284: 1007 | J284: 76882176
D285: 16022965628 | F285: 9550427560 | H285: 8812324506 | J285: 16761068682

Sheet Tháng 4
C1: Tồn Đầu Kỳ | E1: Nhập | G1: Xuất | I1: Tồn cuối kỳ
A2: Tên Hàng | B2: Tháng | C2: Số Lượng | D2: T,Tiền | E2: Số Lượng | F2: T.Tiền | G2: Số Lượng | H2: T. Tiền | I2: Số Lượng | J2: T.Tiền
A3: Cá viên Funny 500g | B3: 4 | C3: 255 | D3: 6948849 | E3: 160 | F3: 4410140 | G3: 184 | H3: 5036275 | I3: 231 | J3: 6322714
A4: AL Anlene Concentrate Choco 4x125ml | B4: 4 | C4: 0 | D4: 0 | E4: 0 | F4: 0 | G4: 0 | H4: 0 | I4: 0 | J4: 0
A5: AL Anlene Concentrate Vanilla 4x125ml | B5: 4 | C5: 923 | D5: 30274687 | E5: 0 | F5: 0 | G5: 24 | H5: 787587 | I5: 899 | J5: 29487100
A6: AL Anlene Gold Vanilla Movepro 1Kg | B6: 4 | C6: 120 | D6: 35752144 | E6: 0 | F6: 0 | G6: 0 | H6: 0 | I6: 120 | J6: 35752144
A7: AL Anlene Gold Vanilla Movepro 400g | B7: 4 | C7: 510 | D7: 69373706 | E7: 0 | F7: 0 | G7: 0 | H7: 0 | I7: 510 | J7: 69373706
A8: AL Anlene Gold Vanilla Movepro 440g | B8: 4 | C8: 344 | D8: 53839916 | E8: 0 | F8: 0 | G8: 0 | H8: 0 | I8: 344 | J8: 53839916
A9: AL Anlene Gold Vanilla Movepro 800g | B9: 4 | C9: 159 | D9: 38049584 | E9: 0 | F9: 0 | G9: 0 | H9: 0 | I9: 159 | J9: 38049584
A10: AL Anlene Movepro UHT 180ml - Có đường | B10: 4 | C10: 734 | D10: 15983688 | E10: 0 | F10: 0 | G10: 0 | H10: 0 | I10: 734 | J10: 15983688
A11: AL Anlene Movepro UHT 180ml - Không béo | B11: 4 | C11: 180 | D11: 3904035 | E11: 0 | F11: 0 | G11: 0 | H11: 0 | I11: 180 | J11: 3904035
A12: AL Anlene Vanilla Movepro 440g | B12: 4 | C12: 295 | D12: 31404753 | E12: 0 | F12: 0 | G12: 0 | H12: 0 | I12: 295 | J12: 31404753
A13: AL Anlene Vanilla Movepro 800g | B13: 4 | C13: 170 | D13: 40681945 | E13: 0 | F13: 0 | G13: 0 | H13: 0 | I13: 170 | J13: 40681945
A14: AL Anlene Vanilla Movepro Sachet 20gx3 | B14: 4 | C14: 18 | D14: 407934 | E14: 0 | F14: 0 | G14: 0 | H14: 0 | I14: 18 | J14: 407934
... A284: XXTT Heo 18g gói (T-3.6KG) | B284: 4 | C284: 1007 | D284: 76882176 | E284: 184 | F284: 9610272 | G284: 0 | H284: 0 | I284: 1191 | J284: 86492448
D285: 16761054076 | F285: 9316351365 | H285: 8659651285 | J285: 17417754156

Sheet Tháng 5
C1: Tồn Đầu Kỳ | E1: Nhập | G1: Xuất | I1: Tồn cuối kỳ
A2: Tên Hàng | B2: Tháng | C2: Số Lượng | D2: T,Tiền | E2: Số Lượng | F2: T.Tiền | G2: Số Lượng | H2: T. Tiền | I2: Số Lượng | J2: T.Tiền
A3: Cá viên Funny 500g | B3: 5 | C3: 231 | D3: 6322714 | E3: 120 | F3: 3329280 | G3: 140 | H3: 3849798 | I3: 211 | J3: 5802196
A4: AL Anlene Concentrate Choco 4x125ml | B4: 5 | C4: 0 | D4: 0 | E4: 0 | F4: 0 | G4: 0 | H4: 0 | I4: 0 | J4: 0
A5: AL Anlene Concentrate Vanilla 4x125ml | B5: 5 | C5: 899 | D5: 29487100 | E5: 0 | F5: 0 | G5: 36 | H5: 1181381 | I5: 863 | J5: 28305719
A6: AL Anlene Gold Vanilla Movepro 1Kg | B6: 5 | C6: 120 | D6: 35752144 | E6: 0 | F6: 0 | G6: 0 | H6: 0 | I6: 120 | J6: 35752144
A7: AL Anlene Gold Vanilla Movepro 400g | B7: 5 | C7: 510 | D7: 69373706 | E7: 0 | F7: 0 | G7: 0 | H7: 0 | I7: 510 | J7: 69373706
A8: AL Anlene Gold Vanilla Movepro 440g | B8: 5 | C8: 344 | D8: 53839916 | E8: 0 | F8: 0 | G8: 0 | H8: 0 | I8: 344 | J8: 53839916
A9: AL Anlene Gold Vanilla Movepro 800g | B9: 5 | C9: 159 | D9: 38049584 | E9: 0 | F9: 0 | G9: 0 | H9: 0 | I9: 159 | J9: 38049584
A10: AL Anlene Movepro UHT 180ml - Có đường | B10: 5 | C10: 734 | D10: 15983688 | E10: 0 | F10: 0 | G10: 0 | H10: 0 | I10: 734 | J10: 15983688
A11: AL Anlene Movepro UHT 180ml - Không béo | B11: 5 | C11: 180 | D11: 3904035 | E11: 0 | F11: 0 | G11: 0 | H11: 0 | I11: 180 | J11: 3904035
A12: AL Anlene Vanilla Movepro 440g | B12: 5 | C12: 295 | D12: 31404753 | E12: 0 | F12: 0 | G12: 0 | H12: 0 | I12: 295 | J12: 31404753
A13: AL Anlene Vanilla Movepro 800g | B13: 5 | C13: 170 | D13: 40681945 | E13: 0 | F13: 0 | G13: 0 | H13: 0 | I13: 170 | J13: 40681945
A14: AL Anlene Vanilla Movepro Sachet 20gx3 | B14: 5 | C14: 18 | D14: 407934 | E14: 0 | F14: 0 | G14: 0 | H14: 0 | I14: 18 | J14: 407934
... A284: XXTT Heo 18g gói (T-3.6KG) | B284: 5 | C284: 1191 | D284: 86492448 | E284: 241 | F284: 12813696 | G284: 0 | H284: 0 | I284: 1432 | J284: 99306144
C285: 1130577 | D285: 17417754156 | E285: 410719 | F285: 7856754302 | G285: 436661 | H285: 9002504084 | I285: 1104635 | J285: 16272004374

Sheet Tháng 6
C1: Tồn Đầu Kỳ | E1: Nhập | G1: Xuất | I1: Tồn cuối kỳ
A2: Tên Hàng | B2: Tháng | C2: Số Lượng | D2: T,Tiền | E2: Số Lượng | F2: T.Tiền | G2: Số Lượng | H2: T. Tiền | I2: Số Lượng | J2: T.Tiền
A3: Cá viên Funny 500g | B3: 6 | C3: 211 | D3: 5802196 | E3: 70 | F3: 1942080 | G3: 80 | H3: 2204776 | I3: 201 | J3: 5539500
A4: AL Anlene Concentrate Choco 4x125ml | B4: 6 | C4: 0 | D4: 0 | E4: 0 | F4: 0 | G4: 0 | H4: 0 | I4: 0 | J4: 0
A5: AL Anlene Concentrate Vanilla 4x125ml | B5: 6 | C5: 863 | D5: 28305719 | E5: 0 | F5: 0 | G5: 0 | H5: 0 | I5: 863 | J5: 28305719
A6: AL Anlene Gold Vanilla Movepro 1Kg | B6: 6 | C6: 120 | D6: 35752144 | E6: 0 | F6: 0 | G6: 0 | H6: 0 | I6: 120 | J6: 35752144
A7: AL Anlene Gold Vanilla Movepro 400g | B7: 6 | C7: 510 | D7: 69373706 | E7: 0 | F7: 0 | G7: 0 | H7: 0 | I7: 510 | J7: 69373706
A8: AL Anlene Gold Vanilla Movepro 440g | B8: 6 | C8: 344 | D8: 53839916 | E8: 0 | F8: 0 | G8: 0 | H8: 0 | I8: 344 | J8: 53839916
A9: AL Anlene Gold Vanilla Movepro 800g | B9: 6 | C9: 159 | D9: 38049584 | E9: 0 | F9: 0 | G9: 0 | H9: 0 | I9: 159 | J9: 38049584
A10: AL Anlene Movepro UHT 180ml - Có đường | B10: 6 | C10: 734 | D10: 15983688 | E10: 0 | F10: 0 | G10: 0 | H10: 0 | I10: 734 | J10: 15983688
A11: AL Anlene Movepro UHT 180ml - Không béo | B11: 6 | C11: 180 | D11: 3904035 | E11: 0 | F11: 0 | G11: 0 | H11: 0 | I11: 180 | J11: 3904035
A12: AL Anlene Vanilla Movepro 440g | B12: 6 | C12: 295 | D12: 31404753 | E12: 0 | F12: 0 | G12: 0 | H12: 0 | I12: 295 | J12: 31404753
A13: AL Anlene Vanilla Movepro 800g | B13: 6 | C13: 170 | D13: 40681945 | E13: 0 | F13: 0 | G13: 0 | H13: 0 | I13: 170 | J13: 40681945
A14: AL Anlene Vanilla Movepro Sachet 20gx3 | B14: 6 | C14: 18 | D14: 407934 | E14: 0 | F14: 0 | G14: 0 | H14: 0 | I14: 18 | J14: 407934
... A284: XXTT Heo 18g gói (T-3.6KG) | B284: 6 | C284: 1432 | D284: 99306144 | E284: 198 | F284: 17618832 | G284: 36 | H284: 2582392 | I284: 1594 | J284: 114342584
D285: 16272004374 | F285: 6671492500 | H285: 6167307223 | J285: 16776189651

Sheet Tháng 7
C1: Tồn Đầu Kỳ | E1: Nhập | G1: Xuất | I1: Tồn cuối kỳ
A2: Tên Hàng | B2: Tháng | C2: Số Lượng | D2: T,Tiền | E2: Số Lượng | F2: T.Tiền | G2: Số Lượng | H2: T. Tiền | I2: Số Lượng | J2: T.Tiền
A3: Cá viên Funny 500g | B3: 7 | C3: 201 | D3: 5539500 | E3: 70 | F3: 1914336 | G3: 125 | H3: 3438116 | I3: 146 | J3: 4015720
A4: AL Anlene Concentrate Choco 4x125ml | B4: 7 | C4: 0 | D4: 0 | E4: 0 | F4: 0 | G4: 0 | H4: 0 | I4: 0 | J4: 0
A5: AL Anlene Concentrate Vanilla 4x125ml | B5: 7 | C5: 863 | D5: 28305719 | E5: 0 | F5: 0 | G5: 60 | H5: 1968968 | I5: 803 | J5: 26336751
A6: AL Anlene Gold Vanilla Movepro 1Kg | B6: 7 | C6: 120 | D6: 35752144 | E6: 0 | F6: 0 | G6: 0 | H6: 0 | I6: 120 | J6: 35752144
A7: AL Anlene Gold Vanilla Movepro 400g | B7: 7 | C7: 510 | D7: 69373706 | E7: 0 | F7: 0 | G7: 0 | H7: 0 | I7: 510 | J7: 69373706
A8: AL Anlene Gold Vanilla Movepro 440g | B8: 7 | C8: 344 | D8: 53839916 | E8: 0 | F8: 0 | G8: 0 | H8: 0 | I8: 344 | J8: 53839916
A9: AL Anlene Gold Vanilla Movepro 800g | B9: 7 | C9: 159 | D9: 38049584 | E9: 0 | F9: 0 | G9: 0 | H9: 0 | I9: 159 | J9: 38049584
A10: AL Anlene Movepro UHT 180ml - Có đường | B10: 7 | C10: 734 | D10: 15983688 | E10: 0 | F10: 0 | G10: 0 | H10: 0 | I10: 734 | J10: 15983688
A11: AL Anlene Movepro UHT 180ml - Không béo | B11: 7 | C11: 180 | D11: 3904035 | E11: 0 | F11: 0 | G11: 0 | H11: 0 | I11: 180 | J11: 3904035
A12: AL Anlene Vanilla Movepro 440g | B12: 7 | C12: 295 | D12: 31404753 | E12: 0 | F12: 0 | G12: 0 | H12: 0 | I12: 295 | J12: 31404753
A13: AL Anlene Vanilla Movepro 800g | B13: 7 | C13: 170 | D13: 40681945 | E13: 0 | F13: 0 | G13: 0 | H13: 0 | I13: 170 | J13: 40681945
A14: AL Anlene Vanilla Movepro Sachet 20gx3 | B14: 7 | C14: 18 | D14: 407934 | E14: 0 | F14: 0 | G14: 0 | H14: 0 | I14: 18 | J14: 407934
... A284: XXTT Heo 18g gói (T-3.6KG) | B284: 7 | C284: 1594 | D284: 114342584 | E284: 436 | F284: 32034240 | G284: 108 | H284: 7787535 | I284: 1922 | J284: 138589289
D285: 16776189651 | F285: 9695173526 | H285: 11337158824 | I285: 1128743 | J285: 15134204353

Sheet Tháng 8
C1: Tồn Đầu Kỳ | E1: Nhập | G1: Xuất | I1: Tồn cuối kỳ
A2: Tên Hàng | B2: Tháng | C2: Số Lượng | D2: T,Tiền | E2: Số Lượng | F2: T.Tiền | G2: Số Lượng | H2: T. Tiền | I2: Số Lượng | J2: T.Tiền
A3: Cá viên Funny 500g | B3: 8 | C3: 146 | D3: 4015720 | E3: 100 | F3: 2774400 | G3: 0 | H3: 0 | I3: 246 | J3: 6790120
A4: AL Anlene Concentrate Choco 4x125ml | B4: 8 | C4: 0 | D4: 0 | E4: 0 | F4: 0 | G4: 0 | H4: 0 | I4: 0 | J4: 0
A5: AL Anlene Concentrate Vanilla 4x125ml | B5: 8 | C5: 803 | D5: 26336751 | E5: 0 | F5: 0 | G5: 0 | H5: 0 | I5: 803 | J5: 26336751
A6: AL Anlene Gold Vanilla Movepro 1Kg | B6: 8 | C6: 120 | D6: 35752144 | E6: 0 | F6: 0 | G6: 0 | H6: 0 | I6: 120 | J6: 35752144
A7: AL Anlene Gold Vanilla Movepro 400g | B7: 8 | C7: 510 | D7: 69373706 | E7: 0 | F7: 0 | G7: 0 | H7: 0 | I7: 510 | J7: 69373706
A8: AL Anlene Gold Vanilla Movepro 440g | B8: 8 | C8: 344 | D8: 53839916 | E8: 0 | F8: 0 | G8: 0 | H8: 0 | I8: 344 | J8: 53839916
A9: AL Anlene Gold Vanilla Movepro 800g | B9: 8 | C9: 159 | D9: 38049584 | E9: 0 | F9: 0 | G9: 0 | H9: 0 | I9: 159 | J9: 38049584
A10: AL Anlene Movepro UHT 180ml - Có đường | B10: 8 | C10: 734 | D10: 15983688 | E10: 0 | F10: 0 | G10: 60 | H10: 1306569 | I10: 674 | J10: 14677119
A11: AL Anlene Movepro UHT 180ml - Không béo | B11: 8 | C11: 180 | D11: 3904035 | E11: 0 | F11: 0 | G11: 0 | H11: 0 | I11: 180 | J11: 3904035
A12: AL Anlene Vanilla Movepro 440g | B12: 8 | C12: 295 | D12: 31404753 | E12: 0 | F12: 0 | G12: 0 | H12: 0 | I12: 295 | J12: 31404753
A13: AL Anlene Vanilla Movepro 800g | B13: 8 | C13: 170 | D13: 40681945 | E13: 0 | F13: 0 | G13: 0 | H13: 0 | I13: 170 | J13: 40681945
A14: AL Anlene Vanilla Movepro Sachet 20gx3 | B14: 8 | C14: 18 | D14: 407934 | E14: 0 | F14: 0 | G14: 0 | H14: 0 | I14: 18 | J14: 407934
... A284: XXTT Heo 18g gói (T-3.6KG) | B284: 8 | C284: 1922 | D284: 138589289 | E284: 270 | F284: 24025680 | G284: 0 | H284: 0 | I284: 2192 | J284: 162614969
C285: =SUM(C2:C284) -> 1128743 | D285: =SUM(D2:D284) -> 15134204353 | E285: =SUM(E2:E284) -> 385682 | F285: =SUM(F2:F284) -> 9410289184 | G285: =SUM(G2:G284) -> 525627 | H285: =SUM(H2:H284) -> 9872002163 | I285: =SUM(I2:I284) -> 988798 | J285: =SUM(J2:J284) -> 14672491374

Sheet Tháng 9
C1: Tồn Đầu Kỳ | E1: Nhập | G1: Xuất | I1: Tồn cuối kỳ
A2: Tên Hàng | B2: Tháng | C2: Số Lượng | D2: T,Tiền | E2: Số Lượng | F2: T.Tiền | G2: Số Lượng | H2: T. Tiền | I2: Số Lượng | J2: T.Tiền
A3: Cá viên Funny 500g | B3: 9 | C3: 246 | D3: 6790120 | E3: 70 | F3: 1942080 | G3: 110 | H3: 3039690 | I3: 206 | J3: 5692510
A4: AL Anlene Concentrate Choco 4x125ml | B4: 9 | C4: 0 | D4: 0 | E4: 0 | F4: 0 | G4: 0 | H4: 0 | I4: 0 | J4: 0
A5: AL Anlene Concentrate Vanilla 4x125ml | B5: 9 | C5: 803 | D5: 26336751 | E5: 0 | F5: 0 | G5: 60 | H5: 1968968 | I5: 743 | J5: 24367783
A6: AL Anlene Gold Vanilla Movepro 1Kg | B6: 9 | C6: 120 | D6: 35752144 | E6: 0 | F6: 0 | G6: 0 | H6: 0 | I6: 120 | J6: 35752144
A7: AL Anlene Gold Vanilla Movepro 400g | B7: 9 | C7: 510 | D7: 69373706 | E7: 0 | F7: 0 | G7: 6 | H7: 816161 | I7: 504 | J7: 68557545
A8: AL Anlene Gold Vanilla Movepro 440g | B8: 9 | C8: 344 | D8: 53839916 | E8: 0 | F8: 0 | G8: 0 | H8: 0 | I8: 344 | J8: 53839916
A9: AL Anlene Gold Vanilla Movepro 800g | B9: 9 | C9: 159 | D9: 38049584 | E9: 0 | F9: 0 | G9: 6 | H9: 1435833 | I9: 153 | J9: 36613751
A10: AL Anlene Movepro UHT 180ml - Có đường | B10: 9 | C10: 674 | D10: 14677119 | E10: 0 | F10: 0 | G10: 0 | H10: 0 | I10: 674 | J10: 14677119
A11: AL Anlene Movepro UHT 180ml - Không béo | B11: 9 | C11: 180 | D11: 3904035 | E11: 0 | F11: 0 | G11: 0 | H11: 0 | I11: 180 | J11: 3904035
A12: AL Anlene Vanilla Movepro 440g | B12: 9 | C12: 295 | D12: 31404753 | E12: 0 | F12: 0 | G12: 0 | H12: 0 | I12: 295 | J12: 31404753
A13: AL Anlene Vanilla Movepro 800g | B13: 9 | C13: 170 | D13: 40681945 | E13: 0 | F13: 0 | G13: 0 | H13: 0 | I13: 170 | J13: 40681945
A14: AL Anlene Vanilla Movepro Sachet 20gx3 | B14: 9 | C14: 18 | D14: 407934 | E14: 0 | F14: 0 | G14: 0 | H14: 0 | I14: 18 | J14: 407934
... A284: XXTT Heo 18g gói (T-3.6KG) | B284: 9 | C284: 2192 | D284: 162614969 | E284: 270 | F284: 24025680 | G284: 1530 | H284: 115987081 | I284: 932 | J284: 70653568
D285: 14672491374 | F285: 8134206560 | H285: 7256403764 | J285: 15550294170

Sheet Tháng 10
C1: Tồn Đầu Kỳ | E1: Nhập | G1: Xuất | I1: Tồn cuối kỳ
A2: Tên Hàng | B2: Tháng | C2: Số Lượng | D2: T,Tiền | E2: Số Lượng | F2: T.Tiền | G2: Số Lượng | H2: T. Tiền | I2: Số Lượng | J2: T.Tiền
A3: Cá viên Funny 500g | B3: 10 | C3: 206 | D3: 5692510 | E3: 80 | F3: 2219520 | G3: 80 | H3: 2213155 | I3: 206 | J3: 5698875
A4: AL Anlene Concentrate Choco 4x125ml | B4: 10 | C4: 0 | D4: 0 | E4: 0 | F4: 0 | G4: 0 | H4: 0 | I4: 0 | J4: 0
A5: AL Anlene Concentrate Vanilla 4x125ml | B5: 10 | C5: 743 | D5: 24367783 | E5: 0 | F5: 0 | G5: 156 | H5: 5119317 | I5: 587 | J5: 19248466
A6: AL Anlene Gold Vanilla Movepro 1Kg | B6: 10 | C6: 120 | D6: 35752144 | E6: 0 | F6: 0 | G6: 0 | H6: 0 | I6: 120 | J6: 35752144
A7: AL Anlene Gold Vanilla Movepro 400g | B7: 10 | C7: 504 | D7: 68557545 | E7: 0 | F7: 0 | G7: 0 | H7: 0 | I7: 504 | J7: 68557545
A8: AL Anlene Gold Vanilla Movepro 440g | B8: 10 | C8: 344 | D8: 53839916 | E8: 0 | F8: 0 | G8: 0 | H8: 0 | I8: 344 | J8: 53839916
A9: AL Anlene Gold Vanilla Movepro 800g | B9: 10 | C9: 153 | D9: 36613751 | E9: 0 | F9: 0 | G9: 0 | H9: 0 | I9: 153 | J9: 36613751
A10: AL Anlene Movepro UHT 180ml - Có đường | B10: 10 | C10: 674 | D10: 14677119 | E10: 0 | F10: 0 | G10: 120 | H10: 2613137 | I10: 554 | J10: 12063982
A11: AL Anlene Movepro UHT 180ml - Không béo | B11: 10 | C11: 180 | D11: 3904035 | E11: 0 | F11: 0 | G11: 0 | H11: 0 | I11: 180 | J11: 3904035
A12: AL Anlene Vanilla Movepro 440g | B12: 10 | C12: 295 | D12: 31404753 | E12: 0 | F12: 0 | G12: 0 | H12: 0 | I12: 295 | J12: 31404753
A13: AL Anlene Vanilla Movepro 800g | B13: 10 | C13: 170 | D13: 40681945 | E13: 0 | F13: 0 | G13: 0 | H13: 0 | I13: 170 | J13: 40681945
A14: AL Anlene Vanilla Movepro Sachet 20gx3 | B14: 10 | C14: 18 | D14: 407934 | E14: 0 | F14: 0 | G14: 0 | H14: 0 | I14: 18 | J14: 407934
... A278: VS ĐL Xúc xích sụn giòn 500g | B278: 10 | C278: 8 | D278: 847410 | E278: 0 | F278: 0 | G278: 0 | H278: 0 | I278: 8 | J278: 847410
A279: VS ĐL Xúc xích sụn giòn- gói 250g ĐL | B279: 10 | C279: 8 | D279: 888480 | E279: 0 | G279: 0 | H279: 0 | I279: 8 | J279: 888480
A280: Xốt tiêu đen TT 190g | B280: 10 | C280: 72 | D280: 1717560 | E280: 0 | F280: 0 | G280: 0 | H280: 0 | I280: 72 | J280: 1717560
A281: Xốt ướp thịt HQ vị cay 90g | B281: 10 | C281: 5445 | D281: 18544800 | E281: 8 | F281: 0 | G281: 0 | H281: 0 | I281: 5453 | J281: 18544800
A282: XXTT Bò 18g gói (T-3.6kg) | B282: 10 | C282: 1489 | D282: 132500193 | E282: 432 | F282: 38441088 | G282: 1170 | H282: 104113118 | I282: 751 | J282: 66828163
A283: XXTT Dinh dưỡng heo gói 175g | B283: 10 | C283: 2558 | D283: 238790929 | E283: 910 | F283: 85077720 | G283: 2426 | H283: 226558634 | I283: 1042 | J283: 97310015
A284: XXTT Heo 18g gói (T-3.6KG) | B284: 10 | C284: 932 | D284: 70653568 | E284: 306 | F284: 27229104 | G284: 1026 | H284: 81120857 | I284: 212 | J284: 16761815
D285: 15550294170 | F285: 9205815555 | H285: 9489921705 | J285: 15266188020

Sheet Tháng 11
C1: Tồn Đầu Kỳ | E1: Nhập | G1: Xuất | I1: Tồn cuối kỳ
A2: Tên Hàng | B2: Tháng | C2: Số Lượng | D2: T,Tiền | E2: Số Lượng | F2: T.Tiền | G2: Số Lượng | H2: T. Tiền | I2: Số Lượng | J2: T.Tiền
A3: Cá viên Funny 500g | B3: 11 | C3: 206 | D3: 5698875 | E3: 50 | F3: 1387200 | G3: 30 | H3: 830399 | I3: 226 | J3: 6255676
A4: AL Anlene Concentrate Choco 4x125ml | B4: 11 | C4: 0 | D4: 0 | E4: 0 | F4: 0 | G4: 0 | H4: 0 | I4: 0 | J4: 0
A5: AL Anlene Concentrate Vanilla 4x125ml | B5: 11 | C5: 587 | D5: 19248466 | E5: 0 | F5: 0 | G5: 0 | H5: 0 | I5: 587 | J5: 19248466
A6: AL Anlene Gold Vanilla Movepro 1Kg | B6: 11 | C6: 120 | D6: 35752144 | E6: 0 | F6: 0 | G6: 0 | H6: 0 | I6: 120 | J6: 35752144
A7: AL Anlene Gold Vanilla Movepro 400g | B7: 11 | C7: 504 | D7: 68557545 | E7: 0 | F7: 0 | G7: 0 | H7: 0 | I7: 504 | J7: 68557545
A8: AL Anlene Gold Vanilla Movepro 440g | B8: 11 | C8: 344 | D8: 53839916 | E8: 0 | F8: 0 | G8: 0 | H8: 0 | I8: 344 | J8: 53839916
A9: AL Anlene Gold Vanilla Movepro 800g | B9: 11 | C9: 153 | D9: 36613751 | E9: 0 | F9: 0 | G9: 0 | H9: 0 | I9: 153 | J9: 36613751
A10: AL Anlene Movepro UHT 180ml - Có đường | B10: 11 | C10: 554 | D10: 12063982 | E10: 0 | F10: 0 | G10: 0 | H10: 0 | I10: 554 | J10: 12063982
A11: AL Anlene Movepro UHT 180ml - Không béo | B11: 11 | C11: 180 | D11: 3904035 | E11: 0 | F11: 0 | G11: 0 | H11: 0 | I11: 180 | J11: 3904035
A12: AL Anlene Vanilla Movepro 440g | B12: 11 | C12: 295 | D12: 31404753 | E12: 0 | F12: 0 | G12: 0 | H12: 0 | I12: 295 | J12: 31404753
A13: AL Anlene Vanilla Movepro 800g | B13: 11 | C13: 170 | D13: 40681945 | E13: 0 | F13: 0 | G13: 0 | H13: 0 | I13: 170 | J13: 40681945
A14: AL Anlene Vanilla Movepro Sachet 20gx3 | B14: 11 | C14: 18 | D14: 407934 | E14: 0 | F14: 0 | G14: 0 | H14: 0 | I14: 18 | J14: 407934
... A284: XXTT Heo 18g gói (T-3.6KG) | B284: 11 | C284: 212 | D284: 16761815 | E284: 332 | F284: 28432224 | G284: 544 | H284: 45194039 | I284: 0 | J284: 0
D285: 15266188020 | F285: 7821004404 | H285: 7330307950 | J285: 15756884474

Sheet GV CTY
A2: DANH SÁCH HÀNG HÓA
A4: masp | B4: tensp | C4: dvt | D4: SỐ LƯỢNG | E4: Gía vốn | F4: Trị giá kho
A5: VB2L(IH1 | B5: VS Bò 2 lát (Lon in) hộp 170g | C5: Hộp | F5: =D5*E5 -> 0
A6: AACC4 | B6: AL Anmum Concentrate Choco 4x125ml | C6: Lốc | F6: =D6*E6 -> 0
A7: AACCC4 | B7: AL Anlene Concentrate Choco 4x125ml | C7: Lốc | F7: =D7*E7 -> 0
A8: AACV4 | B8: AL Anlene Concentrate Vanilla 4x125ml | C8: Lốc | D8: 132 | E8: 17367.3 | F8: =D8*E8 -> 2292483.6
A9: AACV4S | B9: AL Anmum Concentrate Vanilla 4x125ml | C9: Lốc | F9: =D9*E9 -> 0
A10: AAGVM1 | B10: AL Anlene Gold Vanilla Movepro 1Kg | C10: Hộp | F10: =D10*E10 -> 0
A11: AAGVM4 | B11: AL Anlene Gold Vanilla Movepro 400g | C11: Lon | D11: 227 | E11: 83500.2 | F11: =D11*E11 -> 18954545
A12: AAGVM4G | B12: AL Anlene Gold Vanilla Movepro 440g | C12: Hộp | D12: 150 | E12: 75700.8 | F12: =D12*E12 -> 11355120
A13: AAGVM8 | B13: AL Anlene Gold Vanilla Movepro 800g | C13: Lon | D13: 0 | F13: =D13*E13 -> 0
A14: AAMC4 | B14: AL Anmum Materna Choco 400g | C14: Lon | F14: =D14*E14 -> 0
A15: AAMC8 | B15: AL Anmum Materna Choco 800g | C15: Lon | F15: =D15*E15 -> 0
A16: AAMU1-CĐ | B16: AL Anlene Movepro UHT 180ml - Có đường | C16: Lốc | D16: 116 | E16: 12041.1 | F16: =D16*E16 -> 1396767.6
A17: AAMU1-KB | B17: AL Anlene Movepro UHT 180ml - Không béo | C17: Lốc | D17: 78 | E17: 12041.1 | F17: =D17*E17 -> 939205.8
A18: AAMV4 | B18: AL Anmum Materna Vanilla 400g | C18: Lon | F18: =D18*E18 -> 0
A19: AAVM4 | B19: AL Anlene Vanilla Movepro 440g | C19: Hộp | F19: =D19*E19 -> 0
A20: AAVM8 | B20: AL Anlene Vanilla Movepro 800g | C20: Lon | D20: 48 | E20: 139243.5 | F20: =D20*E20 -> 6683688
A21: AAVMS2 | B21: AL Anlene Vanilla Movepro Sachet 20gx3 | C21: Hộp | F21: =D21*E21 -> 0
A22: BBQNPC3 | B22: BEL Bánh que nhúng PM C.DIPPERS 30gx48 | C22: Gói | F22: =D22*E22 -> 0
A23: BPBCC13 | B23: BEL Phomai Bánh Chấm C.Dippers1D 35g | C23: Gói | F23: =D23*E23 -> 0
A24: BPKSK1X6 | B24: BEL PM kem sữa Kiri 108G x 60 | C24: Hộp | F24: =D24*E24 -> 0
A25: BPMBC1M | B25: BEL Phô mai CBC 16M | C25: Hộp | F25: =D25*E25 -> 0
A26: BPMBC4M | B26: BEL Phô mai CBC 4M | C26: Hộp | F26: =D26*E26 -> 0
A27: BPMBC8M | B27: BEL Phô mai CBC 8M | C27: Hộp | D27: 273485 | E27: 31208 | F27: =D27*E27 -> 8534919880
A28: BPMC12T | B28: BEL Phô mai CBC 16M 240g Tết | C28: Hộp | F28: =D28*E28 -> 0
A29: BPMC2 | B29: BEL Phô mai CBC 24M | C29: Hộp | F29: =D29*E29 -> 0
A30: BPMC2H | B30: BEL pho mai CBC 24m HRC6 | C30: Hộp | F30: =D30*E30 -> 0
A31: BPMC81T | B31: BEL Phô mai CBC 8M 120g Tết | C31: Hộp | F31: =D31*E31 -> 0
A32: BPMCVS1 | B32: BEL PM vuông Belcube vị sữa 125g | C32: Gói | D32: 306 | E32: 51389 | F32: =D32*E32 -> 15725034
A33: BPMCVS7 | B33: BEL PM vuông Belcube vị sữa 78g | C33: Gói | D33: 25076 | E33: 36184 | F33: =D33*E33 -> 907349984
A34: BPMLB2 | B34: BEL PM Lát CBC Burger 200gx32 | C34: Gói | D34: 130 | E34: 52485 | F34: =D34*E34 -> 6823050
A35: BPMLSC2 | B35: BEL PM Lát Sandwich cheddar 200g | C35: Gói | F35: =D35*E35 -> 0
A36: BPTTVH7 | B36: BEL Phomai Cube Country (truyền thống ) 78g | C36: Hộp | F36: =D36*E36 -> 0
A37: BXPMC1 | B37: BEL Xốt PM CBC 15Gx10x12 | C37: Dây | F37: =D37*E37 -> 0
A38: CBBNXX2 | B38: CLM ĐL Bánh bao nhân xá xíu 280g | C38: Gói | D38: 62 | E38: 29119.92 | F38: =D38*E38 -> 1805435
A39: CBC1 | B39: CLM Bột canh 180g | C39: Gói | D39: 750 | E39: 3463.24 | F39: =D39*E39 -> 2597430
A40: CBCNBN1 | B40: CLM Bột canh nấm bào ngư 180g | C40: Gói | D40: 995 | E40: 4761.96 | F40: =D40*E40 -> 4738150.2
A41: CBCNH1 | B41: CLM Bột canh nấm hương 180g | C41: Gói | D41: 770 | E41: 3896.14 | F41: =D41*E41 -> 3000027.8
A42: CCNND1 | B42: CLM Cá Ngừ ngâm dầu 185g | C42: Hộp | D42: 1708 | E42: 21643.38 | F42: =D42*E42 -> 36966893
A43: CCNXC1 | B43: CLM Cá ngừ xốt cay 185g | C43: Hộp | F43: =D43*E43 -> 0
A44: CCPGNHHT | B44: CS Chí Phí Giao Nhận Hàng Hóa T11/2023 | C44: Tiền | F44: =D44*E44 -> 0
A45: CCPGNHHT1.24 | B45: CS Chí Phí Giao Nhận Hàng Hóa T1/2024 | C45: Tiền | F45: =D45*E45 -> 0
A46: CCPGNHHT12 | B46: CS Chí Phí Giao Nhận Hàng Hóa T12/2023 | C46: Tiền | F46: =D46*E46 -> 0
A47: CCSKT1 | B47: CLM Cá Saba kho tiêu 185gr | C47: Hộp | F47: =D47*E47 -> 0
A48: CCSXC1 | B48: CLM Cá Saba xốt cà 185gr | C48: Hộp | F48: =D48*E48 -> 0
A49: CCSXS1 | B49: CLM cá Saba xốt Siracha 185g | C49: Hộp | D49: 240 | E49: 18180.14 | F49: =D49*E49 -> 4363233.6
A50: CCXCK1 | B50: CLM cá xốt cà KOS 155g | C50: Hộp | D50: 3590 | E50: 9955.88 | F50: =D50*E50 -> 35741609
A51: CĐBBC3 | B51: CLM ĐL Bánh bao chay 300gr | C51: Gói | D51: 37 | E51: 19698.8 | F51: =D51*E51 -> 728855.6
A52: CĐBBNT4 | B52: CLM ĐL Bánh bao nhân thịt 400gr | C52: Gói | D52: 132 | E52: 23981.55 | F52: =D52*E52 -> 3165564.6
A53: CĐBXKNM3 | B53: CLM ĐL Bánh xếp kiểu nhật mini 360g | C53: Gói | D53: 40 | E53: 42045.88 | F53: =D53*E53 -> 1681835.2
A54: CĐBXTT3 | B54: CLM ĐL Bánh xếp tôm thịt 300gr | C54: Gói | D54: 15 | E54: 31689.58 | F54: =D54*E54 -> 475343.7
A55: CĐCGRTC5 | B55: CLM ĐL Chả giò rế thập cẩm 500gr | C55: Gói | D55: 86 | E55: 44108.62 | F55: =D55*E55 -> 3793341.3
A56: CĐCGRTCUA5 | B56: CLM ĐL Chả giò rế tôm cua 500gr | C56: Gói | D56: 36 | E56: 46250 | F56: =D56*E56 -> 1665000
A57: CĐCGTT5 | B57: CLM ĐL Chả giò tôm thịt 500gr/gói | C57: Gói | D57: 53 | E57: 41110.7 | F57: =D57*E57 -> 2178867.1
A58: CĐCGX5 | B58: CLM ĐL Chả giò xốp 500gr/gói | C58: Gói | F58: =D58*E58 -> 0
A59: CĐCGXC5 | B59: CLM ĐL Chả giò xốp chay 500gr | C59: Gói | D59: 35 | E59: 35115.78 | F59: =D59*E59 -> 1229052.3
A60: CDDTSP2D | B60: CLM Dầu dấm trộn salad pet 270g | C60: Chai | D60: 5692 | E60: 13852.02 | F60: =D60*E60 -> 78845698
A61: CDH2 | B61: CLM Dầu hào 2,25kg | C61: Bình | D61: 258 | E61: 82678.31 | F61: =D61*E61 -> 21331004
A62: CĐHC3 | B62: CLM ĐL Há cảo 300gr/gói | C62: Gói | D62: 15 | E62: 26979.48 | F62: =D62*E62 -> 404692.2
A63: CĐHCHM3 | B63: CLM ĐL Há cảo hai mùa 300gr/gói | C63: Gói | F63: =D63*E63 -> 0
A64: CDHCP1 | B64: CLM Dầu hào chay pet 170g | C64: Chai | D64: 1056 | E64: 9004.05 | F64: =D64*E64 -> 9508276.8
A65: CDHCP3 | B65: CLM Dầu hào chay pet 350g | C65: Chai | D65: 766 | E65: 16449.46 | F65: =D65*E65 -> 12600286
A66: CDHCP8 | B66: CLM Dầu hào chay pet 820g | C66: Chai | F66: =D66*E66 -> 0
A67: CDHP1 | B67: CLM Dầu hào pet 170g | C67: Chai | D67: 2892 | E67: 8051.28 | F67: =D67*E67 -> 23284302
A68: CDHP3 | B68: CLM Dầu hào pet 350gr | C68: Chai | D68: 2848 | E68: 15583.64 | F68: =D68*E68 -> 44382207
A69: CDHP8 | B69: CLM Dầu hào pet 820g | C69: Chai | D69: 1637 | E69: 32897.98 | F69: =D69*E69 -> 53853993
A70: CĐHT3 | B70: CLM ĐL Hoành thánh 300gr/gói | C70: Gói | F70: =D70*E70 -> 0
A71: CGVKC5 | B71: CLM Gia vị kho cá 50g | C71: Gói | D71: 1570 | E71: 4588.04 | F71: =D71*E71 -> 7203222.8
A72: CGVKCG5C | B72: CLM (ko làm toa) Gia vị kho cá gói 50g | C72: Hộp | F72: =D72*E72 -> 0
A73: CGVKT5 | B73: CLM Gia vị kho thịt 50g | C73: Gói | D73: 1844 | E73: 4588.04 | F73: =D73*E73 -> 8460345.8
A74: CH2L1 | B74: CLM Heo 2 lát 160g | C74: Hộp | F74: =D74*E74 -> 0
A75: CHQGVT2 | B75: CLM Hộp quà Gia vị Tết 2024 | C75: Hộp | D75: 25 | E75: 181805.14 | F75: =D75*E75 -> 4545128.5
A76: CHQNÝ | B76: CLM Hộp quà Như Ý | C76: Hộp | D76: 7 | E76: 177477.02 | F76: =D76*E76 -> 1242339.1
A77: CLCHST | B77: CLM Lẩu chua hải sản TT200g | C77: Chai | D77: 1419 | E77: 14717.84 | F77: =D77*E77 -> 20884615
A78: CLT2 | B78: CLM Lẩu thái 280g | C78: Chai | D78: 5123 | E78: 14284.93 | F78: =D78*E78 -> 73181696
A79: CN3ĐĐ7(1 | B79: CLM nmắm 30 độ đạm 750ml (12c/th) | C79: Chai | F79: =D79*E79 -> 0
A80: CN4ĐĐ7(1 | B80: CLM nmắm 40 độ đạm 750ml (12c/th) | C80: Chai | F80: =D80*E80 -> 0
A81: CN4ĐĐ7(1KM | B81: CLM (KM) nmắm 40 độ đạm 750ml (12c/th) | C81: Chai | F81: =D81*E81 -> 0
A82: CNM3ĐĐ5( | B82: CLM nmắm 30 độ đạm 500ml (12c/th) | C82: Chai | D82: 720 | E82: 36534.19 | F82: =D82*E82 -> 26304617
A83: CNM4ĐĐ5( | B83: CLM nmắm 40 độ đạm 500ml (12c/th) | C83: Chai | F83: =D83*E83 -> 0
A84: CNMCĐ1 | B84: CLM Nước mắm cao đạm 150ml | C84: Chai | D84: 191 | E84: 15583.64 | F84: =D84*E84 -> 2976475.2
A85: CNMCĐ5 | B85: CLM Nước mắm cao đạm 500ml | C85: Chai | D85: 364 | E85: 43633.64 | F85: =D85*E85 -> 15882645
A86: CNMCĐ5( | B86: CLM Nước mắm cao đạm 500ml (Xuân) | C86: Hộp | D86: 150 | E86: 96963.24 | F86: =D86*E86 -> 14544486
A87: CNMCĐ7( | B87: CLM Nước mắm cao đạm 750ml (Xuân) | C87: Hộp | D87: 79 | E87: 135055.14 | F87: =D87*E87 -> 10669356
A88: CNMCT2 | B88: CLM Nước mắm chay tt 245ml | C88: Chai | D88: 817 | E88: 14717.84 | F88: =D88*E88 -> 12024475
A89: CNMHV4L | B89: CLM Nước mắm Hương Việt 4.9 Lít | C89: Bình | D89: 245 | E89: 49347.43 | F89: =D89*E89 -> 12090120
A90: CNMHV5 | B90: CLM Nước Mắm Hương Việt 500ml hàng onpack chén | C90: Chai | D90: 1734 | E90: 22509.19 | F90: =D90*E90 -> 39030935
A91: CNMHV50 | B91: CLM Nước Mắm Hương Việt 500ml | C91: Chai | F91: =D91*E91 -> 0
A92: CNMHVP7 | B92: CLM Nước Mắm Hương Việt pet 750ml Hàng onpack chén | C92: Chai | D92: 1072 | E92: 32032.16 | F92: =D92*E92 -> 34338476
A93: CNTĐNP1 | B93: CLM Nước tương đậu nành pet 150ml | C93: Chai | D93: 846 | E93: 5886.76 | F93: =D93*E93 -> 4980199
A94: CNTĐNP3 | B94: CLM Nước tương đậu nành pet 300ml | C94: Chai | D94: 4801 | E94: 10388.78 | F94: =D94*E94 -> 49876533
A95: CNTĐNP7 | B95: CLM Nước tương đậu nành pet 700ml | C95: Chai | D95: 339 | E95: 19911.76 | F95: =D95*E95 -> 6750086.6
A96: CNTHV4LB | B96: CLM Nước tương Hương Việt 4.9 lít(3 bình/T) | C96: Bình | F96: =D96*E96 -> 0
A97: CNTHV5 | B97: CLM Nước tương Hảo Vị 500ml hàng onpack chén | C97: Chai | D97: 778 | E97: 13852.02 | F97: =D97*E97 -> 10776872
A98: CNTHVG7 | B98: CLM Nước tương Hảo Vị gói 7ml | C98: Gói | D98: 800 | E98: 345.95 | F98: =D98*E98 -> 276760
A99: CNTTV5TV | B99: CLM Nước tương thanh vị 500ml | C99: Chai | D99: 26074 | E99: 5194.86 | F99: =D99*E99 -> 1.3545078e+08
A100: CỚKSTHT1 | B100: CLM Ớt khô sa tế hũ TT 100g | C100: Chai | D100: 252 | E100: 13852.02 | F100: =D100*E100 -> 3490709
A101: CỚSHT15 | B101: CLM Ớt Sate hũ TT 150g | C101: Hũ | D101: 516 | E101: 14717.84 | F101: =D101*E101 -> 7594405.4
A102: CPGNHHT1.24 | B102: Chí Phí Giao Nhận Hàng Hóa T1/2024 | C102: Tiền | F102: =D102*E102 -> 0
...

Sheet ĐC TH
A1: HÀNG TỒN KHO 31/12/2023 ĐÃ ĐIỀU CHỈNH GIÁ
C2: Tồn Đầu Kỳ | E2: Nhập | G2: Xuất | I2: Tồn cuối kỳ
A3: Tên Hàng | B3: Tháng | C3: Số Lượng | D3: T,Tiền | E3: Số Lượng | F3: T.Tiền | G3: Số Lượng | H3: T. Tiền | I3: Số Lượng | J3: Số ĐV | K3: T.Tiền | L3: Đơn Giá
A4: Cá viên Funny 500g | B4: 12 | C4: 226 | D4: 6255676 | E4: 100 | F4: 2774400 | G4: 100 | H4: =D4+F4-K4 -> 2769962 | I4: 226 | K4: 6260114 | L4: =K4/I4 -> 27699.619
A5: AL Anlene Concentrate Choco 4x125ml | B5: 12 | C5: 0 | D5: 0 | E5: 60 | F5: 1188660 | G5: 60 | H5: =D5+F5-K5 -> 1188660 | I5: 0 | K5: 0
A6: AL Anlene Concentrate Vanilla 4x125ml | B6: 12 | C6: 587 | D6: 19248466 | E6: 0 | F6: 0 | G6: 338 | H6: =D6+F6-K6 -> 14931342 | I6: 249 | K6: 4317124 | L6: =K6/I6 -> 17337.847
A7: AL Anlene Gold Vanilla Movepro 1Kg | B7: 12 | C7: 120 | D7: 35752144 | E7: 0 | F7: 0 | G7: 120 | H7: =D7+F7-K7 -> 35752144 | I7: 0 | K7: 0
A8: AL Anlene Gold Vanilla Movepro 400g | B8: 12 | C8: 504 | D8: 68557545 | E8: 0 | F8: 0 | G8: 134 | H8: =D8+F8-K8 -> 37679444 | I8: 370 | K8: 30878101 | L8: =K8/I8 -> 83454.327
A9: AL Anlene Gold Vanilla Movepro 440g | B9: 12 | C9: 344 | D9: 53839916 | E9: 0 | F9: 0 | G9: 34 | H9: =D9+F9-K9 -> 30363208 | I9: 310 | K9: 23476708 | L9: =K9/I9 -> 75731.316
A10: AL Anlene Gold Vanilla Movepro 800g | B10: 12 | C10: 153 | D10: 36613751 | E10: 0 | F10: 0 | G10: 153 | H10: =D10+F10-K10 -> 36613751 | I10: 0 | K10: 0
A11: AL Anlene Movepro UHT 180ml - Có đường | B11: 12 | C11: 554 | D11: 12063982 | E11: 0 | F11: 0 | G11: 344 | H11: =D11+F11-K11 -> 9537950 | I11: 210 | K11: 2526032 | L11: =K11/I11 -> 12028.724
A12: AL Anlene Movepro UHT 180ml - Không béo | B12: 12 | C12: 180 | D12: 3904035 | E12: 0 | F12: 0 | G12: 40 | H12: =D12+F12-K12 -> 2212287 | I12: 140 | K12: 1691748 | L12: =K12/I12 -> 12083.914
A13: AL Anlene Vanilla Movepro 440g | B13: 12 | C13: 295 | D13: 31404753 | E13: 0 | F13: 0 | G13: 277 | H13: =D13+F13-K13 -> 29488531 | I13: 18 | K13: 1916222 | L13: =K13/I13 -> 106456.78
A14: AL Anlene Vanilla Movepro 800g | B14: 12 | C14: 170 | D14: 40681945 | E14: 0 | F14: 0 | G14: 88 | H14: =D14+F14-K14 -> 29195278 | I14: 82 | K14: 11486667 | L14: =K14/I14 -> 140081.3
A15: AL Anlene Vanilla Movepro Sachet 20gx3 | B15: 12 | C15: 18 | D15: 407934 | E15: 0 | F15: 0 | G15: 18 | H15: =D15+F15-K15 -> 407934 | I15: 0 | K15: 0
A16: AL Anmum Concentrate Choco 4x125ml | B16: 12 | C16: 0 | D16: 0 | E16: 3 | F16: 57891 | G16: 3 | H16: =D16+F16-K16 -> 57891 | I16: 0 | K16: 0
A17: AL Anmum Concentrate Vanilla 4x125ml | B17: 12 | C17: 0 | D17: 0 | E17: 12 | F17: 231564 | G17: 12 | H17: =D17+F17-K17 -> 231564 | I17: 0 | K17: 0
A18: Bánh bao chay 300gr | B18: 12 | C18: 72 | D18: 1533524 | E18: 35 | F18: 745360 | G18: 67 | H18: =D18+F18-K18 -> 1490606 | I18: 40 | K18: 788278 | L18: =K18/I18 -> 19706.95
A19: Bánh bao nhân thịt 400gr | B19: 12 | C19: 96 | D19: 2486575 | E19: 51 | F19: 1322226 | G19: 4 | H19: =D19+F19-K19 -> 388653 | I19: 143 | K19: 3420148 | L19: =K19/I19 -> 23917.119
A20: Bánh bao nhân xá xíu 280g | B20: 12 | C20: 67 | D20: 2083589 | E20: 0 | F20: 0 | G20: 1 | H20: =D20+F20-K20 -> 155492 | I20: 66 | K20: 1928097 | L20: =K20/I20 -> 29213.591
A21: Bánh kem xốp phô mai – Richeese Nabati Cheese Cream Wafer 6g | B21: 12 | C21: 650 | D21: 74700000 | E21: 160 | F21: 18432000 | G21: 0 | H21: =D21+F21-K21 -> 0 | I21: 810 | K21: 93132000 | L21: =K21/I21 -> 114977.78
A22: Bánh Kem Xốp Phủ Sô Cô La - Nabati Richoco Time Break 48g | B22: 12 | C22: 280 | D22: 74052080 | E22: 0 | F22: 0 | G22: 0 | H22: =D22+F22-K22 -> 0 | I22: 280 | K22: 74052080 | L22: =K22/I22 -> 264471.71
A23: Bánh kem xốp sữa chua hương phúc bồn tử- Nabati Richberry 110g | B23: 12 | C23: 102 | D23: 19779439 | E23: 0 | F23: 0 | G23: 100 | H23: =D23+F23-K23 -> 19391607 | I23: 2 | K23: 387832 | L23: =K23/I23 -> 193916
A24: Bánh ống lớn nhân phô mai - Nabati Cheese Wafer Stick- Big rolls cheese 14g | B24: 12 | C24: 0 | D24: 0 | E24: 50 | F24: 8509100 | G24: 0 | H24: =D24+F24-K24 -> 0 | I24: 50 | K24: 8509100 | L24: =K24/I24 -> 170182
A25: Bánh Quy Nhân Kem Hương Vani - Nabati Cookies & Cream - Sandwich Cookies with Vanilla Flavour Cream 16g | B25: 12 | C25: 137 | D25: 22821826 | E25: 0 | F25: 0 | G25: 20 | H25: =D25+F25-K25 -> 3331653 | I25: 117 | K25: 19490173 | L25: =K25/I25 -> 166582.68
A26: Bánh quy nhân kem hương Vani - Nabati Cookies & Cream 112g | B26: 12 | C26: 106 | D26: 16323470 | E26: 45 | F26: 10556505 | G26: 58 | H26: =D26+F26-K26 -> 4984366 | I26: 93 | K26: 21895609 | L26: =K26/I26 -> 235436.66
A27: Bánh Quy Nhân Phô Mai - Nabati Richeese Cookies 112g | B27: 12 | C27: 94 | D27: 17372116 | E27: 40 | F27: 9383560 | G27: 63 | H27: =D27+F27-K27 -> 9983461 | I27: 71 | K27: 16772215 | L27: =K27/I27 -> 236228.38
A28: Bánh sôcôla (dạng xốp) – Richoco Nabati Chocolate Cream Wafer 6g | B28: 12 | C28: 351 | D28: 40194000 | E28: 0 | F28: 0 | G28: 0 | H28: =D28+F28-K28 -> 0 | I28: 351 | K28: 40194000 | L28: =K28/I28 -> 114512.82
A29: Bánh xếp kiểu nhật mini 360g | B29: 12 | C29: 40 | D29: 1818200 | E29: 0 | F29: 0 | G29: 0 | H29: =D29+F29-K29 -> 0 | I29: 40 | K29: 1818200 | L29: =K29/I29 -> 45455
A30: BEL Phô mai CBC 16M | B30: 12 | C30: 833 | D30: 46378988 | E30: 4571 | F30: 254508576 | G30: 5404 | H30: =D30+F30-K30 -> 300887564 | I30: 0 | K30: 0 | M30: BEL Phô mai CBC 16M 240g Tết | N30: Hộp | O30: 729
A31: BEL Phô mai CBC 8M | B31: 12 | C31: 273867 | D31: 255643095 | E31: 8568 | F31: 267390144 | G31: 274625 | H31: =D31+F31-K31 -> 279311599 | I31: 7810 | K31: 243721640 | L31: =K31/I31 -> 31206.356 | M31: BEL pho mai CBC 24m HRC6 | N31: Hộp | O31: 120
A32: BEL Pho mai Cube vị sữa 78g | B32: 12 | C32: 25915 | D32: 50321430 | E32: 1500 | F32: 54276000 | G32: 26863 | H32: =D32+F32-K32 -> 84634375 | I32: 552 | K32: 19963055 | L32: =K32/I32 -> 36164.955 | M32: BEL Phô mai CBC 8M 120g Tết | N32: Hộp | O32: 3377
A33: BEL Phô mai vuông LeCube Tổ yến 78g | B33: 12 | C33: 2430 | D33: 87927120 | E33: 0 | F33: 0 | G33: 0 | H33: =D33+F33-K33 -> 0 | I33: 2430 | K33: 87927120 | L33: =K33/I33 -> 36184 | M33: BEL PM Lát CBC Burger 200gx32 | N33: Gói | O33: 130
A34: BEL Phomai Cube Country (truyền thống ) 78g | B34: 12 | C34: 0 | D34: 189538 | E34: 0 | F34: 0 | G34: 0 | H34: =D34+F34-K34 -> 0 | I34: 0 | K34: 189538 | M34: BEL PM vuông Belcube vị ngọt Dâu 78g | N34: Gói | O34: 750
A35: BEL PM Lát CBC Burger 200gx32 | B35: 12 | C35: 160 | D35: 8538638 | E35: 0 | F35: 0 | G35: 26 | H35: =D35+F35-K35 -> 1526583 | I35: 134 | K35: 7012055 | L35: =K35/I35 -> 52328.769 | M35: BEL PM vuông Belcube vị ngọt Socola 78g | N35: Gói | O35: 245
A36: BEL PM Vuông LeCube 9C/ 47G (12/LỐ ) | B36: 12 | C36: 0 | D36: 0 | E36: 0 | F36: 0 | G36: 0 | H36: =D36+F36-K36 -> 0 | I36: 0 | K36: 0 | M36: BEL PM vuông Belcube vị ngọt Vani 78g | N36: Gói | O36: 125
A37: BEL PM vuông Belcube vị ngọt Dâu 78g | B37: 12 | C37: 9485 | D37: 33640650 | E37: 1050 | F37: 37993200 | G37: 9635 | H37: =D37+F37-K37 -> 39077621 | I37: 900 | K37: 32556229 | L37: =K37/I37 -> 36173.588 | M37: BEL PM vuông Belcube vị sữa 125g | N37: Gói | O37: 399
A38: BEL PM vuông Belcube vị ngọt Socola 78g | B38: 12 | C38: 320 | D38: 11571799 | E38: 405 | F38: 14654520 | G38: 630 | H38: =D38+F38-K38 -> 22789767 | I38: 95 | K38: 3436552 | L38: =K38/I38 -> 36174.232 | M38: BEL PM vuông Belcube vị sữa 78g | N38: Gói | O38: 486
A39: BEL PM vuông Belcube vị ngọt Vani 78g | B39: 12 | C39: 270 | D39: 9896208 | E39: 120 | F39: 4342080 | G39: 319 | H39: =D39+F39-K39 -> 11669303 | I39: 71 | K39: 2568985 | L39: =K39/I39 -> 36182.887 | M39: BEL PM vuông Belcube vị Việt Quất 78g | N39: Gói | O39: 558
A40: Bột canh nấm bào ngư 180g | B40: 12 | C40: 1500 | D40: 7597338 | E40: 250 | F40: 1273250 | G40: 691 | H40: =D40+F40-K40 -> 3827026 | I40: 1059 | K40: 5043562 | L40: =K40/I40 -> 4762.5703 | M40: 1070
A41: Cá Saba xốt Siracha 185g | B41: 12 | C41: 192 | D41: 4111968 | E41: 48 | F41: 933312 | G41: 0 | H41: =D41+F41-K41 -> 0 | I41: 240 | K41: 5045280 | L41: =K41/I41 -> 21022
A42: CLM Gia vị kho cá 50g | B42: 12 | C42: 4020 | D42: 19708744 | E42: 3360 | F42: 16487520 | G42: 5702 | H42: =D42+F42-K42 -> 28495976 | I42: 1678 | K42: 7700288 | L42: =K42/I42 -> 4588.9678
A43: CLM Bột canh 180g | B43: 12 | C43: 750 | D43: 2517000 | E43: 0 | F43: 0 | G43: 23 | H43: =D43+F43-K43 -> 0 | I43: 727 | K43: 2517000 | L43: =K43/I43 -> 3462.1733
A44: CLM Bột canh nấm hương 180g | B44: 12 | C44: 1350 | D44: 5561964 | E44: 200 | F44: 833400 | G44: 780 | H44: =D44+F44-K44 -> 3218313 | I44: 770 | K44: 3177051 | L44: =K44/I44 -> 4126.0403
A45: CLM Cá Ngừ ngâm dầu 185g | B45: 12 | C45: 1676 | D45: 38641471 | E45: 288 | F45: 6666624 | G45: 143 | H45: =D45+F45-K45 -> 5905739 | I45: 1821 | K45: 39402356 | L45: =K45/I45 -> 21637.757
A46: CLM cá xốt cà KOS 155g ( cá saba sốt cải) | B46: 12 | C46: 0 | D46: 0 | E46: 3600 | F46: 38332800 | G46: 10 | H46: =D46+F46-K46 -> 106480 | I46: 3590 | K46: 38226320 | L46: =K46/I46 -> 10648
A47: CLM Dầu dấm trộn salad pet 270g | B47: 12 | C47: 4478 | D47: 65694476 | E47: 9176 | F47: 133335000 | G47: 7664 | H47: =D47+F47-K47 -> 116059227 | I47: 5990 | K47: 82970249 | L47: =K47/I47 -> 13851.461
A48: CLM Dầu hào 2,25kg | B48: 12 | C48: 162 | D48: 14271796 | E48: 119 | F48: 9838718.9 | G48: 6 | H48: =D48+F48-K48 -> 1348613.9 | I48: 275 | K48: 22761901 | L48: =K48/I48 -> 82770.549
A49: CLM Dầu hào chay pet 170g | B49: 12 | C49: 864 | D49: 8294400 | E49: 263 | F49: 9.2079214e+09 | G49: 0 | H49: =D49+F49-K49 -> 9.2060724e+09 | I49: 1127 | K49: 10143360 | L49: =K49/I49 -> 9000.3194
A50: CLM Dầu hào chay pet 350g | B50: 12 | C50: 758 | D50: 13116517 | E50: 168 | F50: 2955624 | G50: 118 | H50: =D50+F50-K50 -> 2777044 | I50: 808 | K50: 13295097 | L50: =K50/I50 -> 16454.328
A51: CLM Dầu hào pet 170g | B51: 12 | C51: 3660 | D51: 31105758 | E51: 816 | F51: 7026576 | G51: 1416 | H51: =D51+F51-K51 -> 13494553 | I51: 3060 | K51: 24637781 | L51: =K51/I51 -> 8051.5624
A52: CLM Dầu hào pet 350gr | B52: 12 | C52: 4076 | D52: 66900098 | E52: 2466 | F52: 30000600 | G52: 3835 | H52: =D52+F52-K52 -> 54715863 | I52: 2707 | K52: 42184835 | L52: =K52/I52 -> 15583.611
A53: CLM Dầu hào pet 820g | B53: 12 | C53: 3051 | D53: 99561656 | E53: 1476 | F53: 51966396 | G53: 2861 | H53: =D53+F53-K53 -> 96734277 | I53: 1666 | K53: 54793775 | L53: =K53/I53 -> 32889.421
A54: CLM Gia vị kho cá gói 50g | B54: 12 | C54: 0 | D54: 0 | E54: 0 | F54: 0 | G54: 0 | H54: =D54+F54-K54 -> 0 | I54: 0 | K54: 0
A55: CLM Gia vị kho thịt 50g | B55: 12 | C55: 4034 | D55: 19765883 | E55: 4080 | F55: 20020560 | G55: 6143 | H55: =D55+F55-K55 -> 30744515 | I55: 1971 | K55: 9041928 | L55: =K55/I55 -> 4587.4825
A56: CLM Gia vị kho thịt gói 50g | B56: 12 | C56: 0 | D56: 0 | E56: 0 | F56: 0 | G56: 0 | H56: =D56+F56-K56 -> 0 | I56: 0 | K56: 0
A57: CLM Hộp quà Gia vị Tết 2024 | B57: 12 | C57: 25 | D57: 4861100 | E57: 0 | F57: 0 | G57: 0 | H57: =D57+F57-K57 -> 0 | I57: 25 | K57: 4861100 | L57: =K57/I57 -> 194444
A58: CLM Hộp quà Như Ý | B58: 12 | C58: 7 | D58: 1328705 | E58: 0 | F58: 0 | G58: 0 | H58: =D58+F58-K58 -> 0 | I58: 7 | K58: 1328705 | L58: =K58/I58 -> 189815
A59: CLM Lẩu chua hải sản TT200g | B59: 12 | C59: 3640 | D59: 56770482 | E59: 4421 | F59: 68567796 | G59: 6562 | H59: =D59+F59-K59 -> 103274636 | I59: 1499 | K59: 22063642 | L59: =K59/I59 -> 14718.907
A60: CLM Nước mắm cao đạm 150ml | B60: 12 | C60: 170 | D60: 1385264 | E60: 24 | F60: 400008 | G60: 81 | H60: =D60+F60-K60 -> 27607 | I60: 113 | K60: 1757665 | L60: =K60/I60 -> 15554.558
A61: CLM Nước mắm cao đạm 500ml | B61: 12 | C61: 384 | D61: 17725913 | E61: 0 | F61: 0 | H61: =D61+F61-K61 -> 923225 | I61: 384 | K61: 16802688 | L61: =K61/I61 -> 43757
A62: CLM Nước mắm cao đạm 500ml (Xuân) | B62: 12 | C62: 156 | D62: 16177824 | E62: 0 | F62: 0 | H62: =D62+F62-K62 -> 622224 | I62: 156 | K62: 15555600 | L62: =K62/I62 -> 99715.385
A63: CLM Nước mắm cao đạm 750ml (Xuân) | B63: 12 | C63: 84 | D63: 12133296 | F63: 0 | H63: =D63+F63-K63 -> 0 | I63: 84 | K63: 12133296 | L63: =K63/I63 -> 144444
A64: CLM Nước mắm chay tt 245ml | B64: 12 | C64: 1608 | D64: 25016122 | E64: 552 | F64: 8689032 | G64: 1294 | H64: =D64+F64-K64 -> 20956492 | I64: 866 | K64: 12748662 | L64: =K64/I64 -> 14721.319
A65: CLM Nước Mắm Hương Việt 500ml hàng onpack chén | B65: 12 | C65: 3852 | D65: 90280472 | E65: 648 | F65: 15599952 | G65: 2687 | H65: =D65+F65-K65 -> 65081167 | I65: 1813 | K65: 40799257 | L65: =K65/I65 -> 22503.727
A66: CLM Nước Mắm Hương Việt pet 750ml Hàng onpack chén | B66: 12 | C66: 4218 | D66: 143970514 | E66: 1800 | F66: 61666200 | G66: 4874 | H66: =D66+F66-K66 -> 169006179 | I66: 1144 | K66: 36630535 | L66: =K66/I66 -> 32019.698
A67: CLM Nước tương Hảo Vị 500ml | B67: 12 | C67: 5136 | D67: 75745997 | E67: 1752 | F67: 25955880 | G67: 6059 | H67: =D67+F67-K67 -> 90214644 | I67: 829 | K67: 11487233 | L67: =K67/I67 -> 13856.735
A68: CLM Nước tương Hảo Vị gói 7ml | B68: 12 | C68: 10400 | D68: 3813333 | E68: 0 | F68: 0 | G68: 9600 | H68: =D68+F68-K68 -> 3520000 | I68: 800 | K68: 293333 | L68: =K68/I68 -> 366.66625
A69: CLM Nước tương Hương Việt 4.9 lít(3 bình/T) | B69: 12 | C69: 168 | D69: 9544198 | E69: 279 | F69: 4275018 | G69: 171 | H69: =D69+F69-K69 -> 221995 | I69: 276 | K69: 13597221 | L69: =K69/I69 -> 49265.293
A70: CLM Nước tương đậu nành pet 150ml | B70: 12 | C70: 1092 | D70: 6735333 | E70: 0 | F70: 0 | G70: 206 | H70: =D70+F70-K70 -> 1517300 | I70: 886 | K70: 5218033 | L70: =K70/I70 -> 5889.4278
A71: CLM Nước tương đậu nành pet 300ml | B71: 12 | C71: 7371 | D71: 66190155 | E71: 1920 | F71: 21333120 | G71: 4938 | H71: =D71+F71-K71 -> 42296793 | I71: 4353 | K71: 45226482 | L71: =K71/I71 -> 10389.727
A72: CLM Nước tương đậu nành pet 700ml | B72: 12 | C72: 1912 | D72: 38449684 | E72: 1560 | F72: 33221760 | G72: 3121 | H72: =D72+F72-K72 -> 64673570 | I72: 351 | K72: 6997874 | L72: =K72/I72 -> 19936.963
A73: CLM Ớt khô sa tế hũ TT 100g | B73: 12 | C73: 180 | D73: 2602954 | E73: 85 | F73: 1177052.4 | G73: 0 | H73: =D73+F73-K73 -> 110372.42 | I73: 265 | K73: 3669634 | L73: =K73/I73 -> 13847.675
A74: CLM Ớt Sate hũ TT 150g | B74: 12 | C74: 2052 | D74: 31426776 | E74: 504 | F74: 7933464 | G74: 2016 | H74: =D74+F74-K74 -> 31414276 | I74: 540 | K74: 7945964 | L74: =K74/I74 -> 14714.748
A75: CLM Sa tế chay pet 90gr | B75: 12 | C75: 5760 | D75: 42106565 | E75: 1368 | F75: 10132776 | G75: 4986 | H75: =D75+F75-K75 -> 37405948 | I75: 2142 | K75: 14833393 | L75: =K75/I75 -> 6925.0201
... A101: CLM Tương đen phở 230g | B101: 12 | C101: 46476 | D101: 335124139 | E101: 977 | F101: 44416165 | G101: 45413 | H101: =D101+F101-K101 -> 2.8679826e+08 | I101: 2040 | K101: 92742043 | L101: =K101/I101 -> 45461.786
A102: CLM Tương đen phở 520g | B102: 12 | C102: 48 | D102: 2333328 | E102: 202 | F102: 1458330 | H102: =D102+F102-K102 -> 0 | I102: 250 | K102: 3791658 | L102: =K102/I102 -> 15166.632
A103: CLM Xốt ướp xá xíu TT 200G | B103: 12 | C103: 864 | D103: 15351650 | E103: 684 | F103: 12350304 | G103: 1103 | H103: =D103+F103-K103 -> 20185920 | I103: 445 | K103: 7516034 | L103: =K103/I103 -> 16889.964
A104: CLM Xốt bò kho gói 90g | B104: 12 | C104: 7094 | D104: 57800393 | E104: 7800 | F104: 63554400 | G104: 13333 | H104: =D104+F104-K104 -> 109458862 | I104: 1561 | K104: 11895931 | L104: =K104/I104 -> 7620.7117
A105: CLM Xốt bún bò gói 90g | B105: 12 | C105: 2500 | D105: 20355350 | E105: 1320 | F105: 10755360 | G105: 2890 | H105: =D105+F105-K105 -> 24025287 | I105: 930 | K105: 7085423 | L105: =K105/I105 -> 7618.7344
A106: CLM Xốt cá chiên PET 280g | B106: 12 | C106: 240 | D106: 3935440 | E106: 90 | F106: 1200024 | H106: =D106+F106-K106 -> 0 | I106: 330 | K106: 5135464 | L106: =K106/I106 -> 15562.012
A107: CLM Xốt cà chua KetChup TT 330g | B107: 12 | C107: 192 | D107: 3650221 | E107: 83 | F107: 1342579 | G107: 0 | H107: =D107+F107-K107 -> 0 | I107: 275 | K107: 4992800 | L107: =K107/I107 -> 18155.636
A108: CLM Xốt gà chiên nước mắm 90g | B108: 12 | C108: 4325 | D108: 27997920 | E108: 2412 | F108: 15554400 | G108: 4660 | H108: =D108+F108-K108 -> 30965654 | I108: 2077 | K108: 12586666 | L108: =K108/I108 -> 6060.0221
A109: CLM Xốt lẩu kim chi pet 280g | B109: 12 | C109: 4565 | D109: 92887200 | E109: 0 | F109: 0 | G109: 2461 | H109: =D109+F109-K109 -> 52822600 | I109: 2104 | K109: 40064600 | L109: =K109/I109 -> 19042.11
A110: CLM Xốt lẩu nấm pet 270g | B110: 12 | C110: 336 | D110: 5841722 | E110: 312 | F110: 5489016 | G110: 148 | H110: =D110+F110-K110 -> 3112456 | I110: 500 | K110: 8218282 | L110: =K110/I110 -> 16436.564
A111: CLM Xốt Lẩu Thái pet 890g | B111: 12 | C111: 612 | D111: 25119032 | E111: 829 | F111: 3500028 | G111: 612 | H111: =D111+F111-K111 -> 16776690 | I111: 829 | K111: 11842370 | L111: =K111/I111 -> 14285.127
A112: CLM Xốt mì Ý bò bằm 140g | B112: 12 | C112: 320 | D112: 7371274 | E112: 160 | F112: 3703680 | G112: 203 | H112: =D112+F112-K112 -> 5076021 | I112: 277 | K112: 5998933 | L112: =K112/I112 -> 21656.798
A113: CLM Xốt mì Ý cà chua 140g | B113: 12 | C113: 120 | D113: 2654520 | E113: 80 | F113: 1777760 | G113: 115 | H113: =D113+F113-K113 -> 2659368 | I113: 85 | K113: 1772912 | L113: =K113/I113 -> 20857.788
A114: CLM Xốt rang me pet 280g | B114: 12 | C114: 2652 | D114: 31770271 | E114: 3648 | F114: 43333200 | G114: 3192 | H114: =D114+F114-K114 -> 40126712 | I114: 3108 | K114: 34976759 | L114: =K114/I114 -> 11253.783
A115: CLM Xốt sườn xào chua ngọt 90g | B115: 12 | C115: 4685 | D115: 40734720 | E115: 2400 | F115: 20889600 | G115: 6911 | H115: =D115+F115-K115 -> 60206569 | I115: 174 | K115: 1417751 | L115: =K115/I115 -> 8147.9943
A116: CLM Xốt ướp thịt HQ 190g vị truyền thống | B116: 12 | C116: 216 | D116: 3755160 | E116: 36 | F116: 666684 | G116: 120 | H116: =D116+F116-K116 -> 2105640 | I116: 132 | K116: 2316204 | L116: =K116/I116 -> 17547
A117: CLM Xốt ướp thịt HQ vị cay 190g | B117: 12 | C117: 72 | D117: 1333368 | E117: 36 | F117: 666684 | G117: 100 | H117: =D117+F117-K117 -> 1851900 | I117: 8 | K117: 148152 | L117: =K117/I117 -> 18519
A118: CLM Xốt ướp thịt nướng 600g | B118: 12 | C118: 944 | D118: 42152428 | E118: 840 | F118: 37721880 | G118: 1097 | H118: =D118+F118-K118 -> 51040757 | I118: 687 | K118: 28833551 | L118: =K118/I118 -> 41970.234
... A135: NBT Bánh KXPM Richeese Nabati Cheese Cream Wafer 110g Tết | B135: 12 | C135: 1150 | D135: 211217050 | E135: 0 | F135: 0 | G135: 0 | H135: =D135+F135-K135 -> 0 | I135: 1150 | K135: 211217050 | L135: =K135/I135 -> 183667
A136: NBT Bánh KXPM Richeese Nabati Cheese Wafer 120g | B136: 12 | C136: 0 | D136: 0 | E136: 0 | F136: 0 | G136: 0 | H136: =D136+F136-K136 -> 0 | I136: 0 | K136: 0
A137: NBT Bánh KXPM Richeese Nabati Cheese Wafer 15g | B137: 12 | C137: 898 | D137: 164227145 | E137: 455 | F137: 83865600 | G137: 770 | H137: =D137+F137-K137 -> 141190993 | I137: 583 | K137: 106901752 | L137: =K137/I137 -> 183364.93
A138: NBT Bánh KXPM Richeese Nabati Cheese Wafer 16g | B138: 12 | C138: 13 | D138: 2323520 | E138: 67 | F138: 11975065 | G138: 80 | H138: =D138+F138-K138 -> 14298585 | I138: 0 | K138: 0
A139: NBT Bánh KXPM Richeese Nabati Cheese Wafer 17g | B139: 12 | C139: 427 | D139: 83128984 | E139: 690 | F139: 132239190 | G139: 991 | H139: =D139+F139-K139 -> 191147067 | I139: 126 | K139: 24221107 | L139: =K139/I139 -> 192231.01
A140: NBT Bánh KXPM Richeese Nabati Cheese Wafer 50g | B140: 12 | C140: 888 | D140: 82354219 | E140: 7974 | F140: 36748470 | G140: 988 | H140: =D140+F140-K140 -> 82815073 | I140: 7874 | K140: 36287616 | L140: =K140/I140 -> 4608.5364
A141: NBT Bánh KXPM Richeese Nabati Cheese Wafer 7.5g | B141: 12 | C141: 0 | D141: 190478.49 | F141: 7004.2614 | G141: 0 | H141: =D141+F141-K141 -> 197482.75 | I141: 0 | K141: 0
...

Sheet CHỈN LẦN 3
A2: XUẤT NHẬP TỒN THÁNG 12 NĂM 2023
D4: TỒN ĐẦU KỲ | F4: NHẬP TRONG KỲ | H4: XUẤT TRONG KỲ | J4: TỒN CUỐI KỲ
A5: MHH | B5: TÊN HÀNG HOÁ | C5: dvt | D5: SL | E5: T.TIỀN | F5: SL | G5: T.TIỀN | H5: SL | I5: T.TIỀN | J5: SỐ LƯỢNG | K5: Gía vốn | L5: Trị giá kho
A6: VB2L(IH1 | B6: VS Bò 2 lát (Lon in) hộp 170g | C6: Hộp | L6: =J6*K6 -> 0
A7: AACC4 | B7: AL Anmum Concentrate Choco 4x125ml | C7: Lốc | L7: =J7*K7 -> 0
A8: AACCC4 | B8: AL Anlene Concentrate Choco 4x125ml | C8: Lốc | L8: =J8*K8 -> 0
A9: AACV4 | B9: AL Anlene Concentrate Vanilla 4x125ml | C9: Lốc | D9: 587 | E9: 19248466 | F9: 0 | G9: 0 | H9: 338 | I9: =E9+G9-K9 -> 19231099 | J9: 132 | K9: 17367.3 | L9: =J9*K9 -> 2292483.6
A10: AACV4S | B10: AL Anmum Concentrate Vanilla 4x125ml | C10: Lốc | L10: =J10*K10 -> 0
A11: AAGVM1 | B11: AL Anlene Gold Vanilla Movepro 1Kg | C11: Hộp | L11: =J11*K11 -> 0
A12: AAGVM4 | B12: AL Anlene Gold Vanilla Movepro 400g | C12: Lon | D12: 504 | E12: 68557545 | F12: 0 | G12: 0 | H12: 134 | I12: =E12+G12-K12 -> 68474045 | J12: 227 | K12: 83500.2 | L12: =J12*K12 -> 18954545
A13: AAGVM4G | B13: AL Anlene Gold Vanilla Movepro 440g | C13: Hộp | D13: 344 | E13: 53839916 | F13: 0 | G13: 0 | H13: 34 | I13: =E13+G13-K13 -> 53764215 | J13: 150 | K13: 75700.8 | L13: =J13*K13 -> 11355120
A14: AAGVM8 | B14: AL Anlene Gold Vanilla Movepro 800g | C14: Lon | J14: 0 | L14: =J14*K14 -> 0
A15: AAMC4 | B15: AL Anmum Materna Choco 400g | C15: Lon | L15: =J15*K15 -> 0
A16: AAMC8 | B16: AL Anmum Materna Choco 800g | C16: Lon | L16: =J16*K16 -> 0
A17: AAMU1-CĐ | B17: AL Anlene Movepro UHT 180ml - Có đường | C17: Lốc | D17: 554 | E17: 12063982 | F17: 0 | G17: 0 | H17: 344 | I17: =E17+G17-K17 -> 12051941 | J17: 116 | K17: 12041.1 | L17: =J17*K17 -> 1396767.6
A18: AAMU1-KB | B18: AL Anlene Movepro UHT 180ml - Không béo | C18: Lốc | D18: 180 | E18: 3904035 | F18: 0 | G18: 0 | H18: 40 | I18: =E18+G18-K18 -> 3891993.9 | J18: 78 | K18: 12041.1 | L18: =J18*K18 -> 939205.8
A19: AAMV4 | B19: AL Anmum Materna Vanilla 400g | C19: Lon | L19: =J19*K19 -> 0
A20: AAVM4 | B20: AL Anlene Vanilla Movepro 440g | C20: Hộp | L20: =J20*K20 -> 0
A21: AAVM8 | B21: AL Anlene Vanilla Movepro 800g | C21: Lon | D21: 170 | E21: 40681945 | F21: 0 | G21: 0 | H21: 88 | I21: =E21+G21-K21 -> 40542702 | J21: 48 | K21: 139243.5 | L21: =J21*K21 -> 6683688
A22: AAVMS2 | B22: AL Anlene Vanilla Movepro Sachet 20gx3 | C22: Hộp | L22: =J22*K22 -> 0
A23: BBQNPC3 | B23: BEL Bánh que nhúng PM C.DIPPERS 30gx48 | C23: Gói | L23: =J23*K23 -> 0
A24: BPBCC13 | B24: BEL Phomai Bánh Chấm C.Dippers1D 35g | C24: Gói | L24: =J24*K24 -> 0
A25: BPKSK1X6 | B25: BEL PM kem sữa Kiri 108G x 60 | C25: Hộp | L25: =J25*K25 -> 0
A26: BPMBC1M | B26: BEL Phô mai CBC 16M | C26: Hộp | D26: 833 | E26: 46378988 | F26: 4571 | G26: 254508576 | H26: 5404 | I26: =E26+G26-K26 -> 300821345 | J26: 3840 | K26: 66219 | L26: =J26*K26 -> 254280960
A27: BPMBC4M | B27: BEL Phô mai CBC 4M | C27: Hộp | L27: =J27*K27 -> 0
A28: BPMBC8M | B28: BEL Phô mai CBC 8M | C28: Hộp | D28: 273867 | E28: 255643095 | F28: 8568 | G28: 267390144 | H28: 274625 | I28: =E28+G28-K28 -> 523002031 | J28: 5200 | K28: 31208 | L28: =J28*K28 -> 162281600
A29: BPMC12T | B29: BEL Phô mai CBC 16M 240g Tết | C29: Hộp | L29: =J29*K29 -> 0
A30: BPMC2 | B30: BEL Phô mai CBC 24M | C30: Hộp | L30: =J30*K30 -> 0
A31: BPMC2H | B31: BEL pho mai CBC 24m HRC6 | C31: Hộp | L31: =J31*K31 -> 0
A32: BPMC81T | B32: BEL Phô mai CBC 8M 120g Tết | C32: Hộp | L32: =J32*K32 -> 0
A33: BPMCVS1 | B33: BEL PM vuông Belcube vị sữa 125g | C33: Gói | J33: 306 | K33: 51389 | L33: =J33*K33 -> 15725034
A34: BPMCVS7 | B34: BEL PM vuông Belcube vị sữa 78g | C34: Gói | D34: 25915 | E34: 50321430 | F34: 1500 | G34: 54276000 | H34: 26863 | I34: =E34+G34-K34 -> 104561246 | J34: 2000 | K34: 36184 | L34: =J34*K34 -> 72368000
A35: BPMLB2 | B35: BEL PM Lát CBC Burger 200gx32 | C35: Gói | D35: 160 | E35: 8538638 | F35: 0 | G35: 0 | H35: 26 | I35: =E35+G35-K35 -> 8486153 | J35: 130 | K35: 52485 | L35: =J35*K35 -> 6823050
A36: BPMLSC2 | B36: BEL PM Lát Sandwich cheddar 200g | C36: Gói | L36: =J36*K36 -> 0
A37: BPTTVH7 | B37: BEL Phomai Cube Country (truyền thống ) 78g | C37: Hộp | L37: =J37*K37 -> 0
A38: BXPMC1 | B38: BEL Xốt PM CBC 15Gx10x12 | C38: Dây | L38: =J38*K38 -> 0
A39: CBBNXX2 | B39: CLM ĐL Bánh bao nhân xá xíu 280g | C39: Gói | J39: 62 | K39: 29119.92 | L39: =J39*K39 -> 1805435
A40: CBC1 | B40: CLM Bột canh 180g | C40: Gói | D40: 750 | E40: 2517000 | F40: 0 | G40: 0 | H40: 23 | I40: =E40+G40-K40 -> 2513536.8 | J40: 750 | K40: 3463.24 | L40: =J40*K40 -> 2597430
A41: CBCNBN1 | B41: CLM Bột canh nấm bào ngư 180g | C41: Gói | D41: 1500 | E41: 7597338 | F41: 250 | G41: 1273250 | H41: 691 | I41: =E41+G41-K41 -> 8865826 | J41: 995 | K41: 4761.96 | L41: =J41*K41 -> 4738150.2
A42: CBCNH1 | B42: CLM Bột canh nấm hương 180g | C42: Gói | D42: 1350 | E42: 5561964 | F42: 200 | G42: 833400 | H42: 780 | I42: =E42+G42-K42 -> 6391467.9 | J42: 770 | K42: 3896.14 | L42: =J42*K42 -> 3000027.8
A43: CCNND1 | B43: CLM Cá Ngừ ngâm dầu 185g | C43: Hộp | D43: 1676 | E43: 38641471 | F43: 288 | G43: 6666624 | H43: 143 | I43: =E43+G43-K43 -> 45286452 | J43: 1708 | K43: 21643.38 | L43: =J43*K43 -> 36966893
A44: CCNXC1 | B44: CLM Cá ngừ xốt cay 185g | C44: Hộp | L44: =J44*K44 -> 0
A45: CCPGNHHT | B45: CS Chí Phí Giao Nhận Hàng Hóa T11/2023 | C45: Tiền | L45: =J45*K45 -> 0
A46: CCPGNHHT1.24 | B46: CS Chí Phí Giao Nhận Hàng Hóa T1/2024 | C46: Tiền | L46: =J46*K46 -> 0
A47: CCPGNHHT12 | B47: CS Chí Phí Giao Nhận Hàng Hóa T12/2023 | C47: Tiền | L47: =J47*K47 -> 0
A48: CCSKT1 | B48: CLM Cá Saba kho tiêu 185gr | C48: Hộp | J48: 628 | K48: 8657 | L48: =J48*K48 -> 5436596
A49: CCSXC1 | B49: CLM Cá Saba xốt cà 185gr | C49: Hộp | J49: 651 | K49: 8657 | L49: =J49*K49 -> 5635707
A50: CCSXS1 | B50: CLM cá Saba xốt Siracha 185g | C50: Hộp | J50: 890 | K50: 9090 | L50: =J50*K50 -> 8090100
A51: CCXCK1 | B51: CLM cá xốt cà KOS 155g | C51: Hộp | J51: 3590 | K51: 9955.88 | L51: =J51*K51 -> 35741609
A52: CĐBBC3 | B52: CLM ĐL Bánh bao chay 300gr | C52: Gói | J52: 37 | K52: 19698.8 | L52: =J52*K52 -> 728855.6
A53: CĐBBNT4 | B53: CLM ĐL Bánh bao nhân thịt 400gr | C53: Gói | J53: 132 | K53: 23981.55 | L53: =J53*K53 -> 3165564.6
A54: CĐBXKNM3 | B54: CLM ĐL Bánh xếp kiểu nhật mini 360g | C54: Gói | J54: 40 | K54: 42045.88 | L54: =J54*K54 -> 1681835.2
A55: CĐBXTT3 | B55: CLM ĐL Bánh xếp tôm thịt 300gr | C55: Gói | J55: 15 | K55: 31689.58 | L55: =J55*K55 -> 475343.7
A56: CĐCGRTC5 | B56: CLM ĐL Chả giò rế thập cẩm 500gr | C56: Gói | J56: 86 | K56: 44108.62 | L56: =J56*K56 -> 3793341.3
A57: CĐCGRTCUA5 | B57: CLM ĐL Chả giò rế tôm cua 500gr | C57: Gói | J57: 36 | K57: 46250 | L57: =J57*K57 -> 1665000
A58: CĐCGTT5 | B58: CLM ĐL Chả giò tôm thịt 500gr/gói | C58: Gói | J58: 53 | K58: 41110.7 | L58: =J58*K58 -> 2178867.1
A59: CĐCGX5 | B59: CLM ĐL Chả giò xốp 500gr/gói | C59: Gói | L59: =J59*K59 -> 0
A60: CĐCGXC5 | B60: CLM ĐL Chả giò xốp chay 500gr | C60: Gói | J60: 35 | K60: 35115.78 | L60: =J60*K60 -> 1229052.3
A61: CDDTSP2D | B61: CLM Dầu dấm trộn salad pet 270g | C61: Chai | J61: 5692 | K61: 13852.02 | L61: =J61*K61 -> 78845698
A62: CDH2 | B62: CLM Dầu hào 2,25kg | C62: Bình | J62: 258 | K62: 82678.31 | L62: =J62*K62 -> 21331004
A63: CĐHC3 | B63: CLM ĐL Há cảo 300gr/gói | C63: Gói | J63: 15 | K63: 26979.48 | L63: =J63*K63 -> 404692.2
A64: CĐHCHM3 | B64: CLM ĐL Há cảo hai mùa 300gr/gói | C64: Gói | L64: =J64*K64 -> 0
A65: CDHCP1 | B65: CLM Dầu hào chay pet 170g | C65: Chai | J65: 1056 | K65: 9004.05 | L65: =J65*K65 -> 9508276.8
A66: CDHCP3 | B66: CLM Dầu hào chay pet 350g | C66: Chai | J66: 766 | K66: 16449.46 | L66: =J66*K66 -> 12600286
A67: CDHCP8 | B67: CLM Dầu hào chay pet 820g | C67: Chai | L67: =J67*K67 -> 0
A68: CDHP1 | B68: CLM Dầu hào pet 170g | C68: Chai | J68: 2892 | K68: 8051.28 | L68: =J68*K68 -> 23284302
A69: CDHP3 | B69: CLM Dầu hào pet 350gr | C69: Chai | J69: 2848 | K69: 15583.64 | L69: =J69*K69 -> 44382207
A70: CDHP8 | B70: CLM Dầu hào pet 820g | C70: Chai | J70: 1637 | K70: 32897.98 | L70: =J70*K70 -> 53853993
A71: CĐHT3 | B71: CLM ĐL Hoành thánh 300gr/gói | C71: Gói | L71: =J71*K71 -> 0
A72: CGVKC5 | B72: CLM Gia vị kho cá 50g | C72: Gói | J72: 1570 | K72: 4588.04 | L72: =J72*K72 -> 7203222.8
A73: CGVKCG5C | B73: CLM (ko làm toa) Gia vị kho cá gói 50g | C73: Hộp | L73: =J73*K73 -> 0
A74: CGVKT5 | B74: CLM Gia vị kho thịt 50g | C74: Gói | J74: 1844 | K74: 4588.04 | L74: =J74*K74 -> 8460345.8
A75: CH2L1 | B75: CLM Heo 2 lát 160g | C75: Hộp | L75: =J75*K75 -> 0
A76: CHQGVT2 | B76: CLM Hộp quà Gia vị Tết 2024 | C76: Hộp | J76: 25 | K76: 181805.14 | L76: =J76*K76 -> 4545128.5
A77: CHQNÝ | B77: CLM Hộp quà Như Ý | C77: Hộp | J77: 7 | K77: 177477.02 | L77: =J77*K77 -> 1242339.1
A78: CLCHST | B78: CLM Lẩu chua hải sản TT200g | C78: Chai | J78: 1419 | K78: 14717.84 | L78: =J78*K78 -> 20884615
A79: CLT2 | B79: CLM Lẩu thái 280g | C79: Chai | J79: 5123 | K79: 14284.93 | L79: =J79*K79 -> 73181696
A80: CN3ĐĐ7(1 | B80: CLM nmắm 30 độ đạm 750ml (12c/th) | C80: Chai | L80: =J80*K80 -> 0
A81: CN4ĐĐ7(1 | B81: CLM nmắm 40 độ đạm 750ml (12c/th) | C81: Chai | L81: =J81*K81 -> 0
A82: CN4ĐĐ7(1KM | B82: CLM (KM) nmắm 40 độ đạm 750ml (12c/th) | C82: Chai | L82: =J82*K82 -> 0
A83: CNM3ĐĐ5( | B83: CLM nmắm 30 độ đạm 500ml (12c/th) | C83: Chai | J83: 720 | K83: 36534.19 | L83: =J83*K83 -> 26304617
A84: CNM4ĐĐ5( | B84: CLM nmắm 40 độ đạm 500ml (12c/th) | C84: Chai | L84: =J84*K84 -> 0
A85: CNMCĐ1 | B85: CLM Nước mắm cao đạm 150ml | C85: Chai | J85: 191 | K85: 15583.64 | L85: =J85*K85 -> 2976475.2
A86: CNMCĐ5 | B86: CLM Nước mắm cao đạm 500ml | C86: Chai | J86: 364 | K86: 43633.64 | L86: =J86*K86 -> 15882645
A87: CNMCĐ5( | B87: CLM Nước mắm cao đạm 500ml (Xuân) | C87: Hộp | J87: 150 | K87: 96963.24 | L87: =J87*K87 -> 14544486
A88: CNMCĐ7( | B88: CLM Nước mắm cao đạm 750ml (Xuân) | C88: Hộp | J88: 79 | K88: 135055.14 | L88: =J88*K88 -> 10669356
A89: CNMCT2 | B89: CLM Nước mắm chay tt 245ml | C89: Chai | J89: 817 | K89: 14717.84 | L89: =J89*K89 -> 12024475
A90: CNMHV4L | B90: CLM Nước mắm Hương Việt 4.9 Lít | C90: Bình | J90: 245 | K90: 49347.43 | L90: =J90*K90 -> 12090120
A91: CNMHV5 | B91: CLM Nước Mắm Hương Việt 500ml hàng onpack chén | C91: Chai | J91: 1734 | K91: 22509.19 | L91: =J91*K91 -> 39030935
A92: CNMHV50 | B92: CLM Nước Mắm Hương Việt 500ml | C92: Chai | L92: =J92*K92 -> 0
A93: CNMHVP7 | B93: CLM Nước Mắm Hương Việt pet 750ml Hàng onpack chén | C93: Chai | J93: 1072 | K93: 32032.16 | L93: =J93*K93 -> 34338476
A94: CNTĐNP1 | B94: CLM Nước tương đậu nành pet 150ml | C94: Chai | J94: 846 | K94: 5886.76 | L94: =J94*K94 -> 4980199
A95: CNTĐNP3 | B95: CLM Nước tương đậu nành pet 300ml | C95: Chai | J95: 4801 | K95: 10388.78 | L95: =J95*K95 -> 49876533
A96: CNTĐNP7 | B96: CLM Nước tương đậu nành pet 700ml | C96: Chai | J96: 339 | K96: 19911.76 | L96: =J96*K96 -> 6750086.6
A97: CNTHV4LB | B97: CLM Nước tương Hương Việt 4.9 lít(3 bình/T) | C97: Bình | L97: =J97*K97 -> 0
A98: CNTHV5 | B98: CLM Nước tương Hảo Vị 500ml hàng onpack chén | C98: Chai | J98: 778 | K98: 13852.02 | L98: =J98*K98 -> 10776872
A99: CNTHVG7 | B99: CLM Nước tương Hảo Vị gói 7ml | C99: Gói | J99: 800 | K99: 345.95 | L99: =J99*K99 -> 276760
A100: CNTTV5TV | B100: CLM Nước tương thanh vị 500ml | C100: Chai | J100: 26074 | K100: 5194.86 | L100: =J100*K100 -> 1.3545078e+08
A101: CỚKSTHT1 | B101: CLM Ớt khô sa tế hũ TT 100g | C101: Chai | J101: 252 | K101: 13852.02 | L101: =J101*K101 -> 3490709
A102: CỚSHT15 | B102: CLM Ớt Sate hũ TT 150g | C102: Hũ | J102: 516 | K102: 14717.84 | L102: =J102*K102 -> 7594405.4
...

Sheet ĐC theo Lý
A1: HÀNG TỒN KHO 31/12/2023 ĐÃ ĐIỀU CHỈNH GIÁ
C2: Tồn Đầu Kỳ | E2: Nhập | G2: Xuất | I2: Tồn cuối kỳ | M2: masp | N2: tensp | O2: dvt | P2: SỐ LƯỢNG | Q2: Gía vốn | R2: Trị giá kho
A3: Tên Hàng | B3: Tháng | C3: Số Lượng | D3: T,Tiền | E3: Số Lượng | F3: T.Tiền | G3: Số Lượng | H3: T. Tiền | I3: Số Lượng | J3: T.Tiền | K3: Đơn Giá | L3: 1 | M3: VB2L(IH1 | N3: VS Bò 2 lát (Lon in) hộp 170g | O3: Hộp | R3: 0
A4: Cá viên Funny 500g | B4: 12 | C4: 226 | D4: 6255676 | E4: 100 | F4: 2774400 | G4: 100 | H4: =D4+F4-J4 -> 2769962 | I4: 226 | J4: 6260114 | K4: =J4/I4 -> 27699.619 | L4: 2 | M4: AACC4 | N4: AL Anmum Concentrate Choco 4x125ml | O4: Lốc | R4: 0
A5: AL Anlene Concentrate Choco 4x125ml | B5: 12 | C5: 0 | D5: 0 | E5: 60 | F5: 1188660 | G5: 60 | H5: =D5+F5-J5 -> 1188660 | I5: 0 | J5: 0 | L5: 3 | M5: AACCC4 | N5: AL Anlene Concentrate Choco 4x125ml | O5: Lốc | R5: 0
A6: AL Anlene Concentrate Vanilla 4x125ml | B6: 12 | C6: 587 | D6: 19248466 | E6: 0 | F6: 0 | G6: 338 | H6: =D6+F6-J6 -> 16955982 | I6: 132 | J6: =I6*K6 -> 2292483.6 | K6: 17367.3 | L6: 4 | M6: AACV4 | N6: AL Anlene Concentrate Vanilla 4x125ml | O6: Lốc | P6: 132 | Q6: 17367.3 | R6: 2292483.6
A7: AL Anlene Gold Vanilla Movepro 1Kg | B7: 12 | C7: 120 | D7: 35752144 | E7: 0 | F7: 0 | G7: 120 | H7: =D7+F7-J7 -> 35752144 | I7: 0 | J7: 0 | L7: 5 | M7: AACV4S | N7: AL Anmum Concentrate Vanilla 4x125ml | O7: Lốc | R7: 0
A8: AL Anlene Gold Vanilla Movepro 400g | B8: 12 | C8: 504 | D8: 68557545 | E8: 0 | F8: 0 | G8: 134 | H8: =D8+F8-J8 -> 49603045 | I8: 227 | J8: =I8*K8 -> 18954500 | K8: 83500 | L8: 6 | M8: AAGVM1 | N8: AL Anlene Gold Vanilla Movepro 1Kg | O8: Hộp | R8: 0
A9: AL Anlene Gold Vanilla Movepro 440g | B9: 12 | C9: 344 | D9: 53839916 | E9: 0 | F9: 0 | G9: 34 | H9: =D9+F9-J9 -> 42484796 | I9: 150 | J9: =I9*K9 -> 11355120 | K9: 75700.8 | L9: 7 | M9: AAGVM4 | N9: AL Anlene Gold Vanilla Movepro 400g | O9: Lon | P9: 227 | Q9: 83500.2 | R9: 18954545
A10: AL Anlene Gold Vanilla Movepro 800g | B10: 12 | C10: 153 | D10: 36613751 | E10: 0 | F10: 0 | G10: 153 | H10: =D10+F10-J10 -> 36613751 | I10: 0 | J10: 0 | L10: 8 | M10: AAGVM4G | N10: AL Anlene Gold Vanilla Movepro 440g | O10: Hộp | P10: 150 | Q10: 75700.8 | R10: 11355120
A11: AL Anlene Movepro UHT 180ml - Có đường | B11: 12 | C11: 554 | D11: 12063982 | E11: 0 | F11: 0 | G11: 344 | H11: =D11+F11-J11 -> 10667226 | I11: 116 | J11: =I11*K11 -> 1396756 | K11: 12041 | L11: 9 | M11: AAGVM8 | N11: AL Anlene Gold Vanilla Movepro 800g | O11: Lon | P11: 0 | R11: 0
A12: AL Anlene Movepro UHT 180ml - Không béo | B12: 12 | C12: 180 | D12: 3904035 | E12: 0 | F12: 0 | G12: 40 | H12: =D12+F12-J12 -> 2964837 | I12: 78 | J12: =I12*K12 -> 939198 | K12: 12041 | L12: 10 | M12: AAMC4 | N12: AL Anmum Materna Choco 400g | O12: Lon | R12: 0
A13: AL Anlene Vanilla Movepro 440g | B13: 12 | C13: 295 | D13: 31404753 | E13: 0 | F13: 0 | G13: 277 | H13: =D13+F13-J13 -> 29488531 | I13: 18 | J13: 1916222 | K13: =J13/I13 -> 106456.78 | L13: 11 | M13: AAMC8 | N13: AL Anmum Materna Choco 800g | O13: Lon | R13: 0
A14: AL Anlene Vanilla Movepro 800g | B14: 12 | C14: 170 | D14: 40681945 | E14: 0 | F14: 0 | G14: 88 | H14: =D14+F14-J14 -> 33998257 | I14: 48 | J14: =I14*K14 -> 6683688 | K14: 139243.5 | L14: 12 | M14: AAMU1-CĐ | N14: AL Anlene Movepro UHT 180ml - Có đường | O14: Lốc | P14: 116 | Q14: 12041.1 | R14: 1396767.6
A15: AL Anlene Vanilla Movepro Sachet 20gx3 | B15: 12 | C15: 18 | D15: 407934 | E15: 0 | F15: 0 | G15: 18 | H15: =D15+F15-J15 -> 407934 | I15: 0 | J15: 0 | L15: 13 | M15: AAMU1-KB | N15: AL Anlene Movepro UHT 180ml - Không béo | O15: Lốc | P15: 78 | Q15: 12041.1 | R15: 939205.8
A16: AL Anmum Concentrate Choco 4x125ml | B16: 12 | C16: 0 | D16: 0 | E16: 3 | F16: 57891 | G16: 3 | H16: =D16+F16-J16 -> 57891 | I16: 0 | J16: 0 | L16: 14 | M16: AAMV4 | N16: AL Anmum Materna Vanilla 400g | O16: Lon | R16: 0
A17: AL Anmum Concentrate Vanilla 4x125ml | B17: 12 | C17: 0 | D17: 0 | E17: 12 | F17: 231564 | G17: 12 | H17: =D17+F17-J17 -> 231564 | I17: 0 | J17: 0 | L17: 15 | M17: AAVM4 | N17: AL Anlene Vanilla Movepro 440g | O17: Hộp | R17: 0
A18: Bánh bao chay 300gr | B18: 12 | C18: 72 | D18: 1533524 | E18: 35 | F18: 745360 | G18: 67 | H18: =D18+F18-J18 -> 1490606 | I18: 40 | J18: 788278 | K18: =J18/I18 -> 19706.95 | L18: 16 | M18: AAVM8 | N18: AL Anlene Vanilla Movepro 800g | O18: Lon | P18: 48 | Q18: 139243.5 | R18: 6683688
A19: Bánh bao nhân thịt 400gr | B19: 12 | C19: 96 | D19: 2486575 | E19: 51 | F19: 1322226 | G19: 4 | H19: =D19+F19-J19 -> 388653 | I19: 143 | J19: 3420148 | K19: =J19/I19 -> 23917.119 | L19: 17 | M19: AAVMS2 | N19: AL Anlene Vanilla Movepro Sachet 20gx3 | O19: Hộp | R19: 0
A20: Bánh bao nhân xá xíu 280g | B20: 12 | C20: 67 | D20: 2083589 | E20: 0 | F20: 0 | G20: 1 | H20: =D20+F20-J20 -> 155492 | I20: 66 | J20: 1928097 | K20: =J20/I20 -> 29213.591 | L20: 18 | M20: BBQNPC3 | N20: BEL Bánh que nhúng PM C.DIPPERS 30gx48 | O20: Gói | R20: 0
A21: Bánh kem xốp phô mai – Richeese Nabati Cheese Cream Wafer 6g | B21: 12 | C21: 650 | D21: 74700000 | E21: 160 | F21: 18432000 | G21: 0 | H21: =D21+F21-J21 -> 0 | I21: 810 | J21: 93132000 | K21: =J21/I21 -> 114977.78 | L21: 19 | M21: BPBCC13 | N21: BEL Phomai Bánh Chấm C.Dippers1D 35g | O21: Gói | R21: 0
A22: Bánh Kem Xốp Phủ Sô Cô La - Nabati Richoco Time Break 48g | B22: 12 | C22: 280 | D22: 74052080 | E22: 0 | F22: 0 | G22: 0 | H22: =D22+F22-J22 -> 0 | I22: 280 | J22: 74052080 | K22: =J22/I22 -> 264471.71 | L22: 20 | M22: BPKSK1X6 | N22: BEL PM kem sữa Kiri 108G x 60 | O22: Hộp | R22: 0
A23: Bánh kem xốp sữa chua hương phúc bồn tử- Nabati Richberry 110g | B23: 12 | C23: 102 | D23: 19779439 | E23: 0 | F23: 0 | G23: 100 | H23: =D23+F23-J23 -> 19391607 | I23: 2 | J23: 387832 | K23: =J23/I23 -> 193916 | L23: 21 | M23: BPMBC1M | N23: BEL Phô mai CBC 16M | O23: Hộp | P23: 3840 | Q23: 66219 | R23: 254280960
A24: Bánh ống lớn nhân phô mai - Nabati Cheese Wafer Stick- Big rolls cheese 14g | B24: 12 | C24: 0 | D24: 0 | E24: 50 | F24: 8509100 | G24: 0 | H24: =D24+F24-J24 -> 0 | I24: 50 | J24: 8509100 | K24: =J24/I24 -> 170182 | L24: 22 | M24: BPMBC4M | N24: BEL Phô mai CBC 4M | O24: Hộp | R24: 0
A25: Bánh Quy Nhân Kem Hương Vani - Nabati Cookies & Cream - Sandwich Cookies with Vanilla Flavour Cream 16g | B25: 12 | C25: 137 | D25: 22821826 | E25: 0 | F25: 0 | G25: 20 | H25: =D25+F25-J25 -> 3331653 | I25: 117 | J25: 19490173 | K25: =J25/I25 -> 166582.68 | L25: 23 | M25: BPMBC8M | N25: BEL Phô mai CBC 8M | O25: Hộp | P25: 5200 | Q25: 31208 | R25: 162281600
A26: Bánh quy nhân kem hương Vani - Nabati Cookies & Cream 112g | B26: 12 | C26: 106 | D26: 16323470 | E26: 45 | F26: 10556505 | G26: 58 | H26: =D26+F26-J26 -> 4984366 | I26: 93 | J26: 21895609 | K26: =J26/I26 -> 235436.66 | L26: 24 | M26: BPMC12T | N26: BEL Phô mai CBC 16M 240g Tết | O26: Hộp | R26: 0
A27: Bánh Quy Nhân Phô Mai - Nabati Richeese Cookies 112g | B27: 12 | C27: 94 | D27: 17372116 | E27: 40 | F27: 9383560 | G27: 63 | H27: =D27+F27-J27 -> 9983461 | I27: 71 | J27: 16772215 | K27: =J27/I27 -> 236228.38 | L27: 25 | M27: BPMC2 | N27: BEL Phô mai CBC 24M | O27: Hộp | R27: 0
A28: Bánh sôcôla (dạng xốp) – Richoco Nabati Chocolate Cream Wafer 6g | B28: 12 | C28: 351 | D28: 40194000 | E28: 0 | F28: 0 | G28: 0 | H28: =D28+F28-J28 -> 0 | I28: 351 | J28: 40194000 | K28: =J28/I28 -> 114512.82 | L28: 26 | M28: BPMC2H | N28: BEL pho mai CBC 24m HRC6 | O28: Hộp | R28: 0
A29: Bánh xếp kiểu nhật mini 360g | B29: 12 | C29: 40 | D29: 1818200 | E29: 0 | F29: 0 | G29: 0 | H29: =D29+F29-J29 -> 0 | I29: 40 | J29: 1818200 | K29: =J29/I29 -> 45455 | L29: 27 | M29: BPMC81T | N29: BEL Phô mai CBC 8M 120g Tết | O29: Hộp | R29: 0
A30: BEL Phô mai CBC 16M | B30: 12 | C30: 833 | D30: 46378988 | E30: 4571 | F30: 254508576 | G30: 5404 | H30: =D30+F30-J30 -> 46606604 | I30: 3840 | J30: =I30*K30 -> 254280960 | K30: 66219 | L30: 28 | M30: BPMCVS1 | N30: BEL PM vuông Belcube vị sữa 125g | O30: Gói | P30: 306 | Q30: 51389 | R30: 15725034
A31: BEL Phô mai CBC 8M | B31: 12 | C31: 273867 | D31: 255643095 | E31: 8568 | F31: 267390144 | G31: 274625 | H31: =D31+F31-J31 -> 360751639 | I31: 5200 | J31: =I31*K31 -> 162281600 | K31: 31208 | L31: 29 | M31: BPMCVS7 | N31: BEL PM vuông Belcube vị sữa 78g | O31: Gói | P31: 2000 | Q31: 36184 | R31: 72368000
A32: BEL Pho mai Cube vị sữa 78g | B32: 12 | C32: 25915 | D32: 50321430 | E32: 1500 | F32: 54276000 | G32: 26863 | H32: =D32+F32-J32 -> 32229430 | I32: 2000 | J32: =I32*K32 -> 72368000 | K32: 36184 | L32: 30 | M32: BPMLB2 | N32: BEL PM Lát CBC Burger 200gx32 | O32: Gói | P32: 130 | Q32: 52485 | R32: 6823050
A33: BEL Phô mai vuông LeCube Tổ yến 78g | B33: 12 | C33: 2430 | D33: 87927120 | E33: 0 | F33: 0 | G33: 0 | H33: =D33+F33-J33 -> 0 | I33: 2430 | J33: 87927120 | K33: =J33/I33 -> 36184 | L33: 31 | M33: BPMLSC2 | N33: BEL PM Lát Sandwich cheddar 200g | O33: Gói | R33: 0
A34: BEL Phomai Cube Country (truyền thống ) 78g | B34: 12 | C34: 0 | D34: 189538 | E34: 0 | F34: 0 | G34: 0 | H34: =D34+F34-J34 -> 0 | I34: 0 | J34: 189538 | L34: 32 | M34: BPTTVH7 | N34: BEL Phomai Cube Country (truyền thống ) 78g | O34: Hộp | R34: 0
A35: BEL PM Lát CBC Burger 200gx32 | B35: 12 | C35: 160 | D35: 8538638 | E35: 0 | F35: 0 | G35: 26 | H35: =D35+F35-J35 -> 1715588 | I35: 130 | J35: =I35*K35 -> 6823050 | K35: 52485 | L35: 33 | M35: BXPMC1 | N35: BEL Xốt PM CBC 15Gx10x12 | O35: Dây | R35: 0
A36: BEL PM Vuông LeCube 9C/ 47G (12/LỐ ) | B36: 12 | C36: 0 | D36: 0 | E36: 0 | F36: 0 | G36: 0 | H36: =D36+F36-J36 -> 0 | I36: 0 | J36: 0 | L36: 34 | M36: CBBNXX2 | N36: CLM ĐL Bánh bao nhân xá xíu 280g | O36: Gói | P36: 62 | Q36: 29119.92 | R36: 1805435
A37: BEL PM vuông Belcube vị ngọt Dâu 78g | B37: 12 | C37: 9485 | D37: 33640650 | E37: 1050 | F37: 37993200 | G37: 9635 | H37: =D37+F37-J37 -> 39077621 | I37: 900 | J37: 32556229 | K37: =J37/I37 -> 36173.588 | L37: 35 | M37: CBC1 | N37: CLM Bột canh 180g | O37: Gói | P37: 750 | Q37: 3463.24 | R37: 2597430
A38: BEL PM vuông Belcube vị ngọt Socola 78g | B38: 12 | C38: 320 | D38: 11571799 | E38: 405 | F38: 14654520 | G38: 630 | H38: =D38+F38-J38 -> 22789767 | I38: 95 | J38: 3436552 | K38: =J38/I38 -> 36174.232 | L38: 36 | M38: CBCNBN1 | N38: CLM Bột canh nấm bào ngư 180g | O38: Gói | P38: 995 | Q38: 4761.96 | R38: 4738150.2
A39: BEL PM vuông Belcube vị ngọt Vani 78g | B39: 12 | C39: 270 | D39: 9896208 | E39: 120 | F39: 4342080 | G39: 319 | H39: =D39+F39-J39 -> 11669303 | I39: 71 | J39: 2568985 | K39: =J39/I39 -> 36182.887 | L39: 37 | M39: CBCNH1 | N39: CLM Bột canh nấm hương 180g | O39: Gói | P39: 770 | Q39: 3896.14 | R39: 3000027.8
A40: Bột canh nấm bào ngư 180g | B40: 12 | C40: 1500 | D40: 7597338 | E40: 250 | F40: 1273250 | G40: 691 | H40: =D40+F40-J40 -> 4132398 | I40: 995 | J40: =I40*K40 -> 4738190 | K40: 4762 | L40: 38 | M40: CCNND1 | N40: CLM Cá Ngừ ngâm dầu 185g | O40: Hộp | P40: 1708 | Q40: 21643.38 | R40: 36966893
A41: Cá Saba xốt Siracha 185g | B41: 12 | C41: 192 | D41: 4111968 | E41: 48 | F41: 933312 | G41: 0 | H41: =D41+F41-J41 -> 0 | I41: 240 | J41: 5045280 | K41: =J41/I41 -> 21022 | L41: 39 | M41: CCNXC1 | N41: CLM Cá ngừ xốt cay 185g | O41: Hộp | R41: 0
A42: CLM Gia vị kho cá 50g | B42: 12 | C42: 4020 | D42: 19708744 | E42: 3360 | F42: 16487520 | G42: 5702 | H42: =D42+F42-J42 -> 28495976 | I42: 1678 | J42: 7700288 | K42: =J42/I42 -> 4588.9678 | L42: 40 | M42: CCPGNHHT | N42: CS Chí Phí Giao Nhận Hàng Hóa T11/2023 | O42: Tiền | R42: 0
A43: CLM Bột canh 180g | B43: 12 | C43: 750 | D43: 2517000 | E43: 0 | F43: 0 | G43: 23 | H43: =D43+F43-J43 -> -80250 | I43: 750 | J43: =I43*K43 -> 2597250 | K43: 3463 | L43: 41 | M43: CCPGNHHT1.24 | N43: CS Chí Phí Giao Nhận Hàng Hóa T1/2024 | O43: Tiền | R43: 0
A44: CLM Bột canh nấm hương 180g | B44: 12 | C44: 1350 | D44: 5561964 | E44: 200 | F44: 833400 | G44: 780 | H44: =D44+F44-J44 -> 3395336.2 | I44: 770 | J44: =I44*K44 -> 3000027.8 | K44: 3896.14 | L44: 42 | M44: CCPGNHHT12 | N44: CS Chí Phí Giao Nhận Hàng Hóa T12/2023 | O44: Tiền | R44: 0
A45: CLM Cá Ngừ ngâm dầu 185g | B45: 12 | C45: 1676 | D45: 38641471 | E45: 288 | F45: 6666624 | G45: 143 | H45: =D45+F45-J45 -> 8341167.8 | I45: 1708 | J45: =I45*K45 -> 36966927 | K45: 21643.4 | L45: 43 | M45: CCSKT1 | N45: CLM Cá Saba kho tiêu 185gr | O45: Hộp | P45: 628 | Q45: 8657 | R45: 5436596
A46: CLM cá xốt cà KOS 155g ( cá saba sốt cải) | B46: 12 | C46: 0 | D46: 0 | E46: 3600 | F46: 38332800 | G46: 10 | H46: =D46+F46-J46 -> 2591119 | I46: 3590 | J46: =I46*K46 -> 35741681 | K46: 9955.9 | L46: 44 | M46: CCSXC1 | N46: CLM Cá Saba xốt cà 185gr | O46: Hộp | P46: 651 | Q46: 8657 | R46: 5635707
A47: CLM Dầu dấm trộn salad pet 270g | B47: 12 | C47: 4478 | D47: 65694476 | E47: 9176 | F47: 133335000 | G47: 7664 | H47: =D47+F47-J47 -> 116059227 | I47: 5990 | J47: 82970249 | K47: =J47/I47 -> 13851.461 | L47: 45 | M47: CCSXS1 | N47: CLM cá Saba xốt Siracha 185g | O47: Hộp | P47: 18180 | Q47: 9090 | R47: 165256200
A48: CLM Dầu hào 2,25kg | B48: 12 | C48: 162 | D48: 14271796 | E48: 119 | F48: 9838718.9 | G48: 6 | H48: =D48+F48-J48 -> 1348613.9 | I48: 275 | J48: 22761901 | K48: =J48/I48 -> 82770.549 | L48: 46 | M48: CCXCK1 | N48: CLM cá xốt cà KOS 155g | O48: Hộp | P48: 3590 | Q48: 9955.88 | R48: 35741609
A49: CLM Dầu hào chay pet 170g | B49: 12 | C49: 864 | D49: 8294400 | E49: 263 | F49: 9.2079214e+09 | G49: 0 | H49: =D49+F49-J49 -> 9.2060724e+09 | I49: 1127 | J49: 10143360 | K49: =J49/I49 -> 9000.3194 | L49: 47 | M49: CĐBBC3 | N49: CLM ĐL Bánh bao chay 300gr | O49: Gói | P49: 37 | Q49: 19698.8 | R49: 728855.6
A50: CLM Dầu hào chay pet 350g | B50: 12 | C50: 758 | D50: 13116517 | E50: 168 | F50: 2955624 | G50: 118 | H50: =D50+F50-J50 -> 15343285 | I50: 37 | J50: =I50*K50 -> 728855.6 | K50: 19698.8 | L50: 48 | M50: CĐBBNT4 | N50: CLM ĐL Bánh bao nhân thịt 400gr | O50: Gói | P50: 132 | Q50: 23981.55 | R50: 3165564.6
A51: CLM Dầu hào pet 170g | B51: 12 | C51: 3660 | D51: 31105758 | E51: 816 | F51: 7026576 | G51: 1416 | H51: =D51+F51-J51 -> 13494553 | I51: 3060 | J51: 24637781 | K51: =J51/I51 -> 8051.5624 | L51: 49 | M51: CĐBXKNM3 | N51: CLM ĐL Bánh xếp kiểu nhật mini 360g | O51: Gói | P51: 40 | Q51: 42045.88 | R51: 1681835.2
A52: CLM Dầu hào pet 350gr | B52: 12 | C52: 4076 | D52: 66900098 | E52: 2466 | F52: 30000600 | G52: 3835 | H52: =D52+F52-J52 -> 54715863 | I52: 2707 | J52: 42184835 | K52: =J52/I52 -> 15583.611 | L52: 50 | M52: CĐBXTT3 | N52: CLM ĐL Bánh xếp tôm thịt 300gr | O52: Gói | P52: 15 | Q52: 31689.58 | R52: 475343.7
A53: CLM Dầu hào pet 820g | B53: 12 | C53: 3051 | D53: 99561656 | E53: 1476 | F53: 51966396 | G53: 2861 | H53: =D53+F53-J53 -> 96734277 | I53: 1666 | J53: 54793775 | K53: =J53/I53 -> 32889.421 | L53: 51 | M53: CĐCGRTC5 | N53: CLM ĐL Chả giò rế thập cẩm 500gr | O53: Gói | P53: 86 | Q53: 44108.62 | R53: 3793341.3
A54: CLM Gia vị kho cá gói 50g | B54: 12 | C54: 0 | D54: 0 | E54: 0 | F54: 0 | G54: 0 | H54: =D54+F54-J54 -> 0 | I54: 0 | J54: 0 | L54: 52 | M54: CĐCGRTCUA5 | N54: CLM ĐL Chả giò rế tôm cua 500gr | O54: Gói | P54: 36 | Q54: 46250 | R54: 1665000
A55: CLM Gia vị kho thịt 50g | B55: 12 | C55: 4034 | D55: 19765883 | E55: 4080 | F55: 20020560 | G55: 6143 | H55: =D55+F55-J55 -> 30744515 | I55: 1971 | J55: 9041928 | K55: =J55/I55 -> 4587.4825 | L55: 53 | M55: CĐCGTT5 | N55: CLM ĐL Chả giò tôm thịt 500gr/gói | O55: Gói | P55: 53 | Q55: 41110.7 | R55: 2178867.1
A56: CLM Gia vị kho thịt gói 50g | B56: 12 | C56: 0 | D56: 0 | E56: 0 | F56: 0 | G56: 0 | H56: =D56+F56-J56 -> 0 | I56: 0 | J56: 0 | L56: 54 | M56: CĐCGX5 | N56: CLM ĐL Chả giò xốp 500gr/gói | O56: Gói | R56: 0
A57: CLM Hộp quà Gia vị Tết 2024 | B57: 12 | C57: 25 | D57: 4861100 | E57: 0 | F57: 0 | G57: 0 | H57: =D57+F57-J57 -> 0 | I57: 25 | J57: 4861100 | K57: =J57/I57 -> 194444 | L57: 55 | M57: CĐCGXC5 | N57: CLM ĐL Chả giò xốp chay 500gr | O57: Gói | P57: 35 | Q57: 35115.78 | R57: 1229052.3
A58: CLM Hộp quà Như Ý | B58: 12 | C58: 7 | D58: 1328705 | E58: 0 | F58: 0 | G58: 0 | H58: =D58+F58-J58 -> 0 | I58: 7 | J58: 1328705 | K58: =J58/I58 -> 189815 | L58: 56 | M58: CDDTSP2D | N58: CLM Dầu dấm trộn salad pet 270g | O58: Chai | P58: 5692 | Q58: 13852.02 | R58: 78845698
A59: CLM Lẩu chua hải sản TT200g | B59: 12 | C59: 3640 | D59: 56770482 | E59: 4421 | F59: 68567796 | G59: 6562 | H59: =D59+F59-J59 -> 103274636 | I59: 1499 | J59: 22063642 | K59: =J59/I59 -> 14718.907 | L59: 57 | M59: CDH2 | N59: CLM Dầu hào 2,25kg | O59: Bình | P59: 258 | Q59: 82678.31 | R59: 21331004
A60: CLM Nước mắm cao đạm 150ml | B60: 12 | C60: 170 | D60: 1385264 | E60: 24 | F60: 400008 | G60: 81 | H60: =D60+F60-J60 -> 27607 | I60: 113 | J60: 1757665 | K60: =J60/I60 -> 15554.558 | L60: 58 | M60: CĐHC3 | N60: CLM ĐL Há cảo 300gr/gói | O60: Gói | P60: 15 | Q60: 26979.48 | R60: 404692.2
A61: CLM Nước mắm cao đạm 500ml | B61: 12 | C61: 384 | D61: 17725913 | E61: 0 | F61: 0 | H61: =D61+F61-J61 -> 923225 | I61: 384 | J61: 16802688 | K61: =J61/I61 -> 43757 | L61: 59 | M61: CĐHCHM3 | N61: CLM ĐL Há cảo hai mùa 300gr/gói | O61: Gói | R61: 0
A62: CLM Nước mắm cao đạm 500ml (Xuân) | B62: 12 | C62: 156 | D62: 16177824 | E62: 0 | F62: 0 | H62: =D62+F62-J62 -> 622224 | I62: 156 | J62: 15555600 | K62: =J62/I62 -> 99715.385 | L62: 60 | M62: CDHCP1 | N62: CLM Dầu hào chay pet 170g | O62: Chai | P62: 1056 | Q62: 9004.05 | R62: 9508276.8
A63: CLM Nước mắm cao đạm 750ml (Xuân) | B63: 12 | C63: 84 | D63: 12133296 | F63: 0 | H63: =D63+F63-J63 -> 0 | I63: 84 | J63: 12133296 | K63: =J63/I63 -> 144444 | L63: 61 | M63: CDHCP3 | N63: CLM Dầu hào chay pet 350g | O63: Chai | P63: 766 | Q63: 16449.46 | R63: 12600286
A64: CLM Nước mắm chay tt 245ml | B64: 12 | C64: 1608 | D64: 25016122 | E64: 552 | F64: 8689032 | G64: 1294 | H64: =D64+F64-J64 -> 20956492 | I64: 866 | J64: 12748662 | K64: =J64/I64 -> 14721.319 | L64: 62 | M64: CDHCP8 | N64: CLM Dầu hào chay pet 820g | O64: Chai | R64: 0
A65: CLM Nước Mắm Hương Việt 500ml hàng onpack chén | B65: 12 | C65: 3852 | D65: 90280472 | E65: 648 | F65: 15599952 | G65: 2687 | H65: =D65+F65-J65 -> 65081167 | I65: 1813 | J65: 40799257 | K65: =J65/I65 -> 22503.727 | L65: 63 | M65: CDHP1 | N65: CLM Dầu hào pet 170g | O65: Chai | P65: 2892 | Q65: 8051.28 | R65: 23284302
A66: CLM Nước Mắm Hương Việt pet 750ml Hàng onpack chén | B66: 12 | C66: 4218 | D66: 143970514 | E66: 1800 | F66: 61666200 | G66: 4874 | H66: =D66+F66-J66 -> 169006179 | I66: 1144 | J66: 36630535 | K66: =J66/I66 -> 32019.698 | L66: 64 | M66: CDHP3 | N66: CLM Dầu hào pet 350gr | O66: Chai | P66: 2848 | Q66: 15583.64 | R66: 44382207
A67: CLM Nước tương Hảo Vị 500ml | B67: 12 | C67: 5136 | D67: 75745997 | E67: 1752 | F67: 25955880 | G67: 6059 | H67: =D67+F67-J67 -> 90214644 | I67: 829 | J67: 11487233 | K67: =J67/I67 -> 13856.735 | L67: 65 | M67: CDHP8 | N67: CLM Dầu hào pet 820g | O67: Chai | P67: 1637 | Q67: 32897.98 | R67: 53853993
A68: CLM Nước tương Hảo Vị gói 7ml | B68: 12 | C68: 10400 | D68: 3813333 | E68: 0 | F68: 0 | G68: 9600 | H68: =D68+F68-J68 -> 3520000 | I68: 800 | J68: 293333 | K68: =J68/I68 -> 366.66625 | L68: 66 | M68: CĐHT3 | N68: CLM ĐL Hoành thánh 300gr/gói | O68: Gói | R68: 0
A69: CLM Nước tương Hương Việt 4.9 lít(3 bình/T) | B69: 12 | C69: 168 | D69: 9544198 | E69: 279 | F69: 4275018 | G69: 171 | H69: =D69+F69-J69 -> 221995 | I69: 276 | J69: 13597221 | K69: =J69/I69 -> 49265.293 | L69: 67 | M69: CGVKC5 | N69: CLM Gia vị kho cá 50g | O69: Gói | P69: 1570 | Q69: 4588.04 | R69: 7203222.8
A70: CLM Nước tương đậu nành pet 150ml | B70: 12 | C70: 1092 | D70: 6735333 | E70: 0 | F70: 0 | G70: 206 | H70: =D70+F70-J70 -> 1517300 | I70: 886 | J70: 5218033 | K70: =J70/I70 -> 5889.4278 | L70: 68 | M70: CGVKCG5C | N70: CLM (ko làm toa) Gia vị kho cá gói 50g | O70: Hộp | R70: 0
A71: CLM Nước tương đậu nành pet 300ml | B71: 12 | C71: 7371 | D71: 66190155 | E71: 1920 | F71: 21333120 | G71: 4938 | H71: =D71+F71-J71 -> 42296793 | I71: 4353 | J71: 45226482 | K71: =J71/I71 -> 10389.727 | L71: 69 | M71: CGVKT5 | N71: CLM Gia vị kho thịt 50g | O71: Gói | P71: 1844 | Q71: 4588.04 | R71: 8460345.8
A72: CLM Nước tương đậu nành pet 700ml | B72: 12 | C72: 1912 | D72: 38449684 | E72: 1560 | F72: 33221760 | G72: 3121 | H72: =D72+F72-J72 -> 64673570 | I72: 351 | J72: 6997874 | K72: =J72/I72 -> 19936.963 | L72: 70 | M72: CH2L1 | N72: CLM Heo 2 lát 160g | O72: Hộp | R72: 0
A73: CLM Ớt khô sa tế hũ TT 100g | B73: 12 | C73: 180 | D73: 2602954 | E73: 85 | F73: 1177052.4 | G73: 0 | H73: =D73+F73-J73 -> 110372.42 | I73: 265 | J73: 3669634 | K73: =J73/I73 -> 13847.675 | L73: 71 | M73: CHQGVT2 | N73: CLM Hộp quà Gia vị Tết 2024 | O73: Hộp | P73: 25 | Q73: 181805.14 | R73: 4545128.5
A74: CLM Ớt Sate hũ TT 150g | B74: 12 | C74: 2052 | D74: 31426776 | E74: 504 | F74: 7933464 | G74: 2016 | H74: =D74+F74-J74 -> 31414276 | I74: 540 | J74: 7945964 | K74: =J74/I74 -> 14714.748 | L74: 72 | M74: CHQNÝ | N74: CLM Hộp quà Như Ý | O74: Hộp | P74: 7 | Q74: 177477.02 | R74: 1242339.1
A75: CLM Sa tế chay pet 90gr | B75: 12 | C75: 5760 | D75: 42106565 | E75: 1368 | F75: 10132776 | G75: 4986 | H75: =D75+F75-J75 -> 37405948 | I75: 2142 | J75: 14833393 | K75: =J75/I75 -> 6925.0201 | L75: 73 | M75: CLCHST | N75: CLM Lẩu chua hải sản TT200g | O75: Chai | P75: 1419 | Q75: 14717.84 | R75: 20884615
A76: CLM Sa tế nướng ngũ vị pet 100g | B76: 12 | C76: 2646 | D76: 20061031 | E76: 720 | F76: 5235684.9 | G76: 2586 | H76: =D76+F76-J76 -> 19624724 | I76: 780 | J76: 5671992 | K76: =J76/I76 -> 7271.7846 | L76: 74 | M76: CLT2 | N76: CLM Lẩu thái 280g | O76: Chai | P76: 5123 | Q76: 14284.93 | R76: 73181696
A77: CLM Sa tế tôm 450g | B77: 12 | C77: 21344 | D77: 656441651 | E77: 13870 | F77: 423104640 | G77: 25509 | H77: =D77+F77-J77 -> 793886828 | I77: 9705 | J77: 285659463 | K77: =J77/I77 -> 29434.257 | L77: 75 | M77: CN3ĐĐ7(1 | N77: CLM nmắm 30 độ đạm 750ml (12c/th) | O77: Chai | R77: 0
A78: CLM Sa tế tôm hũ nhựa 100g | B78: 12 | C78: 22711 | D78: 206800382 | E78: 8744 | F78: 79997760 | G78: 15601 | H78: =D78+F78-J78 -> 149548979 | I78: 15854 | J78: 137249163 | K78: =J78/I78 -> 8657.0684 | L78: 76 | M78: CN4ĐĐ7(1 | N78: CLM nmắm 40 độ đạm 750ml (12c/th) | O78: Chai | R78: 0
A79: CLM Sa tế tôm pet 90g | B79: 12 | C79: 51521 | D79: 363655744 | E79: 37214 | F79: 266652000 | G79: 41008 | H79: =D79+F79-J79 -> 295371958 | I79: 48362 | J79: 334935786 | K79: =J79/I79 -> 6925.5983 | L79: 77 | M79: CN4ĐĐ7(1KM | N79: CLM (KM) nmắm 40 độ đạm 750ml (12c/th) | O79: Chai | R79: 0
A80: CLM Sauce ướp thịt nướng 200g | B80: 12 | C80: 3195 | D80: 57619421 | E80: 7471 | F80: 133253280 | G80: 7687 | H80: =D80+F80-J80 -> 140586531 | I80: 2979 | J80: 50286170 | K80: =J80/I80 -> 16880.218 | L80: 78 | M80: CNM3ĐĐ5( | N80: CLM nmắm 30 độ đạm 500ml (12c/th) | O80: Chai | P80: 720 | Q80: 36534.19 | R80: 26304617
A81: CLM Thịt heo bằm 150g | B81: 12 | C81: 618 | D81: 12921762 | E81: 0 | F81: 0 | G81: 32 | H81: =D81+F81-J81 -> 1463630 | I81: 586 | J81: 11458132 | K81: =J81/I81 -> 19553.126 | L81: 79 | M81: CNM4ĐĐ5( | N81: CLM nmắm 40 độ đạm 500ml (12c/th) | O81: Chai | R81: 0
A82: CLM Tương cà 830g | B82: 12 | C82: 564 | D82: 13801691 | E82: 216 | F82: 5299992 | G82: 306 | H82: =D82+F82-J82 -> 8228417 | I82: 474 | J82: 10873266 | K82: =J82/I82 -> 22939.38 | L82: 80 | M82: CNMCĐ1 | N82: CLM Nước mắm cao đạm 150ml | O82: Chai | P82: 191 | Q82: 15583.64 | R82: 2976475.2
A83: CLM Tương cà chai pet 2.1Kg | B83: 12 | C83: 1045 | D83: 55627273 | E83: 2820 | F83: 150139620 | G83: 3289 | H83: =D83+F83-J83 -> 177071330 | I83: 576 | J83: 28695563 | K83: =J83/I83 -> 49818.686 | L83: 81 | M83: CNMCĐ5 | N83: CLM Nước mắm cao đạm 500ml | O83: Chai | P83: 364 | Q83: 43633.64 | R83: 15882645
A84: CLM Tương cà chai pet 270g | B84: 12 | C84: 6789 | D84: 63245985 | E84: 4920 | F84: 44332320 | G84: 5799 | H84: =D84+F84-J84 -> 53858060 | I84: 5910 | J84: 53720245 | K84: =J84/I84 -> 9089.72 | L84: 82 | M84: CNMCĐ5( | N84: CLM Nước mắm cao đạm 500ml (Xuân) | O84: Hộp | P84: 150 | Q84: 96963.24 | R84: 14544486
A85: CLM Tương cà gói 10g | B85: 12 | C85: 50800 | D85: 24895116 | E85: 23200 | F85: 11391200 | G85: 33411 | H85: =D85+F85-J85 -> 17652802 | I85: 40589 | J85: 18633514 | K85: =J85/I85 -> 459.07793 | L85: 83 | M85: CNMCĐ7( | N85: CLM Nước mắm cao đạm 750ml (Xuân) | O85: Hộp | P85: 79 | Q85: 135055.14 | R85: 10669356
A86: CLM Tương chua ngọt pet 2.1 kg | B86: 12 | C86: 444 | D86: 23449263 | E86: 96 | F86: 5111136 | G86: 502 | H86: =D86+F86-J86 -> 26656372 | I86: 38 | J86: 1904027 | K86: =J86/I86 -> 50105.974 | L86: 84 | M86: CNMCT2 | N86: CLM Nước mắm chay tt 245ml | O86: Chai | P86: 817 | Q86: 14717.84 | R86: 12024475
A87: CLM Tương chua ngọt pet 270g | B87: 12 | C87: 408 | D87: 3857098 | E87: 0 | F87: 0 | G87: 233 | H87: =D87+F87-J87 -> 2268881 | I87: 175 | J87: 1588217 | K87: =J87/I87 -> 9075.5257 | L87: 85 | M87: CNMHV4L | N87: CLM Nước mắm Hương Việt 4.9 Lít | O87: Bình | P87: 245 | Q87: 49347.43 | R87: 12090120
A88: CLM Tương hột 250g | B88: 12 | C88: 900 | D88: 7404657 | E88: 468 | F88: 3899844 | G88: 1325 | H88: =D88+F88-J88 -> 10653008 | I88: 43 | J88: 651493 | K88: =J88/I88 -> 15151 | L88: 86 | M88: CNMHV5 | N88: CLM Nước Mắm Hương Việt 500ml hàng onpack chén | O88: Chai | P88: 1734 | Q88: 22509.19 | R88: 39030935
A89: CLM Tương ớt 5kg (3b/T) | B89: 12 | C89: 225 | D89: 25942946 | E89: 147 | F89: 15968530 | G89: 10 | H89: =D89+F89-J89 -> 2587612.4 | I89: 362 | J89: 39323864 | K89: =J89/I89 -> 108629.46 | L89: 87 | M89: CNMHV50 | N89: CLM Nước Mắm Hương Việt 500ml | O89: Chai | R89: 0
A90: CLM Tương ớt gói 10g | B90: 12 | C90: 57200 | D90: 28035599 | E90: 24800 | F90: 12176800 | G90: 36280 | H90: =D90+F90-J90 -> 19223488 | I90: 45720 | J90: 20988911 | K90: =J90/I90 -> 459.07504 | L90: 88 | M90: CNMHVP7 | N90: CLM Nước Mắm Hương Việt pet 750ml Hàng onpack chén | O90: Chai | P90: 1072 | Q90: 32032.16 | R90: 34338476
A91: CLM Tương ớt nắp xuôi 250g | B91: 12 | C91: 1920 | D91: 19627720 | E91: 192 | F91: 2026752 | G91: 1345 | H91: =D91+F91-J91 -> 14087710 | I91: 767 | J91: 7566762 | K91: =J91/I91 -> 9865.4003 | L91: 89 | M91: CNTĐNP1 | N91: CLM Nước tương đậu nành pet 150ml | O91: Chai | P91: 846 | Q91: 5886.76 | R91: 4980199
A92: CLM Tương ớt pet 130g | B92: 12 | C92: 96 | D92: 595584 | E92: 96 | F92: 595584 | G92: 8 | H92: =D92+F92-J92 -> 124080 | I92: 184 | J92: 1067088 | K92: =J92/I92 -> 5799.3913 | L92: 90 | M92: CNTĐNP3 | N92: CLM Nước tương đậu nành pet 300ml | O92: Chai | P92: 4801 | Q92: 10388.78 | R92: 49876533
A93: CLM Tương ớt pet 2.1Kg | B93: 12 | C93: 2105 | D93: 108155379 | E93: 3340 | F93: 162917460 | G93: 3522 | H93: =D93+F93-J93 -> 175338575 | I93: 1923 | J93: 95734264 | K93: =J93/I93 -> 49783.809 | L93: 91 | M93: CNTĐNP7 | N93: CLM Nước tương đậu nành pet 700ml | O93: Chai | P93: 339 | Q93: 19911.76 | R93: 6750086.6
A94: CLM Tương ớt pet 270g | B94: 12 | C94: 21454 | D94: 153225770 | E94: 9132 | F94: 39665760 | G94: 12151 | H94: =D94+F94-J94 -> 25314412 | I94: 18435 | J94: 167577118 | K94: =J94/I94 -> 9090.161 | L94: 92 | M94: CNTHV4LB | N94: CLM Nước tương Hương Việt 4.9 lít(3 bình/T) | O94: Bình | R94: 0
A95: CLM Tương ớt pet 830g | B95: 12 | C95: 540 | D95: 13238841 | E95: 588 | F95: 14427756 | G95: 605 | H95: =D95+F95-J95 -> 15672834 | I95: 523 | J95: 11993763 | K95: =J95/I95 -> 22932.625 | L95: 93 | M95: CNTHV5 | N95: CLM Nước tương Hảo Vị 500ml hàng onpack chén | O95: Chai | P95: 778 | Q95: 13852.02 | R95: 10776872
A96: CLM Tương ớt siêu cay 330g | B96: 12 | C96: 2454 | D96: 27075398 | E96: 342 | F96: 1333344 | G96: 1829 | H96: =D96+F96-J96 -> 15850371 | I96: 967 | J96: 12558371 | K96: =J96/I96 -> 12986.94 | L96: 94 | M96: CNTHVG7 | N96: CLM Nước tương Hảo Vị gói 7ml | O96: Gói | P96: 800 | Q96: 345.95 | R96: 276760
A97: CLM Tương ớt tự nhiên 330g | B97: 12 | C97: 192 | D97: 3657528 | E97: 109 | F97: 1809081 | G97: 0 | H97: =D97+F97-J97 -> 0 | I97: 301 | J97: 5466609 | K97: =J97/I97 -> 18161.492 | L97: 95 | M97: CNTTV5TV | N97: CLM Nước tương thanh vị 500ml | O97: Chai | P97: 26074 | Q97: 5194.86 | R97: 1.3545078e+08
A98: CLM Tương xí muội pet 2.1Kg | B98: 12 | C98: 258 | D98: 13370216 | E98: 174 | F98: 9263934 | G98: 400 | H98: =D98+F98-J98 -> 21062334 | I98: 32 | J98: 1571816 | K98: =J98/I98 -> 49119.25 | L98: 96 | M98: CỚKSTHT1 | N98: CLM Ớt khô sa tế hũ TT 100g | O98: Chai | P98: 252 | Q98: 13852.02 | R98: 3490709
A99: CLM Tương xí muội pet 270g | B99: 12 | C99: 1512 | D99: 14292784 | E99: 192 | F99: 1866624 | G99: 923 | H99: =D99+F99-J99 -> 9056476 | I99: 781 | J99: 7102932 | K99: =J99/I99 -> 9094.6633 | L99: 97 | M99: CỚSHT15 | N99: CLM Ớt Sate hũ TT 150g | O99: Hũ | P99: 516 | Q99: 14717.84 | R99: 7594405.4
A100: CLM Tương đen 230g | B100: 12 | C100: 1190 | D100: 4560276 | E100: 3832.1647 | F100: 0 | G100: 532 | H100: =D100+F100-J100 -> 0 | I100: 658 | J100: 4560276 | K100: =J100/I100 -> 6930.5106 | L100: 98 | M100: CPGNHHT1.24 | N100: Chí Phí Giao Nhận Hàng Hóa T1/2024 | O100: Tiền | R100: 0
...

Sheet ĐC Chính
A1: HÀNG TỒN KHO 31/12/2023 ĐÃ ĐIỀU CHỈNH GIÁ
C2: Tồn Đầu Kỳ | E2: Nhập | G2: Xuất | I2: Tồn cuối kỳ
A3: Tên Hàng | B3: Tháng | C3: Số Lượng | D3: T,Tiền | E3: Số Lượng | F3: T.Tiền | G3: Số Lượng | H3: T. Tiền | I3: Số Lượng | J3: T.Tiền | K3: Đơn Giá
A4: Cá viên Funny 500g | B4: 12 | C4: 226 | D4: 6255676 | E4: 100 | F4: 2774400 | G4: 100 | H4: =D4+F4-J4 -> 2769962 | I4: 226 | J4: 6260114 | K4: =J4/I4 -> 27699.619
A5: AL Anlene Concentrate Choco 4x125ml | B5: 12 | C5: 0 | D5: 0 | E5: 60 | F5: 1188660 | G5: 60 | H5: =D5+F5-J5 -> 1188660 | I5: 0 | J5: 0
A6: AL Anlene Concentrate Vanilla 4x125ml | B6: 12 | C6: 587 | D6: 19248466 | E6: 0 | F6: 0 | G6: 338 | H6: =D6+F6-J6 -> 14931342 | I6: 249 | J6: 4317124 | K6: =J6/I6 -> 17337.847
A7: AL Anlene Gold Vanilla Movepro 1Kg | B7: 12 | C7: 120 | D7: 35752144 | E7: 0 | F7: 0 | G7: 120 | H7: =D7+F7-J7 -> 35752144 | I7: 0 | J7: 0
A8: AL Anlene Gold Vanilla Movepro 400g | B8: 12 | C8: 504 | D8: 68557545 | E8: 0 | F8: 0 | G8: 134 | H8: =D8+F8-J8 -> 37679444 | I8: 370 | J8: 30878101 | K8: =J8/I8 -> 83454.327
A9: AL Anlene Gold Vanilla Movepro 440g | B9: 12 | C9: 344 | D9: 53839916 | E9: 0 | F9: 0 | G9: 34 | H9: =D9+F9-J9 -> 30363208 | I9: 310 | J9: 23476708 | K9: =J9/I9 -> 75731.316
A10: AL Anlene Gold Vanilla Movepro 800g | B10: 12 | C10: 153 | D10: 36613751 | E10: 0 | F10: 0 | G10: 153 | H10: =D10+F10-J10 -> 36613751 | I10: 0 | J10: 0
A11: AL Anlene Movepro UHT 180ml - Có đường | B11: 12 | C11: 554 | D11: 12063982 | E11: 0 | F11: 0 | G11: 344 | H11: =D11+F11-J11 -> 9537950 | I11: 210 | J11: 2526032 | K11: =J11/I11 -> 12028.724
A12: AL Anlene Movepro UHT 180ml - Không béo | B12: 12 | C12: 180 | D12: 3904035 | E12: 0 | F12: 0 | G12: 40 | H12: =D12+F12-J12 -> 2212287 | I12: 140 | J12: 1691748 | K12: =J12/I12 -> 12083.914
A13: AL Anlene Vanilla Movepro 440g | B13: 12 | C13: 295 | D13: 31404753 | E13: 0 | F13: 0 | G13: 277 | H13: =D13+F13-J13 -> 29488531 | I13: 18 | J13: 1916222 | K13: =J13/I13 -> 106456.78
A14: AL Anlene Vanilla Movepro 800g | B14: 12 | C14: 170 | D14: 40681945 | E14: 0 | F14: 0 | G14: 88 | H14: =D14+F14-J14 -> 29195278 | I14: 82 | J14: 11486667 | K14: =J14/I14 -> 140081.3
A15: AL Anlene Vanilla Movepro Sachet 20gx3 | B15: 12 | C15: 18 | D15: 407934 | E15: 0 | F15: 0 | G15: 18 | H15: =D15+F15-J15 -> 407934 | I15: 0 | J15: 0
A16: AL Anmum Concentrate Choco 4x125ml | B16: 12 | C16: 0 | D16: 0 | E16: 3 | F16: 57891 | G16: 3 | H16: =D16+F16-J16 -> 57891 | I16: 0 | J16: 0
A17: AL Anmum Concentrate Vanilla 4x125ml | B17: 12 | C17: 0 | D17: 0 | E17: 12 | F17: 231564 | G17: 12 | H17: =D17+F17-J17 -> 231564 | I17: 0 | J17: 0
A18: Bánh bao chay 300gr | B18: 12 | C18: 72 | D18: 1533524 | E18: 35 | F18: 745360 | G18: 67 | H18: =D18+F18-J18 -> 1490606 | I18: 40 | J18: 788278 | K18: =J18/I18 -> 19706.95
A19: Bánh bao nhân thịt 400gr | B19: 12 | C19: 96 | D19: 2486575 | E19: 51 | F19: 1322226 | G19: 4 | H19: =D19+F19-J19 -> 388653 | I19: 143 | J19: 3420148 | K19: =J19/I19 -> 23917.119
A20: Bánh bao nhân xá xíu 280g | B20: 12 | C20: 67 | D20: 2083589 | E20: 0 | F20: 0 | G20: 1 | H20: =D20+F20-J20 -> 155492 | I20: 66 | J20: 1928097 | K20: =J20/I20 -> 29213.591
A21: Bánh kem xốp phô mai – Richeese Nabati Cheese Cream Wafer 6g | B21: 12 | C21: 650 | D21: 74700000 | E21: 160 | F21: 18432000 | G21: 0 | H21: =D21+F21-J21 -> 0 | I21: 810 | J21: 93132000 | K21: =J21/I21 -> 114977.78
A22: Bánh Kem Xốp Phủ Sô Cô La - Nabati Richoco Time Break 48g | B22: 12 | C22: 280 | D22: 74052080 | E22: 0 | F22: 0 | G22: 0 | H22: =D22+F22-J22 -> 0 | I22: 280 | J22: 74052080 | K22: =J22/I22 -> 264471.71
A23: Bánh kem xốp sữa chua hương phúc bồn tử- Nabati Richberry 110g | B23: 12 | C23: 102 | D23: 19779439 | E23: 0 | F23: 0 | G23: 100 | H23: =D23+F23-J23 -> 19391607 | I23: 2 | J23: 387832 | K23: =J23/I23 -> 193916
A24: Bánh ống lớn nhân phô mai - Nabati Cheese Wafer Stick- Big rolls cheese 14g | B24: 12 | C24: 0 | D24: 0 | E24: 50 | F24: 8509100 | G24: 0 | H24: =D24+F24-J24 -> 0 | I24: 50 | J24: 8509100 | K24: =J24/I24 -> 170182
A25: Bánh Quy Nhân Kem Hương Vani - Nabati Cookies & Cream - Sandwich Cookies with Vanilla Flavour Cream 16g | B25: 12 | C25: 137 | D25: 22821826 | E25: 0 | F25: 0 | G25: 20 | H25: =D25+F25-J25 -> 3331653 | I25: 117 | J25: 19490173 | K25: =J25/I25 -> 166582.68
A26: Bánh quy nhân kem hương Vani - Nabati Cookies & Cream 112g | B26: 12 | C26: 106 | D26: 16323470 | E26: 45 | F26: 10556505 | G26: 58 | H26: =D26+F26-J26 -> 4984366 | I26: 93 | J26: 21895609 | K26: =J26/I26 -> 235436.66
A27: Bánh Quy Nhân Phô Mai - Nabati Richeese Cookies 112g | B27: 12 | C27: 94 | D27: 17372116 | E27: 40 | F27: 9383560 | G27: 63 | H27: =D27+F27-J27 -> 9983461 | I27: 71 | J27: 16772215 | K27: =J27/I27 -> 236228.38
A28: Bánh sôcôla (dạng xốp) – Richoco Nabati Chocolate Cream Wafer 6g | B28: 12 | C28: 351 | D28: 40194000 | E28: 0 | F28: 0 | G28: 0 | H28: =D28+F28-J28 -> 0 | I28: 351 | J28: 40194000 | K28: =J28/I28 -> 114512.82
A29: Bánh xếp kiểu nhật mini 360g | B29: 12 | C29: 40 | D29: 1818200 | E29: 0 | F29: 0 | G29: 0 | H29: =D29+F29-J29 -> 0 | I29: 40 | J29: 1818200 | K29: =J29/I29 -> 45455
A30: BEL Phô mai CBC 16M | B30: 12 | C30: 833 | D30: 46378988 | E30: 4571 | F30: 254508576 | G30: 5404 | H30: =D30+F30-J30 -> 300887564 | I30: 0 | J30: 0
A31: BEL Phô mai CBC 8M | B31: 12 | C31: 273867 | D31: 255643095 | E31: 8568 | F31: 267390144 | G31: 274625 | H31: =D31+F31-J31 -> 279311599 | I31: 7810 | J31: 243721640 | K31: =J31/I31 -> 31206.356
A32: BEL Pho mai Cube vị sữa 78g | B32: 12 | C32: 25915 | D32: 50321430 | E32: 1500 | F32: 54276000 | G32: 26863 | H32: =D32+F32-J32 -> 84634375 | I32: 552 | J32: 19963055 | K32: =J32/I32 -> 36164.955
A33: BEL Phô mai vuông LeCube Tổ yến 78g | B33: 12 | C33: 2430 | D33: 87927120 | E33: 0 | F33: 0 | G33: 0 | H33: =D33+F33-J33 -> 0 | I33: 2430 | J33: 87927120 | K33: =J33/I33 -> 36184
A34: BEL Phomai Cube Country (truyền thống ) 78g | B34: 12 | C34: 0 | D34: 189538 | E34: 0 | F34: 0 | G34: 0 | H34: =D34+F34-J34 -> 0 | I34: 0 | J34: 189538
A35: BEL PM Lát CBC Burger 200gx32 | B35: 12 | C35: 160 | D35: 8538638 | E35: 0 | F35: 0 | G35: 26 | H35: =D35+F35-J35 -> 1526583 | I35: 134 | J35: 7012055 | K35: =J35/I35 -> 52328.769
A36: BEL PM Vuông LeCube 9C/ 47G (12/LỐ ) | B36: 12 | C36: 0 | D36: 0 | E36: 0 | F36: 0 | G36: 0 | H36: =D36+F36-J36 -> 0 | I36: 0 | J36: 0
A37: BEL PM vuông Belcube vị ngọt Dâu 78g | B37: 12 | C37: 9485 | D37: 33640650 | E37: 1050 | F37: 37993200 | G37: 9635 | H37: =D37+F37-J37 -> 39077621 | I37: 900 | J37: 32556229 | K37: =J37/I37 -> 36173.588
A38: BEL PM vuông Belcube vị ngọt Socola 78g | B38: 12 | C38: 320 | D38: 11571799 | E38: 405 | F38: 14654520 | G38: 630 | H38: =D38+F38-J38 -> 22789767 | I38: 95 | J38: 3436552 | K38: =J38/I38 -> 36174.232
A39: BEL PM vuông Belcube vị ngọt Vani 78g | B39: 12 | C39: 270 | D39: 9896208 | E39: 120 | F39: 4342080 | G39: 319 | H39: =D39+F39-J39 -> 11669303 | I39: 71 | J39: 2568985 | K39: =J39/I39 -> 36182.887
A40: Bột canh nấm bào ngư 180g | B40: 12 | C40: 1500 | D40: 7597338 | E40: 250 | F40: 1273250 | G40: 691 | H40: =D40+F40-J40 -> 3827026 | I40: 1059 | J40: 5043562 | K40: =J40/I40 -> 4762.5703
A41: Cá Saba xốt Siracha 185g | B41: 12 | C41: 192 | D41: 4111968 | E41: 48 | F41: 933312 | G41: 0 | H41: =D41+F41-J41 -> 0 | I41: 240 | J41: 5045280 | K41: =J41/I41 -> 21022
A42: CLM Gia vị kho cá 50g | B42: 12 | C42: 4020 | D42: 19708744 | E42: 3360 | F42: 16487520 | G42: 5702 | H42: =D42+F42-J42 -> 28495976 | I42: 1678 | J42: 7700288 | K42: =J42/I42 -> 4588.9678
A43: CLM Bột canh 180g | B43: 12 | C43: 750 | D43: 2517000 | E43: 0 | F43: 0 | G43: 23 | H43: =D43+F43-J43 -> 0 | I43: 727 | J43: 2517000 | K43: =J43/I43 -> 3462.1733
A44: CLM Bột canh nấm hương 180g | B44: 12 | C44: 1350 | D44: 5561964 | E44: 200 | F44: 833400 | G44: 780 | H44: =D44+F44-J44 -> 3218313 | I44: 770 | J44: 3177051 | K44: =J44/I44 -> 4126.0403
A45: CLM Cá Ngừ ngâm dầu 185g | B45: 12 | C45: 1676 | D45: 38641471 | E45: 288 | F45: 6666624 | G45: 143 | H45: =D45+F45-J45 -> 5905739 | I45: 1821 | J45: 39402356 | K45: =J45/I45 -> 21637.757
A46: CLM cá xốt cà KOS 155g ( cá saba sốt cải) | B46: 12 | C46: 0 | D46: 0 | E46: 3600 | F46: 38332800 | G46: 10 | H46: =D46+F46-J46 -> 106480 | I46: 3590 | J46: 38226320 | K46: =J46/I46 -> 10648
A47: CLM Dầu dấm trộn salad pet 270g | B47: 12 | C47: 4478 | D47: 65694476 | E47: 9176 | F47: 133335000 | G47: 7664 | H47: =D47+F47-J47 -> 116059227 | I47: 5990 | J47: 82970249 | K47: =J47/I47 -> 13851.461
A48: CLM Dầu hào 2,25kg | B48: 12 | C48: 162 | D48: 14271796 | E48: 119 | F48: 9838718.9 | G48: 6 | H48: =D48+F48-J48 -> 1348613.9 | I48: 275 | J48: 22761901 | K48: =J48/I48 -> 82770.549
... A53: CLM Dầu hào pet 820g | B53: 12 | C53: 3051 | D53: 99561656 | E53: 1476 | F53: 51966396 | G53: 2861 | H53: =D53+F53-J53 -> 96734277 | I53: 1666 | J53: 54793775 | K53: =J53/I53 -> 32889.421
A54: CLM Gia vị kho cá gói 50g | B54: 12 | C54: 0 | D54: 0 | E54: 0 | F54: 0 | G54: 0 | H54: =D54+F54-J54 -> 0 | I54: 0 | J54: 0
A55: CLM Gia vị kho thịt 50g | B55: 12 | C55: 4034 | D55: 19765883 | E55: 4080 | F55: 20020560 | G55: 6143 | H55: =D55+F55-J55 -> 30744515 | I55: 1971 | J55: 9041928 | K55: =J55/I55 -> 4587.4825
A56: CLM Gia vị kho thịt gói 50g | B56: 12 | C56: 0 | D56: 0 | E56: 0 | F56: 0 | G56: 0 | H56: =D56+F56-J56 -> 0 | I56: 0 | J56: 0
A57: CLM Hộp quà Gia vị Tết 2024 | B57: 12 | C57: 25 | D57: 4861100 | E57: 0 | F57: 0 | G57: 0 | H57: =D57+F57-J57 -> 0 | I57: 25 | J57: 4861100 | K57: =J57/I57 -> 194444
A58: CLM Hộp quà Như Ý | B58: 12 | C58: 7 | D58: 1328705 | E58: 0 | F58: 0 | G58: 0 | H58: =D58+F58-J58 -> 0 | I58: 7 | J58: 1328705 | K58: =J58/I58 -> 189815
A59: CLM Lẩu chua hải sản TT200g | B59: 12 | C59: 3640 | D59: 56770482 | E59: 4421 | F59: 68567796 | G59: 6562 | H59: =D59+F59-J59 -> 103274636 | I59: 1499 | J59: 22063642 | K59: =J59/I59 -> 14718.907
A60: CLM Nước mắm cao đạm 150ml | B60: 12 | C60: 170 | D60: 1385264 | E60: 24 | F60: 400008 | G60: 81 | H60: =D60+F60-J60 -> 27607 | I60: 113 | J60: 1757665 | K60: =J60/I60 -> 15554.558
A61: CLM Nước mắm cao đạm 500ml | B61: 12 | C61: 384 | D61: 17725913 | E61: 0 | F61: 0 | H61: =D61+F61-J61 -> 923225 | I61: 384 | J61: 16802688 | K61: =J61/I61 -> 43757
A62: CLM Nước mắm cao đạm 500ml (Xuân) | B62: 12 | C62: 156 | D62: 16177824 | E62: 0 | F62: 0 | H62: =D62+F62-J62 -> 622224 | I62: 156 | J62: 15555600 | K62: =J62/I62 -> 99715.385
A63: CLM Nước mắm cao đạm 750ml (Xuân) | B63: 12 | C63: 84 | D63: 12133296 | F63: 0 | H63: =D63+F63-J63 -> 0 | I63: 84 | J63: 12133296 | K63: =J63/I63 -> 144444
A64: CLM Nước mắm chay tt 245ml | B64: 12 | C64: 1608 | D64: 25016122 | E64: 552 | F64: 8689032 | G64: 1294 | H64: =D64+F64-J64 -> 20956492 | I64: 866 | J64: 12748662 | K64: =J64/I64 -> 14721.319
A65: CLM Nước Mắm Hương Việt 500ml hàng onpack chén | B65: 12 | C65: 3852 | D65: 90280472 | E65: 648 | F65: 15599952 | G65: 2687 | H65: =D65+F65-J65 -> 65081167 | I65: 1813 | J65: 40799257 | K65: =J65/I65 -> 22503.727
A66: CLM Nước Mắm Hương Việt pet 750ml Hàng onpack chén | B66: 12 | C66: 4218 | D66: 143970514 | E66: 1800 | F66: 61666200 | G66: 4874 | H66: =D66+F66-J66 -> 169006179 | I66: 1144 | J66: 36630535 | K66: =J66/I66 -> 32019.698
A67: CLM Nước tương Hảo Vị 500ml | B67: 12 | C67: 5136 | D67: 75745997 | E67: 1752 | F67: 25955880 | G67: 6059 | H67: =D67+F67-J67 -> 90214644 | I67: 829 | J67: 11487233 | K67: =J67/I67 -> 13856.735
A68: CLM Nước tương Hảo Vị gói 7ml | B68: 12 | C68: 10400 | D68: 3813333 | E68: 0 | F68: 0 | G68: 9600 | H68: =D68+F68-J68 -> 3520000 | I68: 800 | J68: 293333 | K68: =J68/I68 -> 366.66625
A69: CLM Nước tương Hương Việt 4.9 lít(3 bình/T) | B69: 12 | C69: 168 | D69: 9544198 | E69: 279 | F69: 4275018 | G69: 171 | H69: =D69+F69-J69 -> 221995 | I69: 276 | J69: 13597221 | K69: =J69/I69 -> 49265.293
A70: CLM Nước tương đậu nành pet 150ml | B70: 12 | C70: 1092 | D70: 6735333 | E70: 0 | F70: 0 | G70: 206 | H70: =D70+F70-J70 -> 1517300 | I70: 886 | J70: 5218033 | K70: =J70/I70 -> 5889.4278
A71: CLM Nước tương đậu nành pet 300ml | B71: 12 | C71: 7371 | D71: 66190155 | E71: 1920 | F71: 21333120 | G71: 4938 | H71: =D71+F71-J71 -> 42296793 | I71: 4353 | J71: 45226482 | K71: =J71/I71 -> 10389.727
A72: CLM Nước tương đậu nành pet 700ml | B72: 12 | C72: 1912 | D72: 38449684 | E72: 1560 | F72: 33221760 | G72: 3121 | H72: =D72+F72-J72 -> 64673570 | I72: 351 | J72: 6997874 | K72: =J72/I72 -> 19936.963
A73: CLM Ớt khô sa tế hũ TT 100g | B73: 12 | C73: 180 | D73: 2602954 | E73: 85 | F73: 1177052.4 | G73: 0 | H73: =D73+F73-J73 -> 110372.42 | I73: 265 | J73: 3669634 | K73: =J73/I73 -> 13847.675
A74: CLM Ớt Sate hũ TT 150g | B74: 12 | C74: 2052 | D74: 31426776 | E74: 504 | F74: 7933464 | G74: 2016 | H74: =D74+F74-J74 -> 31414276 | I74: 540 | J74: 7945964 | K74: =J74/I74 -> 14714.748
A75: CLM Sa tế chay pet 90gr | B75: 12 | C75: 5760 | D75: 42106565 | E75: 1368 | F75: 10132776 | G75: 4986 | H75: =D75+F75-J75 -> 37405948 | I75: 2142 | J75: 14833393 | K75: =J75/I75 -> 6925.0201
... A101: CLM Tương đen phở 230g | B101: 12 | C101: 46476 | D101: 335124139 | E101: 977 | F101: 44416165 | G101: 45413 | H101: =D101+F101-J101 -> 2.8679826e+08 | I101: 2040 | J101: 92742043 | K101: =J101/I101 -> 45461.786
A102: CLM Tương đen phở 520g | B102: 12 | C102: 48 | D102: 2333328 | E102: 202 | F102: 1458330 | H102: =D102+F102-J102 -> 0 | I102: 250 | J102: 3791658 | K102: =J102/I102 -> 15166.632
A103: CLM Xốt ướp xá xíu TT 200G | B103: 12 | C103: 864 | D103: 15351650 | E103: 684 | F103: 12350304 | G103: 1103 | H103: =D103+F103-J103 -> 20185920 | I103: 445 | J103: 7516034 | K103: =J103/I103 -> 16889.964
A104: CLM Xốt bò kho gói 90g | B104: 12 | C104: 7094 | D104: 57800393 | E104: 7800 | F104: 63554400 | G104: 13333 | H104: =D104+F104-J104 -> 109458862 | I104: 1561 | J104: 11895931 | K104: =J104/I104 -> 7620.7117
A105: CLM Xốt bún bò gói 90g | B105: 12 | C105: 2500 | D105: 20355350 | E105: 1320 | F105: 10755360 | G105: 2890 | H105: =D105+F105-J105 -> 24025287 | I105: 930 | J105: 7085423 | K105: =J105/I105 -> 7618.7344
A106: CLM Xốt cá chiên PET 280g | B106: 12 | C106: 240 | D106: 3935440 | E106: 90 | F106: 1200024 | H106: =D106+F106-J106 -> 0 | I106: 330 | J106: 5135464 | K106: =J106/I106 -> 15562.012
A107: CLM Xốt cà chua KetChup TT 330g | B107: 12 | C107: 192 | D107: 3650221 | E107: 83 | F107: 1342579 | G107: 0 | H107: =D107+F107-J107 -> 0 | I107: 275 | J107: 4992800 | K107: =J107/I107 -> 18155.636
A108: CLM Xốt gà chiên nước mắm 90g | B108: 12 | C108: 4325 | D108: 27997920 | E108: 2412 | F108: 15554400 | G108: 4660 | H108: =D108+F108-J108 -> 30965654 | I108: 2077 | J108: 12586666 | K108: =J108/I108 -> 6060.0221
A109: CLM Xốt lẩu kim chi pet 280g | B109: 12 | C109: 4565 | D109: 92887200 | E109: 0 | F109: 0 | G109: 2461 | H109: =D109+F109-J109 -> 52822600 | I109: 2104 | J109: 40064600 | K109: =J109/I109 -> 19042.11
A110: CLM Xốt lẩu nấm pet 270g | B110: 12 | C110: 336 | D110: 5841722 | E110: 312 | F110: 5489016 | G110: 148 | H110: =D110+F110-J110 -> 3112456 | I110: 500 | J110: 8218282 | K110: =J110/I110 -> 16436.564
A111: CLM Xốt Lẩu Thái pet 890g | B111: 12 | C111: 612 | D111: 25119032 | E111: 829 | F111: 3500028 | G111: 612 | H111: =D111+F111-J111 -> 16776690 | I111: 829 | J111: 11842370 | K111: =J111/I111 -> 14285.127
A112: CLM Xốt mì Ý bò bằm 140g | B112: 12 | C112: 320 | D112: 7371274 | E112: 160 | F112: 3703680 | G112: 203 | H112: =D112+F112-J112 -> 5076021 | I112: 277 | J112: 5998933 | K112: =J112/I112 -> 21656.798
A113: CLM Xốt mì Ý cà chua 140g | B113: 12 | C113: 120 | D113: 2654520 | E113: 80 | F113: 1777760 | G113: 115 | H113: =D113+F113-J113 -> 2659368 | I113: 85 | J113: 1772912 | K113: =J113/I113 -> 20857.788
A114: CLM Xốt rang me pet 280g | B114: 12 | C114: 2652 | D114: 31770271 | E114: 3648 | F114: 43333200 | G114: 3192 | H114: =D114+F114-J114 -> 40126712 | I114: 3108 | J114: 34976759 | K114: =J114/I114 -> 11253.783
A115: CLM Xốt sườn xào chua ngọt 90g | B115: 12 | C115: 4685 | D115: 40734720 | E115: 2400 | F115: 20889600 | G115: 6911 | H115: =D115+F115-J115 -> 60206569 | I115: 174 | J115: 1417751 | K115: =J115/I115 -> 8147.9943
A116: CLM Xốt ướp thịt HQ 190g vị truyền thống | B116: 12 | C116: 216 | D116: 3755160 | E116: 36 | F116: 666684 | G116: 120 | H116: =D116+F116-J116 -> 2105640 | I116: 132 | J116: 2316204 | K116: =J116/I116 -> 17547
A117: CLM Xốt ướp thịt HQ vị cay 190g | B117: 12 | C117: 72 | D117: 1333368 | E117: 36 | F117: 666684 | G117: 100 | H117: =D117+F117-J117 -> 1851900 | I117: 8 | J117: 148152 | K117: =J117/I117 -> 18519
A118: CLM Xốt ướp thịt nướng 600g | B118: 12 | C118: 944 | D118: 42152428 | E118: 840 | F118: 37721880 | G118: 1097 | H118: =D118+F118-J118 -> 51040757 | I118: 687 | J118: 28833551 | K118: =J118/I118 -> 41970.234
... A135: NBT Bánh KXPM Richeese Nabati Cheese Cream Wafer 110g Tết | B135: 12 | C135: 1150 | D135: 211217050 | E135: 0 | F135: 0 | G135: 0 | H135: =D135+F135-J135 -> 0 | I135: 1150 | J135: 211217050 | K135: =J135/I135 -> 183667
A136: NBT Bánh KXPM Richeese Nabati Cheese Wafer 120g | B136: 12 | C136: 0 | D136: 0 | E136: 0 | F136: 0 | G136: 0 | H136: =D136+F136-J136 -> 0 | I136: 0 | J136: 0
A137: NBT Bánh KXPM Richeese Nabati Cheese Wafer 15g | B137: 12 | C137: 898 | D137: 164227145 | E137: 455 | F137: 83865600 | G137: 770 | H137: =D137+F137-J137 -> 141190993 | I137: 583 | J137: 106901752 | K137: =J137/I137 -> 183364.93
A138: NBT Bánh KXPM Richeese Nabati Cheese Wafer 16g | B138: 12 | C138: 13 | D138: 2323520 | E138: 67 | F138: 11975065 | G138: 80 | H138: =D138+F138-J138 -> 14298585 | I138: 0 | J138: 0
A139: NBT Bánh KXPM Richeese Nabati Cheese Wafer 17g | B139: 12 | C139: 427 | D139: 83128984 | E139: 690 | F139: 132239190 | G139: 991 | H139: =D139+F139-J139 -> 191147067 | I139: 126 | J139: 24221107 | K139: =J139/I139 -> 192231.01
A140: NBT Bánh KXPM Richeese Nabati Cheese Wafer 50g | B140: 12 | C140: 888 | D140: 82354219 | E140: 7974 | F140: 36748470 | G140: 988 | H140: =D140+F140-J140 -> 82815073 | I140: 7874 | J140: 36287616 | K140: =J140/I140 -> 4608.5364
A141: NBT Bánh KXPM Richeese Nabati Cheese Wafer 7.5g | B141: 12 | C141: 0 | D141: 190478.49 | F141: 7004.2614 | G141: 0 | H141: =D141+F141-J141 -> 197482.75 | I141: 0 | J141: 0
A142: NBT Bánh KXPM Richoco Nabati Chocolate Wafer 17g | B142: 12 | C142: 1197 | D142: 228002752 | E142: 13544.218 | F142: 94867245 | G142: 0.21819766 | H142: =D142+F142-J142 -> 87014609 | I142: 14741 | J142: 235855388 | K142: =J142/I142 -> 15999.958
A143: NBT Bánh Nabati Gaito Cheese Sandwich 32g | B143: 12 | C143: 0 | D143: 0 | E143: 0 | F143: 0 | G143: 0 | H143: =D143+F143-J143 -> 0 | I143: 0 | J143: 0
A144: NBT Bánh Nabati Kem xốp sữa chua hương phúc bồn tử 20g | B144: 12 | C144: 319 | D144: 60576489 | E144: 0 | F144: 0 | G144: 0 | H144: =D144+F144-J144 -> 0 | I144: 319 | J144: 60576489 | K144: =J144/I144 -> 189894.95
A145: NBT Bánh Nabati Sandwich Green Tea Gream Wafer 40g | B145: 12 | C145: 0 | D145: 0 | E145: 0 | F145: 0 | G145: 0 | H145: =D145+F145-J145 -> 0 | I145: 0 | J145: 0
...

Sheet T 12 ĐC lan 2
C1: Tồn Đầu Kỳ | E1: Nhập | G1: Xuất | I1: Tồn cuối kỳ
A2: Tên Hàng | B2: Tháng | C2: Số Lượng | D2: T,Tiền | E2: Số Lượng | F2: T.Tiền | G2: Số Lượng | H2: T. Tiền | I2: Số Lượng | J2: T.Tiền
A3: Cá viên Funny 500g | B3: 12 | C3: 226 | D3: 6255676 | E3: 100 | F3: 2774400 | G3: 100 | H3: 2769962 | I3: 226 | J3: 6260114 | K3: BEL (KM) Pho mai Cube vị sữa 78g ( km) | L3: Gói | M3: 3 | N3: 0 | Q3: =O3*P3 -> 0 | R3: =J3-Q274 -> -10030
A4: AL Anlene Concentrate Choco 4x125ml | B4: 12 | C4: 0 | D4: 0 | E4: 60 | F4: 1188660 | G4: 60 | H4: 1188660 | I4: 0 | J4: 0 | K4: BEL (KM) PM vuông Belcube vị Dâu 26g (km) | L4: Gói | M4: 30 | N4: 0 | Q4: =O4*P4 -> 0
A5: AL Anlene Concentrate Vanilla 4x125ml | B5: 12 | C5: 587 | D5: 19248466 | E5: 0 | F5: 0 | G5: =455-117 -> 338 | H5: =G5*N5 -> 0 | I5: =C5-G5 -> 249 | J5: 4317124 | K5: BEL (KM) PM vuông Belcube vị ngọt Dâu 78g | L5: Gói | M5: 495 | N5: 0 | Q5: =O5*P5 -> 0 | R5: =J5-Q6 -> 2024640.4 | S5: =R5-I5 -> 2024391.4 | V5: BEL (KM) Pho mai Cube vị sữa 78g ( km) | W5: Gói | X5: 3 | Y5: 0
A6: AL Anlene Gold Vanilla Movepro 1Kg | B6: 12 | C6: 120 | D6: 35752144 | E6: 0 | F6: 0 | G6: 120 | H6: 35752144 | I6: 0 | J6: 0 | K6: BEL Phô mai CBC 16M 240g Tết | L6: Hộp | M6: 729 | N6: 46436382 | O6: 132 | P6: 17367.3 | Q6: =O6*P6 -> 2292483.6 | V6: BEL (KM) PM vuông Belcube vị Dâu 26g (km) | W6: Gói | X6: 30 | Y6: 0
A7: AL Anlene Gold Vanilla Movepro 400g | B7: 12 | C7: 504 | D7: 68557545 | E7: 0 | F7: 0 | G7: =C7-I7 -> 134 | H7: 37679444 | I7: 370 | J7: 30878101 | K7: BEL pho mai CBC 24m HRC6 | L7: Hộp | M7: 120 | N7: 8907278 | Q7: =O7*P7 -> 0 | S7: =R7-I7 -> -370 | V7: BEL (KM) PM vuông Belcube vị ngọt Dâu 78g | W7: Gói | X7: 495 | Y7: 0
A8: AL Anlene Gold Vanilla Movepro 440g | B8: 12 | C8: 344 | D8: 53839916 | E8: 0 | F8: 0 | G8: =C8-I8 -> 34 | H8: =G8*N8 -> 3.8698993e+09 | I8: 310 | J8: 23476708 | K8: BEL Phô mai CBC 8M 120g Tết | L8: Hộp | M8: 3377 | N8: 1.1382057e+08 | Q8: =O8*P8 -> 0 | S8: =R8-I8 -> -310 | V8: BEL Phô mai CBC 16M 240g Tết | W8: Hộp | X8: 729 | Y8: 46436382
A9: AL Anlene Gold Vanilla Movepro 800g | B9: 12 | C9: 153 | D9: 36613751 | E9: 0 | F9: 0 | G9: 153 | H9: 36613751 | I9: 0 | J9: 0 | K9: BEL PM Lát CBC Burger 200gx32 | L9: Gói | M9: 130 | N9: 7391638.1 | O9: 227 | P9: 83500.2 | Q9: =O9*P9 -> 18954545 | R9: =J7-Q9 -> 11923556 | V9: BEL pho mai CBC 24m HRC6 | W9: Hộp | X9: 120 | Y9: 8907278
A10: AL Anlene Movepro UHT 180ml - Có đường | B10: 12 | C10: 554 | D10: 12063982 | E10: 0 | F10: 0 | G10: =C10-I10 -> 344 | H10: =G10*P14 -> 4142138.4 | I10: 210 | J10: 2526032 | K10: BEL PM vuông Belcube vị ngọt Dâu 78g | L10: Gói | M10: 750 | N10: 32158735 | O10: 150 | P10: 75700.8 | Q10: =O10*P10 -> 11355120 | R10: =J8-Q10 -> 12121588 | V10: BEL Phô mai CBC 8M 120g Tết | W10: Hộp | X10: 3377 | Y10: 1.1382057e+08
A11: AL Anlene Movepro UHT 180ml - Không béo | B11: 12 | C11: 180 | D11: 3904035 | E11: 0 | F11: 0 | G11: =C11-I11 -> 40 | H11: =G11*N11 -> 3.5849123e+08 | I11: 140 | J11: 1691748 | K11: BEL PM vuông Belcube vị ngọt Socola 78g | L11: Gói | M11: 245 | N11: 8962280.7 | O11: 0 | Q11: =O11*P11 -> 0 | V11: BEL PM Lát CBC Burger 200gx32 | W11: Gói | X11: 130 | Y11: 7391638.1
A12: AL Anlene Vanilla Movepro 440g | B12: 12 | C12: 295 | D12: 31404753 | E12: 0 | F12: 0 | G12: 277 | H12: 29488531 | I12: 18 | J12: 1916222 | K12: BEL PM vuông Belcube vị ngọt Vani 78g | L12: Gói | M12: 125 | N12: 3982983.4 | Q12: =O12*P12 -> 0 | V12: BEL PM vuông Belcube vị ngọt Dâu 78g | W12: Gói | X12: 750 | Y12: 32158735
A13: AL Anlene Vanilla Movepro 800g | B13: 12 | C13: 170 | D13: 40681945 | E13: 0 | F13: 0 | G13: =C13-I13 -> 88 | H13: =G13*N13 -> 1.9497365e+09 | I13: 82 | J13: 11486667 | K13: BEL PM vuông Belcube vị sữa 125g | L13: Gói | M13: 399 | N13: 22156097 | Q13: =O13*P13 -> 0 | V13: BEL PM vuông Belcube vị ngọt Socola 78g | W13: Gói | X13: 245 | Y13: 8962280.7
A14: AL Anlene Vanilla Movepro Sachet 20gx3 | B14: 12 | C14: 18 | D14: 407934 | E14: 0 | F14: 0 | G14: 18 | H14: 407934 | I14: 0 | J14: 0 | K14: BEL PM vuông Belcube vị sữa 78g | L14: Gói | M14: 486 | N14: 18690968 | O14: 116 | P14: 12041.1 | Q14: =O14*P14 -> 1396767.6 | R14: =J10-Q14 -> 1129264.4 | V14: BEL PM vuông Belcube vị ngọt Vani 78g | W14: Gói | X14: 125 | Y14: 3982983.4
A15: AL Anmum Concentrate Choco 4x125ml | B15: 12 | C15: 0 | D15: 0 | E15: 3 | F15: 57891 | G15: 3 | H15: 57891 | I15: 0 | J15: 0 | K15: BEL PM vuông Belcube vị Việt Quất 78g | L15: Gói | M15: 558 | N15: 0 | O15: 78 | P15: 12041.1 | Q15: =O15*P15 -> 939205.8 | R15: =J11-Q15 -> 752542.2 | V15: BEL PM vuông Belcube vị sữa 125g | W15: Gói | X15: 399 | Y15: 22156097
A16: AL Anmum Concentrate Vanilla 4x125ml | B16: 12 | C16: 0 | D16: 0 | E16: 12 | F16: 231564 | G16: 12 | H16: 231564 | I16: 0 | J16: 0 | K16: CLM Gia vị kho cá 50g | L16: Gói | M16: 1070 | N16: 5573167.6 | Q16: =O16*P16 -> 0 | R16: =J13-Q18 -> 4802979 | V16: BEL PM vuông Belcube vị sữa 78g | W16: Gói | X16: 486 | Y16: 18690968
A17: Bánh bao chay 300gr | B17: 12 | C17: 72 | D17: 1533524 | E17: 35 | F17: 745360 | G17: =C17+E17-I17 -> 67 | H17: =G17*N17 -> 0 | I17: 40 | J17: 788278 | K17: CLM (KM) Dầu hào pet 820g (km) | L17: Chai | M17: 5 | N17: 0 | Q17: =O17*P17 -> 0 | R17: =J17-Q49 -> 59422.4 | V17: BEL PM vuông Belcube vị Việt Quất 78g | W17: Gói | X17: 558 | Y17: 0
A18: Bánh bao nhân thịt 400gr | B18: 12 | C18: 96 | D18: 2486575 | E18: 51 | F18: 1322226 | G18: =C18+E18-I18 -> 4 | H18: =G18*N18 -> 0 | I18: 143 | J18: 3420148 | K18: CLM (KM) Lẩu thái 280g (km) | L18: Chai | M18: 2 | N18: 0 | O18: 48 | P18: 139243.5 | Q18: =O18*P18 -> 6683688 | R18: =J18-Q50 -> 254583.4 | V18: CLM Gia vị kho cá 50g | W18: Gói | X18: 1070 | Y18: 5573167.6
A19: Bánh bao nhân xá xíu 280g | B19: 12 | C19: 67 | D19: 2083589 | E19: 0 | F19: 0 | G19: =C19-I19 -> 1 | H19: =G19*N19 -> 0 | I19: 66 | J19: 1928097 | K19: CLM (KM) Nước Mắm Hương Việt 500ml (km) | L19: Chai | M19: 24 | N19: 0 | Q19: =O19*P19 -> 0 | R19: =J19-Q36 -> 122661.96 | V19: CLM (KM) Dầu hào pet 820g (km) | W19: Chai | X19: 5 | Y19: 0
A20: Bánh kem xốp phô mai – Richeese Nabati Cheese Cream Wafer 6g | B20: 12 | C20: 650 | D20: 74700000 | E20: 160 | F20: 18432000 | G20: 0 | H20: 0 | I20: 810 | J20: 93132000 | K20: CLM (KM) Nước Mắm Hương Việt 500ml hàng onpack chén (km) | L20: Chai | M20: 3 | N20: 0 | Q20: =O20*P20 -> 0 | V20: CLM (KM) Lẩu thái 280g (km) | W20: Chai | X20: 2 | Y20: 0
A21: Bánh Kem Xốp Phủ Sô Cô La - Nabati Richoco Time Break 48g | B21: 12 | C21: 280 | D21: 74052080 | E21: 0 | F21: 0 | G21: 0 | H21: 0 | I21: 280 | J21: 74052080 | K21: CLM (KM) Sa tế tôm hũ nhựa 100g (km) | L21: Chai | M21: 16 | N21: 0 | Q21: =O21*P21 -> 0 | V21: CLM (KM) Nước Mắm Hương Việt 500ml (km) | W21: Chai | X21: 24 | Y21: 0
A22: Bánh kem xốp sữa chua hương phúc bồn tử- Nabati Richberry 110g | B22: 12 | C22: 102 | D22: 19779439 | E22: 0 | F22: 0 | G22: 100 | H22: 19391607 | I22: 2 | J22: 387832 | K22: CLM (KM) Sa tế tôm pet 90g (km) | L22: Hũ | M22: 30 | N22: 0 | Q22: =O22*P22 -> 0 | V22: CLM (KM) Nước Mắm Hương Việt 500ml hàng onpack chén (km) | W22: Chai | X22: 3 | Y22: 0
A23: Bánh ống lớn nhân phô mai - Nabati Cheese Wafer Stick- Big rolls cheese 14g | B23: 12 | C23: 0 | D23: 0 | E23: 50 | F23: 8509100 | G23: 0 | H23: 0 | I23: 50 | J23: 8509100 | K23: CLM (KM) Tương cà chai pet 270g (km) | L23: Chai | M23: 8 | N23: 0 | Q23: =O23*P23 -> 0 | V23: CLM (KM) Sa tế tôm hũ nhựa 100g (km) | W23: Chai | X23: 16 | Y23: 0
A24: Bánh Quy Nhân Kem Hương Vani - Nabati Cookies & Cream - Sandwich Cookies with Vanilla Flavour Cream 16g | B24: 12 | C24: 137 | D24: 22821826 | E24: 0 | F24: 0 | G24: 20 | H24: 3331653 | I24: 117 | J24: 19490173 | K24: CLM (KM) Tương đen 230g (km) | L24: Chai | M24: 6 | N24: 0 | Q24: =O24*P24 -> 0 | V24: CLM (KM) Sa tế tôm pet 90g (km) | W24: Hũ | X24: 30 | Y24: 0
A25: Bánh quy nhân kem hương Vani - Nabati Cookies & Cream 112g | B25: 12 | C25: 106 | D25: 16323470 | E25: 45 | F25: 10556505 | G25: =C25+E25-I25 -> 58 | H25: =D25+F25-J25 -> 4984366 | I25: 93 | J25: 21895609 | K25: CLM (KM) Tương ớt pet 2.1Kg (km) | L25: Chai | M25: 138 | N25: 0 | O25: 273485 | P25: 31208 | Q25: =O25*P25 -> 8534919880 | R25: =J25-Q191 -> -6958838 | V25: CLM (KM) Tương cà chai pet 270g (km) | W25: Chai | X25: 8 | Y25: 0
A26: Bánh Quy Nhân Phô Mai - Nabati Richeese Cookies 112g | B26: 12 | C26: 94 | D26: 17372116 | E26: 40 | F26: 9383560 | G26: =C26+E26-I26 -> 63 | H26: =D26+F26-J26 -> 9983461 | I26: 71 | J26: 16772215 | K26: CLM (KM) Tương ớt pet 270g (km) | L26: Chai | M26: 119 | N26: 0 | Q26: =O26*P26 -> 0 | R26: =J26-Q197 -> -2933261 | V26: CLM (KM) Tương đen 230g (km) | W26: Chai | X26: 6 | Y26: 0
A27: Bánh sôcôla (dạng xốp) – Richoco Nabati Chocolate Cream Wafer 6g | B27: 12 | C27: 351 | D27: 40194000 | E27: 0 | F27: 0 | G27: 0 | H27: 0 | I27: 351 | J27: 40194000 | K27: CLM (KM) Tương ớt siêu cay 330g (km) | L27: Chai | M27: 156 | N27: 0 | Q27: =O27*P27 -> 0 | V27: CLM (KM) Tương ớt pet 2.1Kg (km) | W27: Chai | X27: 138 | Y27: 0
A28: Bánh xếp kiểu nhật mini 360g | B28: 12 | C28: 40 | D28: 1818200 | E28: 0 | F28: 0 | G28: 0 | H28: 0 | I28: 40 | J28: 1818200 | K28: CLM (KM) Xốt gà chiên nước mắm 90g (km) | L28: Gói | M28: 12 | N28: 0 | Q28: =O28*P28 -> 0 | V28: CLM (KM) Tương ớt pet 270g (km) | W28: Chai | X28: 119 | Y28: 0
A29: BEL Phô mai CBC 16M | B29: 12 | C29: 833 | D29: 46378988 | E29: 4571 | F29: 254508576 | G29: 5404 | H29: 300887564 | I29: 0 | J29: 0 | K29: CLM (KM) Xốt rang me pet 280g (km) | L29: Chai | M29: 6 | N29: 0 | Q29: =O29*P29 -> 0 | V29: CLM (KM) Tương ớt siêu cay 330g (km) | W29: Chai | X29: 156 | Y29: 0
A30: BEL Phô mai CBC 8M | B30: 12 | C30: 273867 | D30: 255643095 | E30: 8568 | F30: 267390144 | G30: =C30+E30-I30 -> 274625 | H30: =G30*N30 -> 0 | I30: 7810 | J30: 243721640 | K30: CLM (KM) Xốt ướp thịt HQ 90g vị truyền thống (km) | L30: Gói | M30: 45 | N30: 0 | O30: 306 | P30: 51389 | Q30: =O30*P30 -> 15725034 | R30: =J30-Q25 -> -8291198240 | S30: =I30-R30 -> 8291206050 | V30: CLM (KM) Xốt gà chiên nước mắm 90g (km) | W30: Gói | X30: 12 | Y30: 0
A31: BEL Pho mai Cube vị sữa 78g | B31: 12 | C31: 25915 | D31: 50321430 | E31: 1500 | F31: 54276000 | G31: =C31+E31-I31 -> 26863 | H31: =G31*N31 -> 0 | I31: 552 | J31: 19963055 | K31: CLM (KM) Xốt ướp thịt nướng 200g (km) | L31: Hũ | M31: 1 | N31: 0 | O31: 25076 | P31: 36184 | Q31: =O31*P31 -> 907349984 | R31: =J31-Q31 -> -887386929 | S31: =I31-R31 -> 887387481 | V31: CLM (KM) Xốt rang me pet 280g (km) | W31: Chai | X31: 6 | Y31: 0
A32: BEL Phô mai vuông LeCube Tổ yến 78g | B32: 12 | C32: 2430 | D32: 87927120 | E32: 0 | F32: 0 | G32: =C32-I32 -> 0 | H32: =D32-J32 -> 0 | I32: 2430 | J32: =D32 -> 87927120 | K32: CLM Bột canh 180g | L32: Gói | M32: 750 | N32: 2579771.5 | O32: 130 | P32: 52485 | Q32: =O32*P32 -> 6823050 | R32: =J32-Q185 -> -9394380 | S32: K đc | V32: CLM (KM) Xốt ướp thịt HQ 90g vị truyền thống (km) | W32: Gói | X32: 45 | Y32: 0
A33: BEL Phomai Cube Country (truyền thống ) 78g | B33: 12 | C33: 0 | D33: 189538 | E33: 0 | F33: 0 | G33: 0 | H33: 0 | I33: 0 | J33: 189538 | K33: CLM Bột canh nấm bào ngư 180g | L33: Gói | M33: 995 | N33: 5095966.8 | Q33: =O33*P33 -> 0 | V33: CLM (KM) Xốt ướp thịt nướng 200g (km) | W33: Hũ | X33: 1 | Y33: 0
A34: BEL PM Lát CBC Burger 200gx32 | B34: 12 | C34: 160 | D34: 8538638 | E34: 0 | F34: 0 | G34: =C34-I34 -> 26 | H34: =G34*N34 -> 84027626 | I34: 134 | J34: 7012055 | K34: CLM Bột canh nấm hương 180g | L34: Gói | M34: 770 | N34: 3231831.8 | Q34: =O34*P34 -> 0 | R34: =J34-Q32 -> 189005 | V34: CLM Bột canh 180g | W34: Gói | X34: 750 | Y34: 2579771.5
A35: BEL PM Vuông LeCube 9C/ 47G (12/LỐ ) | B35: 12 | C35: 0 | D35: 0 | E35: 0 | F35: 0 | G35: 0 | H35: 0 | I35: 0 | J35: 0 | K35: CLM Cá Ngừ ngâm dầu 185g | L35: Hộp | M35: 1612 | N35: 37680207 | Q35: =O35*P35 -> 0 | V35: CLM Bột canh nấm bào ngư 180g | W35: Gói | X35: 995 | Y35: 5095966.8
A36: BEL PM vuông Belcube vị ngọt Dâu 78g | B36: 12 | C36: 9485 | D36: 33640650 | E36: 1050 | F36: 37993200 | G36: =C36+E36-I36 -> 9635 | H36: =D36+F36-J36 -> 39077621 | I36: 900 | J36: 32556229 | K36: CLM Cá ngừ xốt cay 185g | L36: Hộp | M36: 96 | N36: 2378641 | O36: 62 | P36: 29119.92 | Q36: =O36*P36 -> 1805435 | R36: =J36-Q187 -> -309563491 | V36: CLM Bột canh nấm hương 180g | W36: Gói | X36: 770 | Y36: 3231831.8
A37: BEL PM vuông Belcube vị ngọt Socola 78g | B37: 12 | C37: 320 | D37: 11571799 | E37: 405 | F37: 14654520 | G37: 630 | H37: 22789767 | I37: 95 | J37: 3436552 | K37: CLM Cá Saba kho tiêu 185gr | L37: Hộp | M37: 48 | N37: 897623 | O37: 750 | P37: 3463.24 | Q37: =O37*P37 -> 2597430 | V37: CLM Cá Ngừ ngâm dầu 185g | W37: Hộp | X37: 1612 | Y37: 37680207
A38: BEL PM vuông Belcube vị ngọt Vani 78g | B38: 12 | C38: 270 | D38: 9896208 | E38: 120 | F38: 4342080 | G38: =C38+E38-I38 -> 319 | H38: =D38+F38-J38 -> 11669303 | I38: 71 | J38: 2568985 | K38: CLM Cá Saba xốt cà 185gr | L38: Hộp | M38: 48 | N38: 897623 | O38: 995 | P38: 4761.96 | Q38: =O38*P38 -> 4738150.2 | R38: =J38-Q189 -> 217025 | V38: CLM Cá ngừ xốt cay 185g | W38: Hộp | X38: 96 | Y38: 2378641
A39: Bột canh nấm bào ngư 180g | B39: 12 | C39: 1500 | D39: 7597338 | E39: 250 | F39: 1273250 | G39: =C39+E39-I39 -> 691 | H39: =G39*N39 -> 651238478 | I39: 1059 | J39: 5043562 | K39: CLM cá Saba xốt Siracha 185g | L39: Hộp | M39: 48 | N39: 942458 | O39: 770 | P39: 3896.14 | Q39: =O39*P39 -> 3000027.8 | R39: =J39-Q38 -> 305411.8 | V39: CLM Cá Saba kho tiêu 185gr | W39: Hộp | X39: 48 | Y39: 897623
A40: Cá Saba xốt Siracha 185g | B40: 12 | C40: 192 | D40: 4111968 | E40: 48 | F40: 933312 | G40: 0 | H40: 0 | I40: 240 | J40: 5045280 | K40: CLM cá xốt cà KOS 155g | L40: Hộp | M40: 3590 | N40: 38600936 | O40: 1708 | P40: 21643.38 | Q40: =O40*P40 -> 36966893 | R40: =J44-Q40 -> 2435463 | V40: CLM Cá Saba xốt cà 185gr | W40: Hộp | X40: 48 | Y40: 897623
A41: CLM Gia vị kho cá 50g | B41: 12 | C41: 4020 | D41: 19708744 | E41: 3360 | F41: 16487520 | G41: =C41+E41-I41 -> 5702 | H41: =G41*#REF! -> #REF! | I41: 1678 | J41: 7700288 | K41: CLM Dầu dấm trộn salad pet 270g | L41: Chai | M41: 2870 | N41: 43559984 | Q41: =O41*P41 -> 0 | R41: =J41-Q69 -> 497065.2 | V41: CLM cá Saba xốt Siracha 185g | W41: Hộp | X41: 48 | Y41: 942458
A42: CLM Bột canh 180g | B42: 12 | C42: 750 | D42: 2517000 | E42: 0 | F42: 0 | G42: =C42-I42 -> 23 | H42: =G42*N42 -> 5.2370062e+08 | I42: 727 | J42: 2517000 | K42: CLM Dầu hào 2,25kg | L42: Bình | M42: 255 | N42: 22769592 | Q42: =O42*P42 -> 0 | R42: =J42-Q37 -> -80430 | V42: CLM cá xốt cà KOS 155g | W42: Hộp | X42: 3590 | Y42: 38600936
A43: CLM Bột canh nấm hương 180g | B43: 12 | C43: 1350 | D43: 5561964 | E43: 200 | F43: 833400 | G43: 780 | H43: 3218313 | I43: 770 | J43: 3177051 | K43: CLM Dầu hào chay pet 170g | L43: Chai | M43: 986 | N43: 9588240.9 | Q43: =O43*P43 -> 0 | V43: CLM Dầu dấm trộn salad pet 270g | W43: Chai | X43: 2870 | Y43: 43559984
A44: CLM Cá Ngừ ngâm dầu 185g | B44: 12 | C44: 1676 | D44: 38641471 | E44: 288 | F44: 6666624 | G44: =C44+E44-I44 -> 143 | H44: =G44*N44 -> 1.9270979e+09 | I44: 1821 | J44: 39402356 | K44: CLM Dầu hào chay pet 350g | L44: Chai | M44: 766 | N44: 13476209 | Q44: =O44*P44 -> 0 | R44: =J44-Q40 -> 2435463 | V44: CLM Dầu hào 2,25kg | W44: Bình | X44: 255 | Y44: 22769592
A45: CLM cá xốt cà KOS 155g ( cá saba sốt cải) | B45: 12 | C45: 0 | D45: 0 | E45: 3600 | F45: 38332800 | G45: 10 | H45: 106480 | I45: 3590 | J45: 38226320 | K45: CLM Dầu hào chay pet 820g | L45: Chai | M45: 168 | N45: 6126111 | Q45: =O45*P45 -> 0 | V45: CLM Dầu hào chay pet 170g | W45: Chai | X45: 986 | Y45: 9588240.9
A46: CLM Dầu dấm trộn salad pet 270g | B46: 12 | C46: 4478 | D46: 65694476 | E46: 9176 | F46: 133335000 | G46: =C46+E46-I46 -> 7664 | H46: =G46*N46 -> 1.7178166e+11 | I46: 5990 | J46: 82970249 | K46: CLM Dầu hào pet 170g | L46: Chai | M46: 2592 | N46: 22414100 | Q46: =O46*P46 -> 0 | R46: =J46-Q58 -> 4124551.2 | V46: CLM Dầu hào chay pet 350g | W46: Chai | X46: 766 | Y46: 13476209
A47: CLM Dầu hào 2,25kg | B47: 12 | C47: 162 | D47: 14271796 | E47: 119 | F47: =E47*P59 -> 9838718.9 | G47: 6 | H47: 529347 | I47: =C47+E47-G47 -> 275 | J47: 22761901 | K47: CLM Dầu hào pet 350gr | L47: Chai | M47: 560 | N47: 9424960 | O47: 240 | P47: 18180.14 | Q47: =O47*P47 -> 4363233.6 | R47: =J47-Q59 -> 1430897 | V47: CLM Dầu hào chay pet 820g | W47: Chai | X47: 168 | Y47: 6126111
A48: CLM Dầu hào chay pet 170g | B48: 12 | C48: 864 | D48: 8294400 | E48: 263 | F48: =E48*N48 -> 9.2079214e+09 | G48: 0 | H48: 0 | I48: 1127 | J48: 10143360 | K48: CLM Dầu hào pet 820g | L48: Chai | M48: 966 | N48: 35011108 | O48: 3590 | P48: 9955.88 | Q48: =O48*P48 -> 35741609 | R48: =J48-Q62 -> 635083.2 | V48: CLM Dầu hào pet 170g | W48: Chai | X48: 2592 | Y48: 22414100
A49: CLM Dầu hào chay pet 350g | B49: 12 | C49: 758 | D49: 13116517 | E49: 168 | F49: 2955624 | G49: =C49+E49-I49 -> 118 | H49: =G49*N49 -> 2.6861438e+08 | I49: 808 | J49: 13295097 | K49: CLM ĐL Bánh bao chay 300gr | L49: Gói | M49: 107 | N49: 2276393.1 | O49: 37 | P49: 19698.8 | Q49: =O49*P49 -> 728855.6 | R49: =J49-Q63 -> 694810.64 | V49: CLM Dầu hào pet 350gr | W49: Chai | X49: 560 | Y49: 9424960
A50: CLM Dầu hào pet 170g | B50: 12 | C50: 3660 | D50: 31105758 | E50: 816 | F50: 7026576 | G50: =C50+E50-I50 -> 1416 | H50: =G50*N50 -> 4841032482 | I50: 3060 | J50: 24637781 | K50: CLM ĐL Bánh bao nhân thịt 400gr | L50: Gói | M50: 132 | N50: 3418808.2 | O50: 132 | P50: 23981.55 | Q50: =O50*P50 -> 3165564.6 | R50: =J50-Q65 -> 1353479.2 | V50: CLM Dầu hào pet 820g | W50: Chai | X50: 966 | Y50: 35011108
A51: CLM Dầu hào pet 350gr | B51: 12 | C51: 4076 | D51: 66900098 | E51: 2466 | F51: 30000600 | G51: =C51+E51-I51 -> 3835 | H51: =G51*N51 -> 6.6334983e+09 | I51: 2707 | J51: 42184835 | K51: CLM ĐL Bánh bao nhân xá xíu 280g | L51: Gói | M51: 55 | N51: 1729725.8 | O51: 40 | P51: 42045.88 | Q51: =O51*P51 -> 1681835.2 | R51: =J51-Q66 -> -2197371.7 | V51: CLM ĐL Bánh bao chay 300gr | W51: Gói | X51: 107 | Y51: 2276393.1
A52: CLM Dầu hào pet 820g | B52: 12 | C52: 3051 | D52: 99561656 | E52: 1476 | F52: 51966396 | G52: =C52+E52-I52 -> 2861 | H52: =G52*#REF! -> #REF! | I52: 1666 | J52: 54793775 | K52: CLM ĐL Bánh xếp kiểu nhật mini 360g | L52: Gói | M52: 40 | N52: 1850018 | O52: 15 | P52: 31689.58 | Q52: =O52*P52 -> 475343.7 | R52: =J52-Q67 -> 939781.74 | V52: CLM ĐL Bánh bao nhân thịt 400gr | W52: Gói | X52: 132 | Y52: 3418808.2
A53: CLM Gia vị kho cá gói 50g | B53: 12 | C53: 0 | D53: 0 | E53: 0 | F53: 0 | G53: 0 | H53: 0 | I53: 0 | J53: 0 | K53: CLM ĐL Bánh xếp tôm thịt 300gr | L53: Gói | M53: 15 | N53: 513370.5 | O53: 86 | P53: 44108.62 | Q53: =O53*P53 -> 3793341.3 | V53: CLM ĐL Bánh bao nhân xá xíu 280g | W53: Gói | X53: 55 | Y53: 1729725.8
A54: CLM Gia vị kho thịt 50g | B54: 12 | C54: 4034 | D54: 19765883 | E54: 4080 | F54: 20020560 | G54: =C54+E54-I54 -> 6143 | H54: =G54*#REF! -> #REF! | I54: 1971 | J54: 9041928 | K54: CLM ĐL Chả giò rế thập cẩm 500gr | L54: Gói | M54: 86 | N54: 4096804.4 | O54: 36 | P54: 46250 | Q54: =O54*P54 -> 1665000 | R54: =J54-Q71 -> 581582.24 | V54: CLM ĐL Bánh xếp kiểu nhật mini 360g | W54: Gói | X54: 40 | Y54: 1850018
A55: CLM Gia vị kho thịt gói 50g | B55: 12 | C55: 0 | D55: 0 | E55: 0 | F55: 0 | G55: 0 | H55: 0 | I55: 0 | J55: 0 | K55: CLM ĐL Chả giò rế tôm cua 500gr | L55: Gói | M55: 36 | N55: 1798200.2 | O55: 53 | P55: 41110.7 | Q55: =O55*P55 -> 2178867.1 | V55: CLM ĐL Bánh xếp tôm thịt 300gr | W55: Gói | X55: 15 | Y55: 513370.5
A56: CLM Hộp quà Gia vị Tết 2024 | B56: 12 | C56: 25 | D56: 4861100 | E56: 0 | F56: 0 | G56: 0 | H56: 0 | I56: 25 | J56: 4861100 | K56: CLM ĐL Chả giò tôm thịt 500gr/gói | L56: Gói | M56: 108 | N56: 4795151.6 | Q56: =O56*P56 -> 0 | V56: CLM ĐL Chả giò rế thập cẩm 500gr | W56: Gói | X56: 86 | Y56: 4096804.4
A57: CLM Hộp quà Như Ý | B57: 12 | C57: 7 | D57: 1328705 | E57: 0 | F57: 0 | G57: 0 | H57: 0 | I57: 7 | J57: 1328705 | K57: CLM ĐL Chả giò xốp 500gr/gói | L57: Gói | M57: 32 | N57: 1420786 | O57: 35 | P57: 35115.78 | Q57: =O57*P57 -> 1229052.3 | V57: CLM ĐL Chả giò rế tôm cua 500gr | W57: Gói | X57: 36 | Y57: 1798200.2
A58: CLM Lẩu chua hải sản TT200g | B58: 12 | C58: 3640 | D58: 56770482 | E58: 4421 | F58: 68567796 | G58: =C58+E58-I58 -> 6562 | H58: =G58*#REF! -> #REF! | I58: 1499 | J58: 22063642 | K58: CLM ĐL Chả giò xốp chay 500gr | L58: Gói | M58: 19 | N58: 720574.88 | O58: 5692 | P58: 13852.02 | Q58: =O58*P58 -> 78845698 | R58: =J58-Q75 -> 1179027 | V58: CLM ĐL Chả giò tôm thịt 500gr/gói | W58: Gói | X58: 108 | Y58: 4795151.6
A59: CLM Nước mắm cao đạm 150ml | B59: 12 | C59: 170 | D59: 1385264 | E59: 24 | F59: 400008 | G59: =C59+E59-I59 -> 81 | H59: =G59*#REF! -> #REF! | I59: 113 | J59: 1757665 | K59: CLM ĐL Há cảo 300gr/gói | L59: Gói | M59: 15 | N59: 437059.36 | O59: 258 | P59: 82678.31 | Q59: =O59*P59 -> 21331004 | R59: =J59-Q82 -> -1218810.2 | V59: CLM ĐL Chả giò xốp 500gr/gói | W59: Gói | X59: 32 | Y59: 1420786
A60: CLM Nước mắm cao đạm 500ml | B60: 12 | C60: 384 | D60: 17725913 | E60: 0 | F60: 0 | I60: 384 | J60: 16802688 | K60: CLM ĐL Há cảo hai mùa 300gr/gói | L60: Gói | M60: 28 | N60: 945348 | O60: 15 | P60: 26979.48 | Q60: =O60*P60 -> 404692.2 | R60: =J60-Q83 -> 920043.04 | V60: CLM ĐL Chả giò xốp chay 500gr | W60: Gói | X60: 19 | Y60: 720574.88
A61: CLM Nước mắm cao đạm 500ml (Xuân) | B61: 12 | C61: 156 | D61: 16177824 | E61: 0 | F61: 0 | I61: =C61 -> 156 | J61: 15555600 | K61: CLM ĐL Hoành thánh 300gr/gói | L61: Gói | M61: 20 | N61: 693746 | Q61: =O61*P61 -> 0 | R61: =J61-Q84 -> 1011114 | V61: CLM ĐL Há cảo 300gr/gói | W61: Gói | X61: 15 | Y61: 437059.36
A62: CLM Nước mắm cao đạm 750ml (Xuân) | B62: 12 | C62: 84 | D62: 12133296 | F62: 0 | I62: 84 | J62: =D62 -> 12133296 | K62: CLM Gia vị kho thịt 50g | L62: Gói | M62: 1830 | N62: 9066877.7 | O62: 1056 | P62: 9004.05 | Q62: =O62*P62 -> 9508276.8 | R62: =J62-Q85 -> 1463939.9 | V62: CLM ĐL Há cảo hai mùa 300gr/gói | W62: Gói | X62: 28 | Y62: 945348
A63: CLM Nước mắm chay tt 245ml | B63: 12 | C63: 1608 | D63: 25016122 | E63: 552 | F63: 8689032 | G63: =C63+E63-I63 -> 1294 | H63: =G63*#REF! -> #REF! | I63: 866 | J63: 12748662 | K63: CLM Heo 2 lát 160g | L63: Hộp | M63: 288 | N63: 4308529 | O63: 766 | P63: 16449.46 | Q63: =O63*P63 -> 12600286 | R63: =J63-Q86 -> 724186.72 | V63: CLM ĐL Hoành thánh 300gr/gói | W63: Gói | X63: 20 | Y63: 693746
A64: CLM Nước Mắm Hương Việt 500ml hàng onpack chén | B64: 12 | C64: 3852 | D64: 90280472 | E64: 648 | F64: 15599952 | G64: =C64+E64-I64 -> 2687 | H64: =G64*#REF! -> #REF! | I64: 1813 | J64: 40799257 | K64: CLM Hộp quà Gia vị Tết 2024 | L64: Hộp | M64: 25 | N64: 4908737.5 | Q64: =O64*P64 -> 0 | R64: =J64-Q88 -> 1768321.5 | V64: CLM Gia vị kho thịt 50g | W64: Gói | X64: 1830 | Y64: 9066877.7
A65: CLM Nước Mắm Hương Việt pet 750ml Hàng onpack chén | B65: 12 | C65: 4218 | D65: 143970514 | E65: 1800 | F65: 61666200 | G65: =C65+E65-I65 -> 4874 | H65: =G65*#REF! -> #REF! | I65: 1144 | J65: 36630535 | K65: CLM Hộp quà Như Ý | L65: Hộp | M65: 7 | N65: 1341726 | O65: 2892 | P65: 8051.28 | Q65: =O65*P65 -> 23284302 | R65: =J65-Q90 -> 2292059.5 | V65: CLM Heo 2 lát 160g | W65: Hộp | X65: 288 | Y65: 4308529
A66: CLM Nước tương Hảo Vị 500ml | B66: 12 | C66: 5136 | D66: 75745997 | E66: 1752 | F66: 25955880 | G66: =C66+E66-I66 -> 6059 | H66: =G66*#REF! -> #REF! | I66: 829 | J66: 11487233 | K66: CLM Lẩu chua hải sản TT200g | L66: Chai | M66: 882 | N66: 11162690 | O66: 2848 | P66: 15583.64 | Q66: =O66*P66 -> 44382207 | R66: =J66-Q95 -> 710361.44 | V66: CLM Hộp quà Gia vị Tết 2024 | W66: Hộp | X66: 25 | Y66: 4908737.5
A67: CLM Nước tương Hảo Vị gói 7ml | B67: 12 | C67: 10400 | D67: 3813333 | E67: 0 | F67: 0 | G67: 9600 | H67: 3520000 | I67: 800 | J67: 293333 | K67: CLM Lẩu thái 280g | L67: Chai | M67: 3262 | N67: 54048835 | O67: 1637 | P67: 32897.98 | Q67: =O67*P67 -> 53853993 | V67: CLM Hộp quà Như Ý | W67: Hộp | X67: 7 | Y67: 1341726
A68: CLM Nước tương Hương Việt 4.9 lít(3 bình/T) | B68: 12 | C68: 168 | D68: 9544198 | E68: =8+271 -> 279 | F68: 4275018 | G68: =C68+E68-I68 -> 171 | H68: =G68*#REF! -> #REF! | I68: 276 | J68: 13597221 | K68: CLM nmắm 30 độ đạm 500ml (12c/th) | L68: Chai | M68: 240 | N68: 9469661 | Q68: =O68*P68 -> 0 | R68: =J68-Q87 -> 1507100.7 | V68: CLM Lẩu chua hải sản TT200g | W68: Chai | X68: 882 | Y68: 11162690
A69: CLM Nước tương đậu nành pet 150ml | B69: 12 | C69: 1092 | D69: 6735333 | E69: 0 | F69: 0 | G69: =C69+E69-I69 -> 206 | H69: =G69*#REF! -> #REF! | I69: 886 | J69: 5218033 | K69: CLM nmắm 30 độ đạm 750ml (12c/th) | L69: Chai | M69: 120 | N69: 6866679 | O69: 1570 | P69: 4588.04 | Q69: =O69*P69 -> 7203222.8 | R69: =J69-Q91 -> 237834.04 | V69: CLM Lẩu thái 280g | W69: Chai | X69: 3262 | Y69: 54048835
A70: CLM Nước tương đậu nành pet 300ml | B70: 12 | C70: 7371 | D70: 66190155 | E70: 1920 | F70: 21333120 | G70: =C70+E70-I70 -> 4938 | H70: =G70*#REF! -> #REF! | I70: 4353 | J70: 45226482 | K70: CLM nmắm 40 độ đạm 500ml (12c/th) | L70: Chai | M70: 240 | N70: 12656106 | Q70: =O70*P70 -> 0 | R70: =J70-Q92 -> -4650050.8 | V70: CLM nmắm 30 độ đạm 500ml (12c/th) | W70: Chai | X70: 240 | Y70: 9469661
A71: CLM Nước tương đậu nành pet 700ml | B71: 12 | C71: 1912 | D71: 38449684 | E71: 1560 | F71: 33221760 | G71: =C71+E71-I71 -> 3121 | H71: =G71*#REF! -> #REF! | I71: 351 | J71: 6997874 | K71: CLM nmắm 40 độ đạm 750ml (12c/th) | L71: Chai | M71: 120 | N71: 8572111 | O71: 1844 | P71: 4588.04 | Q71: =O71*P71 -> 8460345.8 | R71: =J71-Q93 -> 247787.36 | V71: CLM nmắm 30 độ đạm 750ml (12c/th) | W71: Chai | X71: 120 | Y71: 6866679
A72: CLM Ớt khô sa tế hũ TT 100g | B72: 12 | C72: 180 | D72: 2602954 | E72: =72+13 -> 85 | F72: =E72*#REF! -> #REF! | G72: =C72+E72-I72 -> 0 | H72: 0 | I72: 265 | J72: 3669634 | K72: CLM Nước mắm cao đạm 150ml | L72: Chai | M72: 45 | N72: 757364.84 | Q72: =O72*P72 -> 0 | R72: =J72-Q98 -> 178924.96 | V72: CLM nmắm 40 độ đạm 500ml (12c/th) | W72: Chai | X72: 240 | Y72: 12656106
A73: CLM Ớt Sate hũ TT 150g | B73: 12 | C73: 2052 | D73: 31426776 | E73: 504 | F73: 7933464 | G73: =C73+E73-I73 -> 2016 | H73: =G73*#REF! -> #REF! | I73: 540 | J73: 7945964 | K73: CLM Nước mắm cao đạm 500ml | L73: Chai | M73: 364 | N73: 17089776 | O73: 25 | P73: 181805.14 | Q73: =O73*P73 -> 4545128.5 | R73: =J73-Q99 -> 351558.56 | V73: CLM nmắm 40 độ đạm 750ml (12c/th) | W73: Chai | X73: 120 | Y73: 8572111
A74: CLM Sa tế chay pet 90gr | B74: 12 | C74: 5760 | D74: 42106565 | E74: 1368 | F74: 10132776 | G74: =C74+E74-I74 -> 4986 | H74: =G74*#REF! -> #REF! | I74: 2142 | J74: 14833393 | K74: CLM Nước mắm cao đạm 500ml (Xuân) | L74: Hộp | M74: 150 | N74: 15708040 | O74: 7 | P74: 177477.02 | Q74: =O74*P74 -> 1242339.1 | R74: =J74-Q103 -> 816100.04 | V74: CLM Nước mắm cao đạm 150ml | W74: Chai | X74: 45 | Y74: 757364.84
A75: CLM Sa tế nướng ngũ vị pet 100g | B75: 12 | C75: 2646 | D75: 20061031 | E75: 720 | F75: =E75*#REF! -> #REF! | G75: =C75+E75-I75 -> 2586 | H75: 19989199 | I75: 780 | J75: 5671992 | K75: CLM Nước mắm cao đạm 750ml (Xuân) | L75: Hộp | M75: 79 | N75: 11522902 | O75: 1419 | P75: 14717.84 | Q75: =O75*P75 -> 20884615 | R75: =J75-Q104 -> 261304.08 | V75: CLM Nước mắm cao đạm 500ml | W75: Chai | X75: 364 | Y75: 17089776
A76: CLM Sa tế tôm 450g | B76: 12 | C76: 21344 | D76: 656441651 | E76: 13870 | F76: 423104640 | G76: =C76+E76-I76 -> 25509 | H76: =G76*#REF! -> #REF! | I76: 9705 | J76: 285659463 | K76: CLM Nước mắm chay tt 245ml | L76: Chai | M76: 817 | N76: 14224139 | O76: 5123 | P76: 14284.93 | Q76: =O76*P76 -> 73181696 | R76: =J76-Q105 -> 11386556 | V76: CLM Nước mắm cao đạm 500ml (Xuân) | W76: Hộp | X76: 150 | Y76: 15708040
A77: CLM Sa tế tôm hũ nhựa 100g | B77: 12 | C77: 22711 | D77: 206800382 | E77: 8744 | F77: 79997760 | G77: =C77+E77-I77 -> 15601 | H77: =G77*#REF! -> #REF! | I77: 15854 | J77: 137249163 | K77: CLM Nước mắm Hương Việt 4.9 Lít | L77: Bình | M77: 15 | N77: 2720855 | Q77: =O77*P77 -> 0 | R77: =J77-Q106 -> 6932783 | V77: CLM Nước mắm cao đạm 750ml (Xuân) | W77: Hộp | X77: 79 | Y77: 11522902
A78: CLM Sa tế tôm pet 90g | B78: 12 | C78: 51521 | D78: 363655744 | E78: 37214 | F78: 266652000 | G78: 41008 | H78: 295371958 | I78: 48362 | J78: 334935786 | K78: CLM Nước Mắm Hương Việt 500ml | L78: Chai | M78: 48 | N78: 1166868 | Q78: =O78*P78 -> 0 | R78: =J78-Q107 -> 4400538.4 | V78: CLM Nước mắm chay tt 245ml | W78: Chai | X78: 817 | Y78: 14224139
A79: CLM Sauce ướp thịt nướng 200g | B79: 12 | C79: 3195 | D79: 57619421 | E79: 7471 | F79: 133253280 | G79: =C79+E79-I79 -> 7687 | H79: =G79*#REF! -> #REF! | I79: 2979 | J79: 50286170 | K79: CLM Nước Mắm Hương Việt 500ml hàng onpack chén | L79: Chai | M79: 978 | N79: 19232458 | Q79: =O79*P79 -> 0 | R79: =J79-Q108 -> 2846738.4 | V79: CLM Nước mắm Hương Việt 4.9 Lít | W79: Bình | X79: 15 | Y79: 2720855
A80: CLM Thịt heo bằm 150g | B80: 12 | C80: 618 | D80: 12921762 | E80: 0 | F80: 0 | G80: =C80-I80 -> 32 | H80: =G80*#REF! -> #REF! | I80: 586 | J80: 11458132 | K80: CLM Nước Mắm Hương Việt pet 750ml Hàng onpack chén | L80: Chai | M80: 532 | N80: 23163949 | O80: 720 | P80: 36534.19 | Q80: =O80*P80 -> 26304617 | R80: =J80-Q124 -> 744775.84 | V80: CLM Nước Mắm Hương Việt 500ml | W80: Chai | X80: 48 | Y80: 1166868
A81: CLM Tương cà 830g | B81: 12 | C81: 564 | D81: 13801691 | E81: 216 | F81: 5299992 | G81: =C81+E81-I81 -> 306 | H81: =G81*#REF! -> #REF! | I81: 474 | J81: 10873266 | K81: CLM Nước tương đậu nành pet 150ml | L81: Chai | M81: 846 | N81: 5286543.2 | Q81: =O81*P81 -> 0 | R81: =J81-Q111 -> 686973.6 | V81: CLM Nước Mắm Hương Việt 500ml hàng onpack chén | W81: Chai | X81: 978 | Y81: 19232458
A82: CLM Tương cà chai pet 2.1Kg | B82: 12 | C82: 1045 | D82: 55627273 | E82: 2820 | F82: 150139620 | G82: =C82+E82-I82 -> 3289 | H82: =G82*#REF! -> #REF! | I82: 576 | J82: 28695563 | K82: CLM Nước tương đậu nành pet 300ml | L82: Chai | M82: 118 | N82: 1323940.6 | O82: 191 | P82: 15583.64 | Q82: =O82*P82 -> 2976475.2 | R82: =J82-Q112 -> 1863959.7 | V82: CLM Nước Mắm Hương Việt pet 750ml Hàng onpack chén | W82: Chai | X82: 532 | Y82: 23163949
A83: CLM Tương cà chai pet 270g | B83: 12 | C83: 6789 | D83: 63245985 | E83: 4920 | F83: 44332320 | G83: =C83+E83-I83 -> 5799 | H83: =G83*#REF! -> #REF! | I83: 5910 | J83: 53720245 | K83: CLM Nước tương đậu nành pet 700ml | L83: Chai | M83: 227 | N83: 5637564.7 | O83: 364 | P83: 43633.64 | Q83: =O83*P83 -> 15882645 | R83: =J83-Q113 -> 570605.71 | V83: CLM Nước tương đậu nành pet 150ml | W83: Chai | X83: 846 | Y83: 5286543.2
A84: CLM Tương cà gói 10g | B84: 12 | C84: 50800 | D84: 24895116 | E84: 23200 | F84: 11391200 | G84: =C84+E84-I84 -> 33411 | H84: =G84*#REF! -> #REF! | I84: 40589 | J84: 18633514 | K84: CLM Nước tương Hảo Vị 500ml hàng onpack chén | L84: Chai | M84: 538 | N84: 8840296 | O84: 150 | P84: 96963.24 | Q84: =O84*P84 -> 14544486 | R84: =J84-Q114 -> 1188474 | V84: CLM Nước tương đậu nành pet 300ml | W84: Chai | X84: 118 | Y84: 1323940.6
A85: CLM Tương chua ngọt pet 2.1 kg | B85: 12 | C85: 444 | D85: 23449263 | E85: 96 | F85: 5111136 | G85: =C85+E85-I85 -> 502 | H85: =G85*#REF! -> #REF! | I85: 38 | J85: 1904027 | K85: CLM Nước tương Hảo Vị gói 7ml | L85: Gói | M85: 800 | N85: 276800 | O85: 79 | P85: 135055.14 | Q85: =O85*P85 -> 10669356 | R85: =J85-Q116 -> 111934.76 | V85: CLM Nước tương đậu nành pet 700ml | W85: Chai | X85: 227 | Y85: 5637564.7
A86: CLM Tương chua ngọt pet 270g | B86: 12 | C86: 408 | D86: 3857098 | E86: 0 | F86: 0 | G86: =C86-I86 -> 233 | H86: =G86*#REF! -> #REF! | I86: 175 | J86: 1588217 | K86: CLM Nước tương Hương Việt 4.9 lít(3 bình/T) | L86: Bình | M86: 227 | N86: 12090481 | O86: 817 | P86: 14717.84 | Q86: =O86*P86 -> 12024475 | R86: =J86-Q115 -> 61085.24 | V86: CLM Nước tương Hảo Vị 500ml hàng onpack chén | W86: Chai | X86: 538 | Y86: 8840296
A87: CLM Tương hột 250g | B87: 12 | C87: 900 | D87: 7404657 | E87: 468 | F87: 3899844 | G87: =C87+E87-I87 -> 1325 | H87: =G87*#REF! -> #REF! | I87: 43 | J87: =I87*15151 -> 651493 | K87: CLM Nước tương thanh vị 500ml | L87: Chai | M87: 5018 | N87: 28153219 | O87: 245 | P87: 49347.43 | Q87: =O87*P87 -> 12090120 | R87: =J87-Q122 -> -530264.72 | V87: CLM Nước tương Hảo Vị gói 7ml | W87: Gói | X87: 800 | Y87: 276800
A88: CLM Tương ớt 5kg (3b/T) | B88: 12 | C88: 225 | D88: 25942946 | E88: 147 | F88: =E88*#REF! -> #REF! | G88: =C88+E88-I88 -> 10 | H88: 3701070 | I88: 362 | J88: 39323864 | K88: CLM Ớt khô sa tế hũ TT 100g | L88: Chai | M88: 252 | N88: 3744289.2 | O88: 1734 | P88: 22509.19 | Q88: =O88*P88 -> 39030935 | R88: =J88-Q126 -> 2382612.4 | V88: CLM Nước tương Hương Việt 4.9 lít(3 bình/T) | W88: Bình | X88: 227 | Y88: 12090481
A89: CLM Tương ớt gói 10g | B89: 12 | C89: 57200 | D89: 28035599 | E89: 24800 | F89: 12176800 | G89: =C89+E89-I89 -> 36280 | H89: =G89*#REF! -> #REF! | I89: 45720 | J89: 20988911 | K89: CLM Ớt Sate hũ TT 150g | L89: Hũ | M89: 516 | N89: 8076157.9 | Q89: =O89*P89 -> 0 | R89: =J89-Q128 -> 1340287 | V89: CLM Nước tương thanh vị 500ml | W89: Chai | X89: 5018 | Y89: 28153219
A90: CLM Tương ớt nắp xuôi 250g | B90: 12 | C90: 1920 | D90: 19627720 | E90: 192 | F90: 2026752 | G90: =C90+E90-I90 -> 1345 | H90: =G90*#REF! -> #REF! | I90: 767 | J90: 7566762 | K90: CLM Sa tế chay pet 90gr | L90: Hũ | M90: 1808 | N90: 13455851 | O90: 1072 | P90: 32032.16 | Q90: =O90*P90 -> 34338476 | R90: =J90-Q129 -> 282805.32 | V90: CLM Ớt khô sa tế hũ TT 100g | W90: Chai | X90: 252 | Y90: 3744289.2
A91: CLM Tương ớt pet 130g | B91: 12 | C91: 96 | D91: 595584 | E91: 96 | F91: 595584 | G91: =C91+E91-I91 -> 8 | H91: =G91*#REF! -> #REF! | I91: 184 | J91: 1067088 | K91: CLM Sa tế nướng ngũ vị pet 100g | L91: Chai | M91: 618 | N91: 4689971.4 | O91: 846 | P91: 5886.76 | Q91: =O91*P91 -> 4980199 | R91: =J91-Q130 -> 69360.72 | V91: CLM Ớt Sate hũ TT 150g | W91: Hũ | X91: 516 | Y91: 8076157.9
A92: CLM Tương ớt pet 2.1Kg | B92: 12 | C92: 2105 | D92: 108155379 | E92: 3340 | F92: 162917460 | G92: 3522 | H92: 175338575 | I92: 1923 | J92: 95734264 | K92: CLM Sa tế tôm 450g | L92: Hũ | M92: 2074 | N92: 93176574 | O92: 4801 | P92: 10388.78 | Q92: =O92*P92 -> 49876533 | R92: =J92-Q131 -> 6670.18 | V92: CLM Sa tế chay pet 90gr | W92: Hũ | X92: 1808 | Y92: 13455851
A93: CLM Tương ớt pet 270g | B93: 12 | C93: 21454 | D93: 153225770 | E93: 9132 | F93: 39665760 | G93: =C93+E93-I93 -> 12151 | H93: =G93*#REF! -> #REF! | I93: 18435 | J93: 167577118 | K93: CLM Sa tế tôm hũ nhựa 100g | L93: Chai | M93: 12424 | N93: 1.2689448e+08 | O93: 339 | P93: 19911.76 | Q93: =O93*P93 -> 6750086.6 | R93: =J93-Q133 -> -73964222 | V93: CLM Sa tế nướng ngũ vị pet 100g | W93: Chai | X93: 618 | Y93: 4689971.4
A94: CLM Tương ớt pet 830g | B94: 12 | C94: 540 | D94: 13238841 | E94: 588 | F94: 14427756 | G94: =C94+E94-I94 -> 605 | H94: =G94*#REF! -> #REF! | I94: 523 | J94: 11993763 | K94: CLM Sa tế tôm pet 90g | L94: Hũ | M94: 17760 | N94: 1.6549995e+08 | Q94: =O94*P94 -> 0 | R94: =J94-Q134 -> 775076.1 | V94: CLM Sa tế tôm 450g | W94: Hũ | X94: 2074 | Y94: 93176574
A95: CLM Tương ớt siêu cay 330g | B95: 12 | C95: 2454 | D95: 27075398 | E95: 342 | F95: 1333344 | G95: =C95+E95-I95 -> 1829 | H95: =G95*#REF! -> #REF! | I95: 967 | J95: 12558371 | K95: CLM Thịt heo bằm 150g | L95: Lon | M95: 164 | N95: 3526805.8 | O95: 778 | P95: 13852.02 | Q95: =O95*P95 -> 10776872 | R95: =J95-Q135 -> -3492596.9 | V95: CLM Sa tế tôm hũ nhựa 100g | W95: Chai | X95: 12424 | Y95: 1.2689448e+08
A96: CLM Tương ớt tự nhiên 330g | B96: 12 | C96: 192 | D96: 3657528 | E96: =96+13 -> 109 | F96: =1866624-57543 -> 1809081 | G96: =C96+E96-I96 -> 0 | H96: =J96-D96-F96 -> 0 | I96: 301 | J96: 5466609 | K96: CLM Thịt heo bằm xốt cà 150g | L96: Lon | M96: 384 | N96: 8257886 | O96: 800 | P96: 345.95 | Q96: =O96*P96 -> 276760 | R96: =J96-Q136 -> 285269.1 | V96: CLM Sa tế tôm pet 90g | W96: Hũ | X96: 17760 | Y96: 1.6549995e+08
A97: CLM Tương xí muội pet 2.1Kg | B97: 12 | C97: 258 | D97: 13370216 | E97: 174 | F97: 9263934 | G97: =C97+E97-I97 -> 400 | H97: =G97*#REF! -> #REF! | I97: 32 | J97: 1571816 | K97: CLM Tương cà 830g | L97: Chai | M97: 444 | N97: 10992000 | O97: 26074 | P97: 5194.86 | Q97: =O97*P97 -> 1.3545078e+08 | R97: =J97-Q137 -> 78405.8 | V97: CLM Thịt heo bằm 150g | W97: Lon | X97: 164 | Y97: 3526805.8
A98: CLM Tương xí muội pet 270g | B98: 12 | C98: 1512 | D98: 14292784 | E98: 192 | F98: 1866624 | G98: =C98+E98-I98 -> 923 | H98: =G98*#REF! -> #REF! | I98: 781 | J98: 7102932 | K98: CLM Tương cà chai pet 2.1Kg | L98: Chai | M98: 388.9 | N98: 58218126 | O98: 252 | P98: 13852.02 | Q98: =O98*P98 -> 3490709 | R98: =J98-Q138 -> 294469.57 | V98: CLM Thịt heo bằm xốt cà 150g | W98: Lon | X98: 384 | Y98: 8257886
A99: CLM Tương đen 230g | B99: 12 | C99: 1190 | D99: 4560276 | E99: =D99/C99 -> 3832.1647 | F99: 0 | G99: =C99-I99 -> 532 | H99: =G99*#REF! -> #REF! | I99: 658 | J99: 4560276 | K99: CLM Tương cà chai pet 270g | L99: Chai | M99: 1566 | N99: 15373846 | O99: 516 | P99: 14717.84 | Q99: =O99*P99 -> 7594405.4 | R99: =J99-Q120 -> -4927713.8 | V99: CLM Tương cà 830g | W99: Chai | X99: 444 | Y99: 10992000
A100: CLM Tương đen phở 230g | B100: 12 | C100: 46476 | D100: 335124139 | E100: 977 | F100: =E100*#REF! -> #REF! | G100: =C100+E100-I100 -> 45413 | H100: =G100*7200 -> 326973600 | I100: 2040 | J100: 92742043 | K100: CLM Tương cà gói 10g | L100: Gói | M100: 34300 | N100: 13834679 | Q100: =O100*P100 -> 0 | R100: =J100-Q121 -> -5.657561e+08 | V100: CLM Tương cà chai pet 2.1Kg | W100: Chai | X100: 388.9 | Y100: 58218126
...

Sheet T12 đc
D1: Tồn Đầu Kỳ | F1: Nhập | H1: Xuất | J1: Tồn cuối kỳ
A2: Tên Hàng | B2: Tháng | C2: ĐVT | D2: Số Lượng | E2: T,Tiền | F2: Số Lượng | G2: T.Tiền | H2: Số Lượng | I2: T. Tiền | J2: Số Lượng | K2: T.Tiền
A3: Cá viên Funny 500g | B3: 12 | D3: 226 | E3: 6255676 | F3: 100 | G3: 2774400 | H3: 100 | I3: 2769962 | J3: 226 | K3: 6260114
A4: AL Anlene Concentrate Choco 4x125ml | B4: 12 | D4: 0 | E4: 0 | F4: 60 | G4: 1188660 | H4: 60 | I4: 1188660 | J4: 0 | K4: 0
A5: AL Anlene Concentrate Vanilla 4x125ml | B5: 12 | D5: 587 | E5: 19248466 | F5: 0 | G5: 0 | H5: 455 | I5: 14931342 | J5: 132 | K5: 4317124 | L5: =K5/J5 -> 32705.485 | M5: ='GV CTY'!E8 -> 17367.3
A6: AL Anlene Gold Vanilla Movepro 1Kg | B6: 12 | D6: 120 | E6: 35752144 | F6: 0 | G6: 0 | H6: 120 | I6: 35752144 | J6: 0 | K6: 0
A7: AL Anlene Gold Vanilla Movepro 400g | B7: 12 | D7: 504 | E7: 68557545 | F7: 0 | G7: 0 | H7: 277 | I7: 37679444 | J7: 227 | K7: 30878101 | L7: =K7/J7 -> 136026.88 | M7: 83500.2
A8: AL Anlene Gold Vanilla Movepro 440g | B8: 12 | D8: 344 | E8: 53839916 | F8: 0 | G8: 0 | H8: 194 | I8: 30363208 | J8: 150 | K8: 23476708 | L8: =K8/J8 -> 156511.39 | M8: 75700.8
A9: AL Anlene Gold Vanilla Movepro 800g | B9: 12 | D9: 153 | E9: 36613751 | F9: 0 | G9: 0 | H9: 153 | I9: 36613751 | J9: 0 | K9: 0
A10: AL Anlene Movepro UHT 180ml - Có đường | B10: 12 | D10: 554 | E10: 12063982 | F10: 0 | G10: 0 | H10: 438 | I10: 9537950 | J10: 116 | K10: 2526032 | L10: =K10/J10 -> 21776.138 | M10: 12041.1
A11: AL Anlene Movepro UHT 180ml - Không béo | B11: 12 | D11: 180 | E11: 3904035 | F11: 0 | G11: 0 | H11: 102 | I11: 2212287 | J11: 78 | K11: 1691748 | L11: =K11/J11 -> 21689.077 | M11: 12041.1
A12: AL Anlene Vanilla Movepro 440g | B12: 12 | D12: 295 | E12: 31404753 | F12: 0 | G12: 0 | H12: 277 | I12: 29488531 | J12: 18 | K12: 1916222 | L12: =K12/J12 -> 106456.78
A13: AL Anlene Vanilla Movepro 800g | B13: 12 | D13: 170 | E13: 40681945 | F13: 0 | G13: 0 | H13: 122 | I13: 29195278 | J13: 48 | K13: 11486667 | L13: =K13/J13 -> 239305.56 | M13: ='GV CTY'!E20 -> 139243.5
A14: AL Anlene Vanilla Movepro Sachet 20gx3 | B14: 12 | D14: 18 | E14: 407934 | F14: 0 | G14: 0 | H14: 18 | I14: 407934 | J14: 0 | K14: 0
A15: AL Anmum Concentrate Choco 4x125ml | B15: 12 | D15: 0 | E15: 0 | F15: 3 | G15: 57891 | H15: 3 | I15: 57891 | J15: 0 | K15: 0
A16: AL Anmum Concentrate Vanilla 4x125ml | B16: 12 | D16: 0 | E16: 0 | F16: 12 | G16: 231564 | H16: 12 | I16: 231564 | J16: 0 | K16: 0
A17: Bánh bao chay 300gr | B17: 12 | D17: 72 | E17: 1533524 | F17: 35 | G17: 745360 | H17: 70 | I17: 1490606 | J17: 37 | K17: 788278 | L17: =K17/J17 -> 21304.811
A18: Bánh bao nhân thịt 400gr | B18: 12 | D18: 96 | E18: 2486575 | F18: 51 | G18: 1322226 | H18: 15 | I18: 388653 | J18: 132 | K18: 3420148 | L18: =K18/J18 -> 25910.212
A19: Bánh bao nhân xá xíu 280g | B19: 12 | D19: 67 | E19: 2083589 | F19: 0 | G19: 0 | H19: 5 | I19: 155492 | J19: 62 | K19: 1928097 | L19: =K19/J19 -> 31098.339
A20: Bánh kem xốp phô mai – Richeese Nabati Cheese Cream Wafer 6g | B20: 12 | D20: 650 | E20: 74700000 | F20: 160 | G20: 18432000 | H20: 0 | I20: 0 | J20: 810 | K20: 93132000 | L20: =K20/J20 -> 114977.78
A21: Bánh Kem Xốp Phủ Sô Cô La - Nabati Richoco Time Break 48g | B21: 12 | D21: 280 | E21: 74052080 | F21: 0 | G21: 0 | H21: 0 | I21: 0 | J21: 280 | K21: 74052080 | L21: =K21/J21 -> 264471.71
A22: Bánh kem xốp sữa chua hương phúc bồn tử- Nabati Richberry 110g | B22: 12 | D22: 102 | E22: 19779439 | F22: 0 | G22: 0 | H22: 100 | I22: 19391607 | J22: 2 | K22: 387832 | L22: =K22/J22 -> 193916
A23: Bánh ống lớn nhân phô mai - Nabati Cheese Wafer Stick- Big rolls cheese 14g | B23: 12 | D23: 0 | E23: 0 | F23: 50 | G23: 8509100 | H23: 0 | I23: 0 | J23: 50 | K23: 8509100 | L23: =K23/J23 -> 170182
A24: Bánh Quy Nhân Kem Hương Vani - Nabati Cookies & Cream - Sandwich Cookies with Vanilla Flavour Cream 16g | B24: 12 | D24: 137 | E24: 22821826 | F24: 0 | G24: 0 | H24: 20 | I24: 3331653 | J24: 117 | K24: 19490173 | L24: =K24/J24 -> 166582.68
A25: Bánh quy nhân kem hương Vani - Nabati Cookies & Cream 112g | B25: 12 | D25: 106 | E25: 16323470 | F25: 45 | G25: 10556505 | H25: 28 | I25: 4984366 | J25: 123 | K25: 21895609 | L25: =K25/J25 -> 178013.08
A26: Bánh Quy Nhân Phô Mai - Nabati Richeese Cookies 112g | B26: 12 | D26: 94 | E26: 17372116 | F26: 40 | G26: 9383560 | H26: 50 | I26: 9983461 | J26: 84 | K26: 16772215 | L26: =K26/J26 -> 199669.23
A27: Bánh sôcôla (dạng xốp) – Richoco Nabati Chocolate Cream Wafer 6g | B27: 12 | D27: 351 | E27: 40194000 | F27: 0 | G27: 0 | H27: 0 | I27: 0 | J27: 351 | K27: 40194000 | L27: =K27/J27 -> 114512.82
A28: Bánh xếp kiểu nhật mini 360g | B28: 12 | D28: 40 | E28: 1818200 | F28: 0 | G28: 0 | H28: 0 | I28: 0 | J28: 40 | K28: 1818200 | L28: =K28/J28 -> 45455
A29: BEL Phô mai CBC 16M | B29: 12 | D29: 833 | E29: 46378988 | F29: 4571 | G29: 254508576 | H29: 5404 | I29: 300887564 | J29: 0 | K29: 0
A30: BEL Phô mai CBC 8M | B30: 12 | D30: 273867 | E30: 255643095 | F30: 8568 | G30: 267390144 | H30: 8950 | I30: 279311599 | J30: 273485 | K30: 243721640 | L30: =K30/J30 -> 891.17005 | M30: ='GV CTY'!E27 -> 31208
A31: BEL Pho mai Cube vị sữa 78g | B31: 12 | D31: 25915 | E31: 50321430 | F31: 1500 | G31: 54276000 | H31: 2339 | I31: 84634375 | J31: 25076 | K31: 19963055 | L31: =K31/J31 -> 796.10205 | M31: ='GV CTY'!E33 -> 36184
A32: BEL Phô mai vuông LeCube Tổ yến 78g | B32: 12 | D32: 2430 | E32: 87927120 | F32: 0 | G32: 0 | H32: 0 | I32: 0 | J32: 2430 | K32: 87927120 | L32: =K32/J32 -> 36184
A33: BEL Phomai Cube Country (truyền thống ) 78g | B33: 12 | D33: 0 | E33: 189538 | F33: 0 | G33: 0 | H33: 0 | I33: 0 | J33: 0 | K33: 189538
A34: BEL PM Lát CBC Burger 200gx32 | B34: 12 | D34: 160 | E34: 8538638 | F34: 0 | G34: 0 | H34: 30 | I34: 1526583 | J34: 130 | K34: 7012055 | L34: =K34/J34 -> 53938.885 | M34: ='GV CTY'!E34 -> 52485
A35: BEL PM Vuông LeCube 9C/ 47G (12/LỐ ) | B35: 12 | D35: 0 | E35: 0 | F35: 0 | G35: 0 | H35: 0 | I35: 0 | J35: 0 | K35: 0
A36: BEL PM vuông Belcube vị ngọt Dâu 78g | B36: 12 | D36: 9485 | E36: 33640650 | F36: 1050 | G36: 37993200 | H36: 1080 | I36: 39077621 | J36: 9455 | K36: 32556229 | L36: =K36/J36 -> 3443.2818
A37: BEL PM vuông Belcube vị ngọt Socola 78g | B37: 12 | D37: 320 | E37: 11571799 | F37: 405 | G37: 14654520 | H37: 630 | I37: 22789767 | J37: 95 | K37: 3436552 | L37: =K37/J37 -> 36174.232
A38: BEL PM vuông Belcube vị ngọt Vani 78g | B38: 12 | D38: 270 | E38: 9896208 | F38: 120 | G38: 4342080 | H38: 325 | I38: 11669303 | J38: 65 | K38: 2568985 | L38: =K38/J38 -> 39522.846
A39: Bột canh nấm bào ngư 180g | B39: 12 | D39: 1500 | E39: 7597338 | F39: 250 | G39: 1273250 | H39: 755 | I39: 3827026 | J39: 995 | K39: 5043562 | L39: =K39/J39 -> 5068.9065
A40: Cá Saba xốt Siracha 185g | B40: 12 | D40: 192 | E40: 4111968 | F40: 48 | G40: 933312 | H40: 0 | I40: 0 | J40: 240 | K40: 5045280 | L40: =K40/J40 -> 21022
A41: CLM Gia vị kho cá 50g | B41: 12 | D41: 4020 | E41: 19708744 | F41: 3360 | G41: 16487520 | H41: 5810 | I41: 28495976 | J41: 1570 | K41: 7700288 | L41: =K41/J41 -> 4904.642
A42: CLM Bột canh 180g | B42: 12 | D42: 750 | E42: 2517000 | F42: 0 | G42: 0 | H42: 0 | I42: 0 | J42: 750 | K42: 2517000 | L42: =K42/J42 -> 3356
A43: CLM Bột canh nấm hương 180g | B43: 12 | D43: 1350 | E43: 5561964 | F43: 200 | G43: 833400 | H43: 780 | I43: 3218313 | J43: 770 | K43: 3177051 | L43: =K43/J43 -> 4126.0403
A44: CLM Cá Ngừ ngâm dầu 185g | B44: 12 | D44: 1676 | E44: 38641471 | F44: 288 | G44: 6666624 | H44: 256 | I44: 5905739 | J44: 1708 | K44: 39402356 | L44: =K44/J44 -> 23069.295
A45: CLM cá xốt cà KOS 155g | B45: 12 | D45: 0 | E45: 0 | F45: 3600 | G45: 38332800 | H45: 10 | I45: 106480 | J45: 3590 | K45: 38226320 | L45: =K45/J45 -> 10648
A46: CLM Dầu dấm trộn salad pet 270g | B46: 12 | D46: 4478 | E46: 65694476 | F46: 9176 | G46: 133335000 | H46: 7962 | I46: 116059227 | J46: 5692 | K46: 82970249 | L46: =K46/J46 -> 14576.642
A47: CLM Dầu hào 2,25kg | B47: 12 | D47: 162 | E47: 14271796 | F47: 102 | G47: 9019452 | H47: 6 | I47: 529347 | J47: 258 | K47: 22761901 | L47: =K47/J47 -> 88224.422
... A52: CLM Dầu hào pet 820g | B52: 12 | D52: 3051 | E52: 99561656 | F52: 1476 | G52: 51966396 | H52: 2890 | I52: 96734277 | J52: 1637 | K52: 54793775 | L52: =K52/J52 -> 33472.068
A53: CLM Gia vị kho cá gói 50g | B53: 12 | D53: 0 | E53: 0 | F53: 0 | G53: 0 | H53: 0 | I53: 0 | J53: 0 | K53: 0
A54: CLM Gia vị kho thịt 50g | B54: 12 | D54: 4034 | E54: 19765883 | F54: 4080 | G54: 20020560 | H54: 6270 | I54: 30744515 | J54: 1844 | K54: 9041928 | L54: =K54/J54 -> 4903.4317
A55: CLM Gia vị kho thịt gói 50g | B55: 12 | D55: 0 | E55: 0 | F55: 0 | G55: 0 | H55: 0 | I55: 0 | J55: 0 | K55: 0
A56: CLM Hộp quà Gia vị Tết 2024 | B56: 12 | D56: 25 | E56: 4861100 | F56: 0 | G56: 0 | H56: 0 | I56: 0 | J56: 25 | K56: 4861100 | L56: =K56/J56 -> 194444
A57: CLM Hộp quà Như Ý | B57: 12 | D57: 7 | E57: 1328705 | F57: 0 | G57: 0 | H57: 0 | I57: 0 | J57: 7 | K57: 1328705 | L57: =K57/J57 -> 189815
A58: CLM Lẩu chua hải sản TT200g | B58: 12 | D58: 3640 | E58: 56770482 | F58: 4421 | G58: 68567796 | H58: 6642 | I58: 103274636 | J58: 1419 | K58: 22063642 | L58: =K58/J58 -> 15548.726
A59: CLM Nước mắm cao đạm 150ml | B59: 12 | D59: 170 | E59: 1385264 | F59: 24 | G59: 400008 | H59: 3 | I59: 27607 | J59: 191 | K59: 1757665 | L59: =K59/J59 -> 9202.4346
A60: CLM Nước mắm cao đạm 500ml | B60: 12 | D60: 384 | E60: 17725913 | F60: 0 | G60: 0 | H60: 20 | I60: 923225 | J60: 364 | K60: 16802688 | L60: =K60/J60 -> 46161.231
A61: CLM Nước mắm cao đạm 500ml (Xuân) | B61: 12 | D61: 156 | E61: 16177824 | F61: 0 | G61: 0 | H61: 6 | I61: 622224 | J61: 150 | K61: 15555600 | L61: =K61/J61 -> 103704
A62: CLM Nước mắm cao đạm 750ml (Xuân) | B62: 12 | D62: 84 | E62: 12133296 | F62: 0 | G62: 0 | H62: 5 | I62: 722220 | J62: 79 | K62: 11411076 | L62: =K62/J62 -> 144444
A63: CLM Nước mắm chay tt 245ml | B63: 12 | D63: 1608 | E63: 25016122 | F63: 552 | G63: 8689032 | H63: 1343 | I63: 20956492 | J63: 817 | K63: 12748662 | L63: =K63/J63 -> 15604.237
A64: CLM Nước Mắm Hương Việt 500ml hàng onpack chén | B64: 12 | D64: 3852 | E64: 90280472 | F64: 648 | G64: 15599952 | H64: 2766 | I64: 65081167 | J64: 1734 | K64: 40799257 | L64: =K64/J64 -> 23528.983
A65: CLM Nước Mắm Hương Việt pet 750ml Hàng onpack chén | B65: 12 | D65: 4218 | E65: 143970514 | F65: 1800 | G65: 61666200 | H65: 4946 | I65: 169006179 | J65: 1072 | K65: 36630535 | L65: =K65/J65 -> 34170.275
A66: CLM Nước tương Hảo Vị 500ml | B66: 12 | D66: 5136 | E66: 75745997 | F66: 1752 | G66: 25955880 | H66: 6110 | I66: 90214644 | J66: 778 | K66: 11487233 | L66: =K66/J66 -> 14765.081
A67: CLM Nước tương Hảo Vị gói 7ml | B67: 12 | D67: 10400 | E67: 3813333 | F67: 0 | G67: 0 | H67: 9600 | I67: 3520000 | J67: 800 | K67: 293333 | L67: =K67/J67 -> 366.66625
... A100: CLM Tương đen phở 230g | B100: 12 | D100: 46476 | E100: 335124139 | F100: 6120 | G100: 45330840 | H100: 38108 | I100: 287712936 | J100: 14488 | K100: 92742043 | L100: =K100/J100 -> 6401.3006
A101: CLM Tương đen phở 520g | B101: 12 | N101: =E101/D101 -> #DIV/0!
A102: CLM Xốt ướp xá xíu TT 200G | B102: 12 | D102: 864 | E102: 15351650 | F102: 684 | G102: 12350304 | H102: 1128 | I102: 20185920 | J102: 420 | K102: 7516034 | L102: =K102/J102 -> 17895.319
A103: CLM Xốt bò kho gói 90g | B103: 12 | D103: 7094 | E103: 57800393 | F103: 7800 | G103: 63554400 | H103: 13434 | I103: 109458862 | J103: 1460 | K103: 11895931 | L103: =K103/J103 -> 8147.8979
A104: CLM Xốt bún bò gói 90g | B104: 12 | D104: 2500 | E104: 20355350 | F104: 1320 | G104: 10755360 | H104: 2950 | I104: 24025287 | J104: 870 | K104: 7085423 | L104: =K104/J104 -> 8144.1644
A105: CLM Xốt cá chiên PET 280g | B105: 12 | D105: 240 | E105: 3935440 | F105: 72 | G105: 1200024 | H105: 0 | I105: 0 | J105: 312 | K105: 5135464 | L105: =K105/J105 -> 16459.821
A106: CLM Xốt cà chua KetChup TT 330g | B106: 12 | D106: 192 | E106: 3650221 | F106: 72 | G106: 1399968 | H106: 3 | I106: 57389 | J106: 261 | K106: 4992800 | L106: =K106/J106 -> 19129.502
A107: CLM Xốt gà chiên nước mắm 90g | B107: 12 | D107: 4325 | E107: 27997920 | F107: 2412 | G107: 15554400 | H107: 4790 | I107: 30965654 | J107: 1947 | K107: 12586666 | L107: =K107/J107 -> 6464.6461
A108: CLM Xốt lẩu kim chi pet 280g | B108: 12 | D108: 4565 | E108: 92887200 | F108: 0 | G108: 0 | H108: 2596 | I108: 52822600 | J108: 1969 | K108: 40064600 | L108: =K108/J108 -> 20347.689
A109: CLM Xốt lẩu nấm pet 270g | B109: 12 | D109: 336 | E109: 5841722 | F109: 312 | G109: 5489016 | H109: 178 | I109: 3112456 | J109: 470 | K109: 8218282 | L109: =K109/J109 -> 17485.706
A110: CLM Xốt Lẩu Thái pet 890g | B110: 12 | D110: 612 | E110: 25119032 | F110: 84 | G110: 3500028 | H110: 408 | I110: 16776690 | J110: 288 | K110: 11842370 | L110: =K110/J110 -> 41119.34
A111: CLM Xốt mì Ý bò bằm 140g | B111: 12 | D111: 320 | E111: 7371274 | F111: 160 | G111: 3703680 | H111: 220 | I111: 5076021 | J111: 260 | K111: 5998933 | L111: =K111/J111 -> 23072.819
A112: CLM Xốt mì Ý cà chua 140g | B112: 12 | D112: 120 | E112: 2654520 | F112: 80 | G112: 1777760 | H112: 120 | I112: 2659368 | J112: 80 | K112: 1772912 | L112: =K112/J112 -> 22161.4
A113: CLM Xốt rang me pet 280g | B113: 12 | D113: 2652 | E113: 31770271 | F113: 3648 | G113: 43333200 | H113: 3366 | I113: 40126712 | J113: 2934 | K113: 34976759 | L113: =K113/J113 -> 11921.186
... A134: NBT Bánh KXPM Richeese Nabati Cheese Cream Wafer 110g Tết | B134: 12 | D134: 1150 | E134: 211217050 | F134: 0 | G134: 0 | H134: 0 | I134: 0 | J134: 1150 | K134: 211217050 | L134: =K134/J134 -> 183667
A135: NBT Bánh KXPM Richeese Nabati Cheese Wafer 120g | B135: 12 | D135: 0 | E135: 0 | F135: 0 | G135: 0 | H135: 0 | I135: 0 | J135: 0 | K135: 0
A136: NBT Bánh KXPM Richeese Nabati Cheese Wafer 15g | B136: 12 | D136: 898 | E136: 164227145 | F136: 455 | G136: 83865600 | H136: 770 | I136: 141190993 | J136: 583 | K136: 106901752 | L136: =K136/J136 -> 183364.93
A137: NBT Bánh KXPM Richeese Nabati Cheese Wafer 16g | B137: 12 | D137: 13 | E137: 2323520 | F137: 67 | G137: 11975065 | H137: 80 | I137: 14298585 | J137: 0 | K137: 0
A138: NBT Bánh KXPM Richeese Nabati Cheese Wafer 17g | B138: 12 | D138: 427 | E138: 83128984 | F138: 690 | G138: 132239190 | H138: 1002 | I138: 191147067 | J138: 115 | K138: 24221107 | L138: =K138/J138 -> 210618.32
A139: NBT Bánh KXPM Richeese Nabati Cheese Wafer 50g | B139: 12 | D139: 888 | E139: 82354219 | F139: 100 | G139: 27752700 | H139: 644 | I139: 73819303 | J139: 344 | K139: 36287616 | L139: =K139/J139 -> 105487.26
A140: NBT Bánh KXPM Richeese Nabati Cheese Wafer 7.5g | B140: 12 | D140: 0 | E140: 0 | F140: 0 | G140: 0 | H140: 0 | I140: 0 | J140: 0 | K140: 0
A141: NBT Bánh KXPM Richoco Nabati Chocolate Wafer 17g | B141: 12 | D141: 1197 | E141: 228002752 | F141: 495 | G141: 94867245 | H141: 456 | I141: 87014609 | J141: 1236 | K141: 235855388 | L141: =K141/J141 -> 190821.51
A142: NBT Bánh Nabati Gaito Cheese Sandwich 32g | B142: 12 | D142: 0 | E142: 0 | F142: 0 | G142: 0 | H142: 0 | I142: 0 | J142: 0 | K142: 0
A143: NBT Bánh Nabati Kem xốp sữa chua hương phúc bồn tử 20g | B143: 12 | D143: 319 | E143: 60576489 | F143: 0 | G143: 0 | H143: 0 | I143: 0 | J143: 319 | K143: 60576489 | L143: =K143/J143 -> 189894.95
A144: NBT Bánh Nabati Sandwich Green Tea Gream Wafer 40g | B144: 12 | D144: 0 | E144: 0 | F144: 0 | G144: 0 | H144: 0 | I144: 0 | J144: 0 | K144: 0
A145: NBT Bánh NBT Gaito Cat Tongue Sandwich Richoco 260g | B145: 12 | D145: 0 | E145: 0 | F145: 0 | G145: 0 | H145: 0 | I145: 0 | J145: 0 | K145: 0
A146: NBT Bánh Quế Nhân Kem - Nabati Cookies and Cream Long Stick 105 | B146: 12 | D146: 50 | E146: 11656130 | F146: 45 | G146: 10556505 | H146: 25 | I146: 5845430 | J146: 70 | K146: 16367205 | L146: =K146/J146 -> 233817.21
A147: NBT Bánh Quế nhân kem- Cookies & Cream Long Stik 130g | B147: 12 | D147: 0 | E147: 0 | F147: 24 | G147: 6959131 | H147: 24 | I147: 6959131 | J147: 0 | K147: 0
A148: NBT Bánh Quế Nhân Phô Mai - Nabati Richeese Long Stick 105g | B148: 12 | D148: 265 | E148: 51536190 | F148: 20 | G148: 4691780 | H148: 148 | I148: 29199086 | J148: 137 | K148: 27028884 | L148: =K148/J148 -> 197291.12
A149: NBT Bánh Quế Nhân Sô Cô La - Nabati Richoco Long Stick 105g | B149: 12 | D149: 100 | E149: 23336700 | F149: 45 | G149: 10556505 | H149: 45 | I149: 10518581 | J149: 100 | K149: 23374624 | L149: =K149/J149 -> 233746.24
A150: NBT Bánh quế sô co la- Nabati Richoco bánh quế 130g | B150: 12 | D150: 0 | E150: 0 | F150: 0 | G150: 0 | H150: 0 | I150: 0 | J150: 0 | K150: 0
A151: NBT Bánh quy giòn PM- Cheese Crackers 10g(24PCSX10g) | B151: 12 | D151: 81 | E151: 17829621 | F151: 0 | G151: 0 | H151: 22 | I151: 4842658 | J151: 59 | K151: 12986963 | L151: =K151/J151 -> 220118.02
A152: NBT Bánh quy giòn SCL- Chocolate Crackers 10g(24PCSX10g) | B152: 12 | D152: 46 | E152: 12161583 | F152: 0 | G152: 0 | H152: 42 | I152: 11093015 | J152: 4 | K152: 1068568 | L152: =K152/J152 -> 267142
A153: NBT Bánh quy nhân kem sô co la- Nabati Richoco Cookies 112g. | B153: 12 | D153: 110 | E153: 25633710 | F153: 50 | G153: 11729450 | H153: 68 | I153: 11432029 | J153: 92 | K153: 25931131 | L153: =K153/J153 -> 281860.12
A154: NBT Bánh Richeese Ahh Triple Cheese 15g | B154: 12 | D154: 0 | E154: 0 | F154: 4 | G154: 1264364 | H154: 4 | I154: 1264364 | J154: 0 | K154: 0
A155: NBT Bánh snack phủ phô mai - Nabati Richeese Ahh Cheese cream coated snack 9g | B155: 12 | D155: 986 | E155: 312560997 | F155: 300 | G155: 95825400 | H155: 0 | I155: 0 | J155: 1286 | K155: 408386397 | L155: =K155/J155 -> 317563.29
A156: NBT Bánh snack vị bắp rang- Nabati SiiP Bite- Roasted Corn Flavour Snack 40g | B156: 12 | D156: 0 | E156: 0 | F156: 92 | G156: 13264312 | H156: 92 | I156: 13264312 | J156: 0 | K156: 0
...

Sheet Tháng 12
C1: Tồn Đầu Kỳ | E1: Nhập | G1: Xuất | I1: Tồn cuối kỳ
A2: Tên Hàng | B2: Tháng | C2: Số Lượng | D2: T,Tiền | E2: Số Lượng | F2: T.Tiền | G2: Số Lượng | H2: T. Tiền | I2: Số Lượng | J2: T.Tiền
A3: Cá viên Funny 500g | B3: 12 | C3: 226 | D3: 6255676 | E3: 100 | F3: 2774400 | G3: 100 | H3: 2769962 | I3: 226 | J3: 6260114
A4: AL Anlene Concentrate Choco 4x125ml | B4: 12 | C4: 0 | D4: 0 | E4: 60 | F4: 1188660 | G4: 60 | H4: 1188660 | I4: 0 | J4: 0
A5: AL Anlene Concentrate Vanilla 4x125ml | B5: 12 | C5: 587 | D5: 19248466 | E5: 0 | F5: 0 | G5: 455 | H5: 14931342 | I5: 132 | J5: 4317124
A6: AL Anlene Gold Vanilla Movepro 1Kg | B6: 12 | C6: 120 | D6: 35752144 | E6: 0 | F6: 0 | G6: 120 | H6: 35752144 | I6: 0 | J6: 0
A7: AL Anlene Gold Vanilla Movepro 400g | B7: 12 | C7: 504 | D7: 68557545 | E7: 0 | F7: 0 | G7: 277 | H7: 37679444 | I7: 227 | J7: 30878101
A8: AL Anlene Gold Vanilla Movepro 440g | B8: 12 | C8: 344 | D8: 53839916 | E8: 0 | F8: 0 | G8: 194 | H8: 30363208 | I8: 150 | J8: 23476708
A9: AL Anlene Gold Vanilla Movepro 800g | B9: 12 | C9: 153 | D9: 36613751 | E9: 0 | F9: 0 | G9: 153 | H9: 36613751 | I9: 0 | J9: 0
A10: AL Anlene Movepro UHT 180ml - Có đường | B10: 12 | C10: 554 | D10: 12063982 | E10: 0 | F10: 0 | G10: 438 | H10: 9537950 | I10: 116 | J10: 2526032
A11: AL Anlene Movepro UHT 180ml - Không béo | B11: 12 | C11: 180 | D11: 3904035 | E11: 0 | F11: 0 | G11: 102 | H11: 2212287 | I11: 78 | J11: 1691748
A12: AL Anlene Vanilla Movepro 440g | B12: 12 | C12: 295 | D12: 31404753 | E12: 0 | F12: 0 | G12: 277 | H12: 29488531 | I12: 18 | J12: 1916222
A13: AL Anlene Vanilla Movepro 800g | B13: 12 | C13: 170 | D13: 40681945 | E13: 0 | F13: 0 | G13: 122 | H13: 29195278 | I13: 48 | J13: 11486667
A14: AL Anlene Vanilla Movepro Sachet 20gx3 | B14: 12 | C14: 18 | D14: 407934 | E14: 0 | F14: 0 | G14: 18 | H14: 407934 | I14: 0 | J14: 0
... A186: SN Nước Yến Sannest Lon T | B186: 12 | C186: 131535 | D186: 626836099 | E186: 273861 | F186: 1931160000 | G186: 162030 | H186: 1303281000 | I186: 243366 | J186: 1254715099
A187: SN Nước yến Sannest Lon T (30lon/Thùng) | B187: 12 | C187: 0 | D187: 0 | E187: 11200 | F187: 2411276207 | G187: 1395 | H187: 303268263 | I187: 9805 | J187: 2108007944 | K187: =J187/I187 -> 214993.16
A188: SN Nước Yến Sào Sanest Trẻ Em hộp 6 lọ | B188: 12 | C188: 0 | D188: 0 | E188: 0 | F188: 0 | G188: 0 | H188: 0 | I188: 0 | J188: 0
A189: SN Nước Yến Sào Sanest Trẻ Em lon x190ml | B189: 12 | C189: 1170 | D189: 8433374 | E189: 0 | F189: 0 | G189: 20 | H189: 144160 | I189: 1150 | J189: 8289214
A190: SN Yến Sanest không đường người cao tuổi hộp 1 lọ | B190: 12 | C190: 0 | D190: 0 | E190: 0 | F190: 0 | G190: 0 | H190: 0 | I190: 0 | J190: 0
A191: Tương chua ngọt pet 830 g | B191: 12 | C191: 77684 | D191: 588888 | E191: 24 | F191: 588888 | G191: 0 | H191: 0 | I191: 77708 | J191: 1177776
A192: Tương ớt Phở 230gr | B192: 12 | C192: 144 | D192: 1037304 | E192: 0 | F192: 0 | G192: 0 | H192: 0 | I192: 144 | J192: 1037304
A193: Tương đen phở 520g | B193: 12 | C193: 1032 | D193: 16267839 | E193: 180 | F193: 2916720 | G193: 720 | H193: 11396768 | I193: 492 | J193: 7787791 | K193: =J193+J101 -> 11579449 | L193: =I193+I101 -> 570
A194: VS Bò 2 lát hộp 170g | B194: 12 | C194: 0 | D194: 0 | E194: 72 | F194: 1857744 | G194: 0 | H194: 0 | I194: 72 | J194: 1857744
A195: VS Bò 2 lát 3B.Mai 150g | B195: 12 | C195: 5208 | D195: 58948499 | E195: 360 | F195: 4225320 | G195: 4650 | H195: 52758308 | I195: 918 | J195: 10415511
A196: VS Bò Hầm 150g | B196: 12 | C196: 12491 | D196: 384147850 | E196: 914 | F196: 0 | G196: 4948 | H196: 160810000 | I196: 8457 | J196: 223337850
A197: VS Bò Hầm 397g | B197: 12 | C197: 820 | D197: 49022428 | E197: 0 | F197: 0 | G197: 630 | H197: 37663574 | I197: 190 | J197: 11358854
A198: VS Cá Ngừ xốt dầu hộp 170g | B198: 12 | C198: 814 | D198: 26110276 | E198: 192 | F198: 6309812 | G198: 646 | H198: 20818466 | I198: 360 | J198: 11601622
A199: VS Cá xốt cà hộp 170g | B199: 12 | C199: 1728 | D199: 3454644 | E199: 936 | F199: 0 | G199: 30 | H199: 38904 | I199: 2634 | J199: 3415740
A200: VS Cá xốt cà mai vàng hộp 150g | B200: 12 | C200: 13 | D200: 107765 | E200: 432 | F200: 4525632 | G200: 240 | H200: 2498911 | I200: 205 | J200: 2134486
A201: VS Chả Giò ALN Hũ 250g | B201: 12 | C201: 60 | D201: 3504600 | E201: 36 | F201: 2102760 | G201: 20 | H201: 1168200 | I201: 76 | J201: 4439160
A202: VS Hạt Nêm Chuẩn Vị Thịt gói 200g 1/24g | B202: 12 | C202: 625 | D202: 6930861 | E202: 0 | F202: 0 | G202: 0 | H202: 0 | I202: 625 | J202: 6930861
A203: VS Heo 2 lát (Lon in) hộp 150g | B203: 12 | C203: 0 | D203: 0 | E203: 144 | F203: 2133360 | G203: 0 | H203: 0 | I203: 144 | J203: 2133360
A204: VS Heo 2 Lát 3 B.Mai 150g | B204: 12 | C204: 33249 | D204: 411726334 | E204: 6084 | F204: 40227840 | G204: 18586 | H204: 234183600 | I204: 20747 | J204: 217770574
A205: VS Heo 2 lát hộp 150g | B205: 12 | C205: 3820 | D205: 76529330 | E205: 0 | F205: 0 | G205: 2346 | H205: 46999426 | I205: 1474 | J205: 29529904
... A258: VS ĐL Chả Giò rế tôm cua gói 500g | B258: 12 | C258: 5 | D258: 441600 | E258: 0 | F258: 0 | G258: 0 | H258: 0 | I258: 5 | J258: 441600
A259: VS ĐL Chả giò tôm cua gói 500g | B259: 12 | C259: 6 | D259: 447000 | F259: 0 | I259: 6 | J259: 447000
A260: VS ĐL Cốt lết ướp gia vị gói 500g | B260: 12 | C260: 0 | D260: 0 | E260: 0 | F260: 0 | G260: 0 | H260: 0 | I260: 0 | J260: 0
A261: VS ĐL Cốt lết xốt mật ong gói 500g | B261: 12 | C261: 0 | D261: 0 | E261: 0 | F261: 0 | G261: 0 | H261: 0 | I261: 0 | J261: 0
A262: VS ĐL Cốt lết xốt tiêu đen gói 500g | B262: 12 | C262: 0 | D262: 0 | E262: 0 | F262: 0 | G262: 0 | H262: 0 | I262: 0 | J262: 0
A263: VS ĐL Dồi sụn giòn gói 250g | B263: 12 | C263: 0 | D263: 0 | E263: 0 | F263: 0 | G263: 0 | H263: 0 | I263: 0 | J263: 0
A264: VS ĐL Dồi sụn giòn gói 500g | B264: 12 | C264: 0 | D264: 0 | E264: 0 | F264: 0 | G264: 0 | H264: 0 | I264: 0 | J264: 0
A265: VS ĐL Há Cảo gói 250g | B265: 12 | C265: 0 | D265: 0 | E265: 0 | F265: 0 | G265: 0 | H265: 0 | I265: 0 | J265: 0
A266: VS ĐL Há Cảo Thanh Long gói 300g | B266: 12 | C266: 14 | D266: 473144 | E266: 0 | F266: 0 | G266: 0 | H266: 0 | I266: 14 | J266: 473144
A267: VS ĐL Há Cảo Thịt gói 300g | B267: 12 | C267: 0 | D267: 0 | E267: 0 | F267: 0 | G267: 0 | H267: 0 | I267: 0 | J267: 0
A268: VS ĐL Há Cảo Tôm gói 300g | B268: 12 | C268: 0 | D268: 0 | E268: 0 | F268: 0 | G268: 0 | H268: 0 | I268: 0 | J268: 0
A269: VS ĐL Hoành thánh đặc biệt gói 200g | B269: 12 | C269: 0 | D269: 0 | E269: 0 | F269: 0 | G269: 0 | H269: 0 | I269: 0 | J269: 0
A270: VS ĐL Nem lụi- hộp 300g | B270: 12 | C270: 0 | D270: 0 | E270: 0 | F270: 0 | G270: 0 | H270: 0 | I270: 0 | J270: 0
A271: VS ĐL Sườn non ướp gia vị gói 500g | B271: 12 | C271: 0 | D271: 0 | E271: 0 | F271: 0 | G271: 0 | H271: 0 | I271: 0 | J271: 0
... A284: XXTT Heo 18g gói (T-3.6KG) | B284: 12 | C284: 0 | D284: 0 | E284: 394 | F284: 34234181 | G284: 394 | H284: 34234181 | I284: 0 | J284: 0
D285: 15756884474 | F285: 14455017684 | H285: 14475829845 | J285: 15736072313
