Workbook

Sheet xn chỉnh 2023
C1: =SUBTOTAL(109,C4:C8813) -> 40650 | D1: =SUBTOTAL(109,D4:D8813) -> 41057364766 | F1: =SUBTOTAL(109,F4:F8813) -> 40650 | G1: =SUBTOTAL(109,G4:G8813) -> 41057364766 | H1: =SUBTOTAL(109,H4:H8813) -> 39820 | I1: =SUBTOTAL(109,I4:I8813) -> 33017098796 | J1: =SUBTOTAL(109,J4:J8813) -> 1.4563094e+10 | K1: =SUBTOTAL(109,K4:K8813) -> 27556 | L1: =SUBTOTAL(109,L4:L8813) -> 3.1612617e+10 | M1: =SUBTOTAL(109,M4:M8813) -> 52914 | N1: =SUBTOTAL(109,N4:N8813) -> 4.2461847e+10
F2: Đầu Kỳ | H2: Nhập Kho | J2: Xuất Kho | M2: Tồn Kho
A3: Tên Sản Phẩm | B3: DVT | C3: Gốc | F3: Số Lượng | G3: Thành Tiền | H3: Số Lượng | I3: Thành Tiền | J3: Đơn giá Giá Vốn | K3: Số Lượng | L3: Thành Tiền | M3: Số Lượng | N3: Thành Tiền
A4: Thiết bị thu phát vô tuyến RG - EW1200G Pro | B4: Cái | C4: 0 | D4: 0 | F4: 0 | G4: 0 | H4: 11 | I4: 6445453 | J4: =IFERROR((G4+I4)/(F4+H4),0) -> 585950.27 | K4: 1 | L4: =J4*K4 -> 585950.27 | M4: =F4+H4-K4 -> 10 | N4: =G4+I4-L4 -> 5859502.7
A5: MÁY VI TÍNH ĐỂ BÀN (PC) LENOVO ThinkCentre neo 50t Gen 3 i3- 12100(4*3.3)/4GD4/256GSSD/WL/BT/KB/M/nOS/ĐEN( 11SC001LVA) | B5: Cái | C5: 0 | D5: 0 | F5: 0 | G5: 0 | H5: 66 | I5: 565620000 | J5: =IFERROR((G5+I5)/(F5+H5),0) -> 8570000 | K5: 61 | L5: =J5*K5 -> 522770000 | M5: =F5+H5-K5 -> 5 | N5: =G5+I5-L5 -> 42850000
A6: MÁY TÍNH XÁCH TAY (NB) LENOVO V14 G3 IAP i3-1215U/8GD4/256GSSD/14.0FHD/IPS/WL/BT/2C38/NoOS/ĐEN (82TS0060VN) | B6: Cái | C6: 0 | D6: 0 | F6: 0 | G6: 0 | H6: 61 | I6: 572491269 | J6: =IFERROR((G6+I6)/(F6+H6),0) -> 9385102.8 | K6: 39 | L6: =J6*K6 -> 3.6601901e+08 | M6: =F6+H6-K6 -> 22 | N6: =G6+I6-L6 -> 2.0647226e+08
A7: Máy in laser Brother HL-L2321D | B7: Cái | C7: 0 | D7: 0 | F7: 0 | G7: 0 | H7: 290 | I7: 761781620 | J7: =IFERROR((G7+I7)/(F7+H7),0) -> 2626833.2 | K7: 151 | L7: =J7*K7 -> 3.9665181e+08 | M7: =F7+H7-K7 -> 139 | N7: =G7+I7-L7 -> 3.6512981e+08
A8: Ổ cứng máy tính SSD Western WDS240G2G0A,240GB | B8: Cái | C8: 50 | D8: 33229084 | F8: 50 | G8: 33229084 | H8: 0 | I8: 0 | J8: =IFERROR((G8+I8)/(F8+H8),0) -> 664581.68 | K8: 50 | L8: =J8*K8 -> 33229084 | M8: =F8+H8-K8 -> 0 | N8: =G8+I8-L8 -> 0
A9: Camera quan sát CS-C6N (1080P) | B9: Cái | C9: 71 | D9: 30048522 | F9: 71 | G9: 30048522 | H9: 185 | I9: 78295445 | J9: =IFERROR((G9+I9)/(F9+H9),0) -> 423218.62 | K9: 256 | L9: =J9*K9 -> 108343967 | M9: =F9+H9-K9 -> 0 | N9: =G9+I9-L9 -> 0
A10: Máy tính xách tay MSI Katana GF66 12UCK-815VN/Alder Lake i5-12450H/512GB SSD/DDR4 8GB (3200MHz)/RTX3050 GDDR6 4GB/15.6" FHD/WIN11/màu đen/ ba lô | B10: Cái | C10: 0 | D10: 0 | F10: 0 | G10: 0 | H10: 2 | I10: 39163636 | J10: =IFERROR((G10+I10)/(F10+H10),0) -> 19581818 | K10: 2 | L10: =J10*K10 -> 39163636 | M10: =F10+H10-K10 -> 0 | N10: =G10+I10-L10 -> 0
A11: Thẻ nhớ 32GB Micro SDHC Exceria Plus UHS-I C10 U3 V30 A1 98MB/65MB/s Kioxia ( Có Adapter) | B11: Cái | C11: 50 | D11: 9545454 | F11: 50 | G11: 9545454 | H11: 0 | I11: 0 | J11: =IFERROR((G11+I11)/(F11+H11),0) -> 190909.08 | K11: 40 | L11: =J11*K11 -> 7636363.2 | M11: =F11+H11-K11 -> 10 | N11: =G11+I11-L11 -> 1909090.8
A12: Máy tính bàn Lenovo ThinkCentre Neo 50t Gen 4 - Intel Corei5-13400 (4.60 GHz) - 8GB RAM - 512GB SSD - Wifi & BL -UHD Graphics 730 - NOS - 1YR Premier NBD,P/n 12JB001HVA | B12: Bộ | C12: 0 | D12: 0 | F12: 0 | G12: 0 | H12: 25 | I12: 269795450 | J12: =IFERROR((G12+I12)/(F12+H12),0) -> 10791818 | K12: 21 | L12: =J12*K12 -> 226628178 | M12: =F12+H12-K12 -> 4 | N12: =G12+I12-L12 -> 43167272
A13: Máy tính xách tay AsusA415EA - EBI750W (i3-1125G4/8GB/256GB (90NB0RLB-M32730) | B13: Bộ | C13: 2 | D13: 23547273 | F13: 2 | G13: 23547273 | H13: 0 | I13: 0 | J13: =IFERROR((G13+I13)/(F13+H13),0) -> 11773636 | K13: 2 | L13: =J13*K13 -> 23547273 | M13: =F13+H13-K13 -> 0 | N13: =G13+I13-L13 -> 0
A14: Máy tính xách tay MSI Katana GF66 12UCK-699VN/Alder Lake i5-12450H/512GB SSD/DDR4 8GB (3200MHz)/RTX3050 GDDR6 4GB/15.6" FHD/WIN 11/màu đen/ba lô | B14: Cái | C14: 0 | D14: 0 | F14: 0 | G14: 0 | H14: 2 | I14: 38254544 | J14: =IFERROR((G14+I14)/(F14+H14),0) -> 19127272 | K14: 1 | L14: =J14*K14 -> 19127272 | M14: =F14+H14-K14 -> 1 | N14: =G14+I14-L14 -> 19127272
A15: Máy tính bàn Lenovo ThinkCentre M70s Gen 3 i3-12100 ( 4.3 GHZ) - 8GB RAM - 256GB SSD - Wireless & Bluetooth - None -1Yr; P/n 11TC000QVA | B15: Bộ | C15: 0 | D15: 0 | F15: 0 | G15: 0 | H15: 30 | I15: 247363620 | J15: =IFERROR((G15+I15)/(F15+H15),0) -> 8245454 | K15: 11 | L15: =J15*K15 -> 90699994 | M15: =F15+H15-K15 -> 19 | N15: =G15+I15-L15 -> 156663626
... A169: Chuột gaming có dây Logitech G203, màu tím lilac (910-005853) | B169: Cái | C169: 0 | D169: 0 | F169: 0 | G169: 0 | H169: 5 | I169: 1636360 | J169: =IFERROR((G169+I169)/(F169+H169),0) -> 327272 | K169: 0 | L169: =J169*K169 -> 0 | M169: =F169+H169-K169 -> 5 | N169: =G169+I169-L169 -> 1636360
A170: Bàn phím Logitech K120 | B170: Cái | C170: 83 | D170: 12131794 | F170: 83 | G170: 12131794 | H170: 150 | I170: 17272650 | J170: =IFERROR((G170+I170)/(F170+H170),0) -> 126199.33 | K170: 83 | L170: 12131794 | M170: =F170+H170-K170 -> 150 | N170: =G170+I170-L170 -> 17272650
A171: Tai nghe USB Logitech H540 (981-000482) | B171: Cái | C171: 0 | D171: 0 | F171: 0 | G171: 0 | H171: 1 | I171: 681818 | J171: =IFERROR((G171+I171)/(F171+H171),0) -> 681818 | K171: 0 | L171: =J171*K171 -> 0 | M171: =F171+H171-K171 -> 1 | N171: =G171+I171-L171 -> 681818
A172: Tai nghe PC Logitech Stereo H151, màu đen - BLACK (981-000587) | B172: Cái | C172: 0 | D172: 0 | F172: 0 | G172: 0 | H172: 14 | I172: 3081814 | J172: =IFERROR((G172+I172)/(F172+H172),0) -> 220129.57 | K172: 0 | L172: =J172*K172 -> 0 | M172: =F172+H172-K172 -> 14 | N172: =G172+I172-L172 -> 3081814
A173: Tai nghe PC Logitech H110 (981-000459) | B173: Cái | C173: 0 | D173: 0 | F173: 0 | G173: 0 | H173: 16 | I173: 2109088 | J173: =IFERROR((G173+I173)/(F173+H173),0) -> 131818 | K173: 0 | L173: =J173*K173 -> 0 | M173: =F173+H173-K173 -> 16 | N173: =G173+I173-L173 -> 2109088
A174: Mực MP3054 | B174: Hộp | C174: 0 | D174: 0 | F174: 0 | G174: 0 | H174: 1 | I174: 400000 | J174: =IFERROR((G174+I174)/(F174+H174),0) -> 400000 | K174: 0 | L174: =J174*K174 -> 0 | M174: =F174+H174-K174 -> 1 | N174: =G174+I174-L174 -> 400000
A175: Máy tính xách tay MSI Cyborg 15 A12VE-412VN/i5-12450H/512GB SSD/DDR5 8GB/RTX 4050,GDDR6 6GB/15.6" FHD 144Hz/Win11/màu đen,ba lô | B175: Cái | C175: 0 | D175: 0 | F175: 0 | G175: 0 | H175: 1 | I175: 20445455 | J175: =IFERROR((G175+I175)/(F175+H175),0) -> 20445455 | K175: 0 | L175: =J175*K175 -> 0 | M175: =F175+H175-K175 -> 1 | N175: =G175+I175-L175 -> 20445455
A176: Chuột Gaming MSI M99 (BTS 2022) | B176: Cái | C176: 0 | D176: 0 | F176: 0 | G176: 0 | H176: 5 | I176: 0 | J176: =IFERROR((G176+I176)/(F176+H176),0) -> 0 | K176: 0 | L176: =J176*K176 -> 0 | M176: =F176+H176-K176 -> 5 | N176: =G176+I176-L176 -> 0
A177: Túi rút Kingston Fury | B177: Cái | C177: 0 | D177: 0 | F177: 0 | G177: 0 | H177: 2 | I177: 0 | J177: =IFERROR((G177+I177)/(F177+H177),0) -> 0 | K177: 0 | L177: =J177*K177 -> 0 | M177: =F177+H177-K177 -> 2 | N177: =G177+I177-L177 -> 0
A178: Đầu máy in kim Epson LQ 310 | B178: Bộ | C178: 0 | D178: 0 | F178: 0 | G178: 0 | H178: 3 | I178: 5100000 | J178: =IFERROR((G178+I178)/(F178+H178),0) -> 1700000 | K178: 3 | L178: =J178*K178 -> 5100000 | M178: =F178+H178-K178 -> 0 | N178: =G178+I178-L178 -> 0
A179: Camera DH - HAC - HFW 1200DP - S5 | B179: Cái | C179: 0 | D179: 0 | F179: 0 | G179: 0 | H179: 2 | I179: 1000000 | J179: =IFERROR((G179+I179)/(F179+H179),0) -> 500000 | K179: 0 | L179: =J179*K179 -> 0 | M179: =F179+H179-K179 -> 2 | N179: =G179+I179-L179 -> 1000000
A180: Thiết bị truyền hình ảnh Webcam Logitech HD C270 (960-000584) | B180: Cái | C180: 0 | D180: 0 | F180: 0 | G180: 0 | H180: 13 | I180: 4136353 | J180: =IFERROR((G180+I180)/(F180+H180),0) -> 318181 | K180: 0 | L180: =J180*K180 -> 0 | M180: =F180+H180-K180 -> 13 | N180: =G180+I180-L180 -> 4136353
A181: Bộ bàn phím + chuột không dây Logitech MK220 (920-003235) | B181: Bộ | C181: 0 | D181: 0 | F181: 0 | G181: 0 | H181: 8 | I181: 2554543 | J181: =IFERROR((G181+I181)/(F181+H181),0) -> 319317.88 | K181: 0 | L181: =J181*K181 -> 0 | M181: =F181+H181-K181 -> 8 | N181: =G181+I181-L181 -> 2554543
A182: Bộ bàn phím + chuột không dây Logitech MK240 Nano, màu đen (920-008202) | B182: Bộ | C182: 0 | D182: 0 | F182: 0 | G182: 0 | H182: 7 | I182: 2672726 | J182: =IFERROR((G182+I182)/(F182+H182),0) -> 381818 | K182: 0 | L182: =J182*K182 -> 0 | M182: =F182+H182-K182 -> 7 | N182: =G182+I182-L182 -> 2672726
... A2274: Monitor - E2223HN (Theo Hợp đồng kinh tế số 01/HĐKT-XDBTN-HV ký ngày 18 tháng 12 năm 2023) | B2274: Bộ | C2274: 30 | D2274: 456000000 | F2274: 30 | G2274: 456000000 | H2274: 0 | I2274: 0 | J2274: =IFERROR((G2274+I2274)/(F2274+H2274),0) -> 15200000 | K2274: 30 | L2274: =J2274*K2274 -> 456000000 | M2274: =F2274+H2274-K2274 -> 0 | N2274: =G2274+I2274-L2274 -> 0
C2275: =SUM(C4:C2274) -> 20325 | D2275: =SUM(D4:D2274) -> 20528682383 | F2275: =SUM(F4:F2274) -> 20325 | G2275: =SUM(G4:G2274) -> 20528682383 | H2275: =SUM(H4:H2274) -> 19910 | I2275: =SUM(I4:I2274) -> 16508549398 | J2275: =SUM(J4:J2274) -> 7.281547e+09 | K2275: =SUM(K4:K2274) -> 13778 | L2275: =SUM(L4:L2274) -> 1.5806308e+10 | M2275: =SUM(M4:M2274) -> 26457 | N2275: =SUM(N4:N2274) -> 2.1230923e+10

Sheet 2023
C1: =SUBTOTAL(109,C4:C8981) -> 40650 | D1: =SUBTOTAL(109,D4:D8981) -> 41057364766 | F1: =SUBTOTAL(109,F4:F8981) -> 40650 | G1: =SUBTOTAL(109,G4:G8981) -> 41057364766 | H1: =SUBTOTAL(109,H4:H8981) -> 40624 | I1: =SUBTOTAL(109,I4:I8981) -> 33111107234 | J1: =SUBTOTAL(109,J4:J8981) -> 1.4620099e+10 | K1: =SUBTOTAL(109,K4:K8981) -> 27560 | L1: =SUBTOTAL(109,L4:L8981) -> 3.1612617e+10 | M1: =SUBTOTAL(109,M4:M8981) -> 53714 | N1: =SUBTOTAL(109,N4:N8981) -> 4.2555855e+10
F2: Đầu Kỳ | H2: Nhập Kho | J2: Xuất Kho | M2: Tồn Kho
A3: Tên Sản Phẩm | B3: DVT | C3: Gốc | F3: Số Lượng | G3: Thành Tiền | H3: Số Lượng | I3: Thành Tiền | J3: Đơn giá Giá Vốn | K3: Số Lượng | L3: Thành Tiền | M3: Số Lượng | N3: Thành Tiền
A4: Thiết bị thu phát vô tuyến RG - EW1200G Pro | B4: Cái | C4: 0 | D4: 0 | F4: 0 | G4: 0 | H4: 11 | I4: 6445453 | J4: =IFERROR((G4+I4)/(F4+H4),0) -> 585950.27 | K4: 1 | L4: =J4*K4 -> 585950.27 | M4: =F4+H4-K4 -> 10 | N4: =G4+I4-L4 -> 5859502.7
A5: MÁY VI TÍNH ĐỂ BÀN (PC) LENOVO ThinkCentre neo 50t Gen 3 i3- 12100(4*3.3)/4GD4/256GSSD/WL/BT/KB/M/nOS/ĐEN( 11SC001LVA) | B5: Cái | C5: 0 | D5: 0 | F5: 0 | G5: 0 | H5: 66 | I5: 565620000 | J5: =IFERROR((G5+I5)/(F5+H5),0) -> 8570000 | K5: 61 | L5: =J5*K5 -> 522770000 | M5: =F5+H5-K5 -> 5 | N5: =G5+I5-L5 -> 42850000
A6: MÁY TÍNH XÁCH TAY (NB) LENOVO V14 G3 IAP i3-1215U/8GD4/256GSSD/14.0FHD/IPS/WL/BT/2C38/NoOS/ĐEN (82TS0060VN) | B6: Cái | C6: 0 | D6: 0 | F6: 0 | G6: 0 | H6: 61 | I6: 572491269 | J6: =IFERROR((G6+I6)/(F6+H6),0) -> 9385102.8 | K6: 39 | L6: =J6*K6 -> 3.6601901e+08 | M6: =F6+H6-K6 -> 22 | N6: =G6+I6-L6 -> 2.0647226e+08
A7: Máy in laser Brother HL-L2321D | B7: Cái | C7: 0 | D7: 0 | F7: 0 | G7: 0 | H7: 290 | I7: 761781620 | J7: =IFERROR((G7+I7)/(F7+H7),0) -> 2626833.2 | K7: 151 | L7: =J7*K7 -> 3.9665181e+08 | M7: =F7+H7-K7 -> 139 | N7: =G7+I7-L7 -> 3.6512981e+08
A8: Ổ cứng máy tính SSD Western WDS240G2G0A,240GB | B8: Cái | C8: 50 | D8: 33229084 | F8: 50 | G8: 33229084 | H8: 0 | I8: 0 | J8: =IFERROR((G8+I8)/(F8+H8),0) -> 664581.68 | K8: 50 | L8: =J8*K8 -> 33229084 | M8: =F8+H8-K8 -> 0 | N8: =G8+I8-L8 -> 0
A9: Camera quan sát CS-C6N (1080P) | B9: Cái | C9: 71 | D9: 30048522 | F9: 71 | G9: 30048522 | H9: 185 | I9: 78295445 | J9: =IFERROR((G9+I9)/(F9+H9),0) -> 423218.62 | K9: 256 | L9: =J9*K9 -> 108343967 | M9: =F9+H9-K9 -> 0 | N9: =G9+I9-L9 -> 0
A10: Máy tính xách tay MSI Katana GF66 12UCK-815VN/Alder Lake i5-12450H/512GB SSD/DDR4 8GB (3200MHz)/RTX3050 GDDR6 4GB/15.6" FHD/WIN11/màu đen/ ba lô | B10: Cái | C10: 0 | D10: 0 | F10: 0 | G10: 0 | H10: 2 | I10: 39163636 | J10: =IFERROR((G10+I10)/(F10+H10),0) -> 19581818 | K10: 2 | L10: =J10*K10 -> 39163636 | M10: =F10+H10-K10 -> 0 | N10: =G10+I10-L10 -> 0
A11: Thẻ nhớ 32GB Micro SDHC Exceria Plus UHS-I C10 U3 V30 A1 98MB/65MB/s Kioxia ( Có Adapter) | B11: Cái | C11: 50 | D11: 9545454 | F11: 50 | G11: 9545454 | H11: 0 | I11: 0 | J11: =IFERROR((G11+I11)/(F11+H11),0) -> 190909.08 | K11: 40 | L11: =J11*K11 -> 7636363.2 | M11: =F11+H11-K11 -> 10 | N11: =G11+I11-L11 -> 1909090.8
A12: Máy tính bàn Lenovo ThinkCentre Neo 50t Gen 4 - Intel Corei5-13400 (4.60 GHz) - 8GB RAM - 512GB SSD - Wifi & BL -UHD Graphics 730 - NOS - 1YR Premier NBD,P/n 12JB001HVA | B12: Bộ | C12: 0 | D12: 0 | F12: 0 | G12: 0 | H12: 25 | I12: 269795450 | J12: =IFERROR((G12+I12)/(F12+H12),0) -> 10791818 | K12: 21 | L12: =J12*K12 -> 226628178 | M12: =F12+H12-K12 -> 4 | N12: =G12+I12-L12 -> 43167272
A13: Máy tính xách tay AsusA415EA - EBI750W (i3-1125G4/8GB/256GB (90NB0RLB-M32730) | B13: Bộ | C13: 2 | D13: 23547273 | F13: 2 | G13: 23547273 | H13: 0 | I13: 0 | J13: =IFERROR((G13+I13)/(F13+H13),0) -> 11773636 | K13: 2 | L13: =J13*K13 -> 23547273 | M13: =F13+H13-K13 -> 0 | N13: =G13+I13-L13 -> 0
A14: Máy tính xách tay MSI Katana GF66 12UCK-699VN/Alder Lake i5-12450H/512GB SSD/DDR4 8GB (3200MHz)/RTX3050 GDDR6 4GB/15.6" FHD/WIN 11/màu đen/ba lô | B14: Cái | C14: 0 | D14: 0 | F14: 0 | G14: 0 | H14: 2 | I14: 38254544 | J14: =IFERROR((G14+I14)/(F14+H14),0) -> 19127272 | K14: 1 | L14: =J14*K14 -> 19127272 | M14: =F14+H14-K14 -> 1 | N14: =G14+I14-L14 -> 19127272
A15: Máy tính bàn Lenovo ThinkCentre M70s Gen 3 i3-12100 ( 4.3 GHZ) - 8GB RAM - 256GB SSD - Wireless & Bluetooth - None -1Yr; P/n 11TC000QVA | B15: Bộ | C15: 0 | D15: 0 | F15: 0 | G15: 0 | H15: 30 | I15: 247363620 | J15: =IFERROR((G15+I15)/(F15+H15),0) -> 8245454 | K15: 11 | L15: =J15*K15 -> 90699994 | M15: =F15+H15-K15 -> 19 | N15: =G15+I15-L15 -> 156663626
... A196: Chuột gaming có dây Logitech G203, màu tím lilac (910-005853) | B196: Cái | C196: 0 | D196: 0 | F196: 0 | G196: 0 | H196: 5 | I196: 1636360 | J196: =IFERROR((G196+I196)/(F196+H196),0) -> 327272 | K196: 0 | L196: =J196*K196 -> 0 | M196: =F196+H196-K196 -> 5 | N196: =G196+I196-L196 -> 1636360
A197: Bàn phím Logitech K120 | B197: Cái | C197: 83 | D197: 12131794 | F197: 83 | G197: 12131794 | H197: 150 | I197: 17272650 | J197: =IFERROR((G197+I197)/(F197+H197),0) -> 126199.33 | K197: 83 | L197: 12131794 | M197: =F197+H197-K197 -> 150 | N197: =G197+I197-L197 -> 17272650
A198: Tai nghe USB Logitech H540 (981-000482) | B198: Cái | C198: 0 | D198: 0 | F198: 0 | G198: 0 | H198: 1 | I198: 681818 | J198: =IFERROR((G198+I198)/(F198+H198),0) -> 681818 | K198: 0 | L198: =J198*K198 -> 0 | M198: =F198+H198-K198 -> 1 | N198: =G198+I198-L198 -> 681818
A199: Tai nghe PC Logitech Stereo H151, màu đen - BLACK (981-000587) | B199: Cái | C199: 0 | D199: 0 | F199: 0 | G199: 0 | H199: 14 | I199: 3081814 | J199: =IFERROR((G199+I199)/(F199+H199),0) -> 220129.57 | K199: 0 | L199: =J199*K199 -> 0 | M199: =F199+H199-K199 -> 14 | N199: =G199+I199-L199 -> 3081814
A200: Tai nghe PC Logitech H110 (981-000459) | B200: Cái | C200: 0 | D200: 0 | F200: 0 | G200: 0 | H200: 16 | I200: 2109088 | J200: =IFERROR((G200+I200)/(F200+H200),0) -> 131818 | K200: 0 | L200: =J200*K200 -> 0 | M200: =F200+H200-K200 -> 16 | N200: =G200+I200-L200 -> 2109088
A201: Cước dịch vụ Viễn thông-Công nghệ thông tin tháng 05 năm 2023 | B201: Tháng | C201: 0 | D201: 0 | F201: 0 | G201: 0 | H201: 9 | I201: 0 | J201: =IFERROR((G201+I201)/(F201+H201),0) -> 0 | K201: 0 | L201: =J201*K201 -> 0 | M201: =F201+H201-K201 -> 9 | N201: =G201+I201-L201 -> 0
A202: Mực MP3054 | B202: Hộp | C202: 0 | D202: 0 | F202: 0 | G202: 0 | H202: 1 | I202: 400000 | J202: =IFERROR((G202+I202)/(F202+H202),0) -> 400000 | K202: 0 | L202: =J202*K202 -> 0 | M202: =F202+H202-K202 -> 1 | N202: =G202+I202-L202 -> 400000
A203: Máy tính xách tay MSI Cyborg 15 A12VE-412VN/i5-12450H/512GB SSD/DDR5 8GB/RTX 4050,GDDR6 6GB/15.6" FHD 144Hz/Win11/màu đen,ba lô | B203: Cái | C203: 0 | D203: 0 | F203: 0 | G203: 0 | H203: 1 | I203: 20445455 | J203: =IFERROR((G203+I203)/(F203+H203),0) -> 20445455 | K203: 0 | L203: =J203*K203 -> 0 | M203: =F203+H203-K203 -> 1 | N203: =G203+I203-L203 -> 20445455
A204: Chuột Gaming MSI M99 (BTS 2022) | B204: Cái | C204: 0 | D204: 0 | F204: 0 | G204: 0 | H204: 5 | I204: 0 | J204: =IFERROR((G204+I204)/(F204+H204),0) -> 0 | K204: 0 | L204: =J204*K204 -> 0 | M204: =F204+H204-K204 -> 5 | N204: =G204+I204-L204 -> 0
A205: Túi rút Kingston Fury | B205: Cái | C205: 0 | D205: 0 | F205: 0 | G205: 0 | H205: 2 | I205: 0 | J205: =IFERROR((G205+I205)/(F205+H205),0) -> 0 | K205: 0 | L205: =J205*K205 -> 0 | M205: =F205+H205-K205 -> 2 | N205: =G205+I205-L205 -> 0
A206: Đầu máy in kim Epson LQ 310 | B206: Bộ | C206: 0 | D206: 0 | F206: 0 | G206: 0 | H206: 3 | I206: 5100000 | J206: =IFERROR((G206+I206)/(F206+H206),0) -> 1700000 | K206: 3 | L206: =J206*K206 -> 5100000 | M206: =F206+H206-K206 -> 0 | N206: =G206+I206-L206 -> 0
A207: Camera DH - HAC - HFW 1200DP - S5 | B207: Cái | C207: 0 | D207: 0 | F207: 0 | G207: 0 | H207: 2 | I207: 1000000 | J207: =IFERROR((G207+I207)/(F207+H207),0) -> 500000 | K207: 0 | L207: =J207*K207 -> 0 | M207: =F207+H207-K207 -> 2 | N207: =G207+I207-L207 -> 1000000
A208: Thiết bị truyền hình ảnh Webcam Logitech HD C270 (960-000584) | B208: Cái | C208: 0 | D208: 0 | F208: 0 | G208: 0 | H208: 13 | I208: 4136353 | J208: =IFERROR((G208+I208)/(F208+H208),0) -> 318181 | K208: 0 | L208: =J208*K208 -> 0 | M208: =F208+H208-K208 -> 13 | N208: =G208+I208-L208 -> 4136353
A209: Bộ bàn phím + chuột không dây Logitech MK220 (920-003235) | B209: Bộ | C209: 0 | D209: 0 | F209: 0 | G209: 0 | H209: 8 | I209: 2554543 | J209: =IFERROR((G209+I209)/(F209+H209),0) -> 319317.88 | K209: 0 | L209: =J209*K209 -> 0 | M209: =F209+H209-K209 -> 8 | N209: =G209+I209-L209 -> 2554543
... A2442: Monitor - E2223HN (Theo Hợp đồng kinh tế số 01/HĐKT-XDBTN-HV ký ngày 18 tháng 12 năm 2023) | B2442: Bộ | C2442: 30 | D2442: 456000000 | F2442: 30 | G2442: 456000000 | H2442: 0 | I2442: 0 | J2442: =IFERROR((G2442+I2442)/(F2442+H2442),0) -> 15200000 | K2442: 30 | L2442: =J2442*K2442 -> 456000000 | M2442: =F2442+H2442-K2442 -> 0 | N2442: =G2442+I2442-L2442 -> 0
C2443: =SUM(C4:C2442) -> 20325 | D2443: =SUM(D4:D2442) -> 20528682383 | F2443: =SUM(F4:F2442) -> 20325 | G2443: =SUM(G4:G2442) -> 20528682383 | H2443: =SUM(H4:H2442) -> 20312 | I2443: =SUM(I4:I2442) -> 16555553617 | J2443: =SUM(J4:J2442) -> 7.3100494e+09 | K2443: =SUM(K4:K2442) -> 13780 | L2443: =SUM(L4:L2442) -> 1.5806308e+10 | M2443: =SUM(M4:M2442) -> 26857 | N2443: =SUM(N4:N2442) -> 2.1277928e+10

Sheet Sheet2
A3: Bàn phím Logitech K120 | B3: Cái | C3: 0 | D3: 0 | E3: 150 | F3: 150 | G3: 17272650 | H3: 0 | I3: 0 | J3: 115151 | K3: 394 | L3: 49500035 | M3: 45369494 | N3: -244 | O3: -28096844
A4: Bộ máy vi tính | B4: Bộ | C4: 0 | D4: 0 | E4: 0 | F4: 0 | G4: 0 | H4: 0 | I4: 0 | J4: 0 | K4: 213 | L4: 2051237247 | M4: 0 | N4: -213 | O4: 0
A5: Chuột vi tính có dây Rapoo N120 | B5: Cái | C5: 0 | D5: 0 | E5: 0 | F5: 0 | G5: 0 | H5: 0 | I5: 0 | J5: 0 | K5: 209 | L5: 6270000 | M5: 0 | N5: -209 | O5: 0
A6: Chuột máy tính Dell MS116 | B6: Cái | C6: 0 | D6: 0 | E6: 0 | F6: 0 | G6: 0 | H6: 0 | I6: 0 | J6: 0 | K6: 131 | L6: 11936360 | M6: 0 | N6: -131 | O6: 0
A7: Camera quan sát CS-C6N (1080P) | B7: Cái | C7: 0 | D7: 0 | E7: 0 | F7: 0 | G7: 0 | H7: 90 | I7: 34709090 | J7: 385656.56 | K7: 218 | L7: 68940007 | M7: 84073129 | N7: -128 | O7: -49364039
A8: Bộ Nhớ Trong Kingston 4GB D4-2400U17 (KVR24N17S6/4) | B8: Cái | C8: 0 | D8: 0 | E8: 0 | F8: 0 | G8: 0 | H8: 0 | I8: 0 | J8: 0 | K8: 115 | L8: 26136395 | M8: 0 | N8: -115 | O8: 0
A9: Máy in laser Canon LBP 2900 | B9: cái | C9: 0 | D9: 0 | E9: 109 | F9: 109 | G9: 3.8275779e+08 | H9: 7 | I9: 26627272 | J9: 3529181.5 | K9: 226 | L9: 787963655 | M9: 7.9759503e+08 | N9: -110 | O9: -3.8820997e+08
A10: BÀN PHÍM DELL MULTIMEDIA KB216 | B10: Cái | C10: 0 | D10: 0 | E10: 0 | F10: 0 | G10: 0 | H10: 130 | I10: 16681840 | J10: 128321.85 | K10: 239 | L10: 34131835 | M10: 30668921 | N10: -109 | O10: -13987081
A11: Bộ Nhớ Ngoài Sandisk 16G SDCZ50-016G-B35,USB,Cruzer | B11: Cái | C11: 0 | D11: 0 | E11: 0 | F11: 0 | G11: 0 | H11: 0 | I11: 0 | J11: 0 | K11: 100 | L11: 5454500 | M11: 0 | N11: -100 | O11: 0
A12: Nguồn Jetek Model Y600T | B12: Cái | C12: 0 | D12: 0 | E12: 0 | F12: 0 | G12: 0 | H12: 0 | I12: 0 | J12: 0 | K12: 100 | L12: 18000000 | M12: 0 | N12: -100 | O12: 0
A13: Bảng mạch chính Asus PRIME H510M-K | B13: Cái | C13: 0 | D13: 0 | E13: 0 | F13: 0 | G13: 0 | H13: 10 | I13: 13545460 | J13: 1354546 | K13: 108 | L13: 142331819 | M13: 146290968 | N13: -98 | O13: -132745508
A14: Bộ định tuyến TP-Link 300M,2.4GHz-TL-WR840N | B14: Cái | C14: 0 | D14: 0 | E14: 0 | F14: 0 | G14: 0 | H14: 0 | I14: 0 | J14: 0 | K14: 95 | L14: 15545420 | M14: 0 | N14: -95 | O14: 0
... A472: Máy tính xách tay Dell Inspiron15 3520, i5-1235U, 16GB,512GB SSD, Intel Iris XeGraphics, 15.6" FHD, 3C 41Wh,ac+BT, OfficeHS21, McAfee LS,FP, KYHD, Win 11 Home, Đen(Black), 1Y WTY-(71045026) | B472: Chiếc | C472: 0 | D472: 0 | E472: 0 | F472: 0 | G472: 0 | H472: 0 | I472: 0 | J472: 0 | K472: 1 | L472: 13990909 | M472: 0 | N472: -1 | O472: 0
L473: =SUM(L3:L472) -> 8268525537

Sheet Sheet1
A2: Màn hình vi tính DELL LCD-E2423H-23.8-WHD-3Y | B2: Bộ | C2: 4 | D2: 10090908 | E2: 0 | F2: 4 | G2: 10090908 | H2: 2 | I2: 4336364 | J2: 2404545.3 | K2: 0 | L2: 0 | M2: 0 | N2: 6 | O2: 14427272
A3: Mực MP 3054/3554/2554 | B3: Hộp | C3: 0 | D3: 0 | E3: 0 | F3: 0 | G3: 0 | H3: 3 | I3: 1300000 | J3: 433333.33 | K3: 3 | L3: 2045454 | M3: 1300000 | N3: 0 | O3: 0
A4: Chuột vi tính Rapoo M20 | B4: Cái | C4: 0 | D4: 0 | E4: 0 | F4: 0 | G4: 0 | H4: 0 | I4: 0 | J4: 0 | K4: 314 | L4: 34900891 | M4: 0 | N4: -314 | O4: 0
A5: Mực T2323 | B5: Hộp | C5: 0 | D5: 0 | E5: 0 | F5: 0 | G5: 0 | H5: 3 | I5: 1500000 | J5: 500000 | K5: 2 | L5: 1772727 | M5: 1000000 | N5: 1 | O5: 500000
A6: Hộp mực Prospect CF276A/CRG057 | B6: Hộp | C6: 0 | D6: 0 | E6: 0 | F6: 0 | G6: 0 | H6: 1 | I6: 163636 | J6: 163636 | K6: 1 | L6: 436364 | M6: 163636 | N6: 0 | O6: 0
A7: Hộp mực (Cartridge) đã có mực in dùng cho máy in Laser loại PTB - T420 , hiệu POLYTONER | B7: Hộp | C7: 0 | D7: 0 | E7: 0 | F7: 0 | G7: 0 | H7: 1 | I7: 181818 | J7: 181818 | K7: 0 | L7: 0 | M7: 0 | N7: 1 | O7: 181818
A8: Mực TN 118 | B8: Hộp | C8: 0 | D8: 0 | E8: 0 | F8: 0 | G8: 0 | H8: 1 | I8: 250000 | J8: 250000 | K8: 0 | L8: 0 | M8: 0 | N8: 1 | O8: 250000
A9: Mực T2309 | B9: Hộp | C9: 3 | D9: 1125000 | E9: 0 | F9: 3 | G9: 1125000 | H9: 5 | I9: 1963636 | J9: 386079.5 | K9: 5 | L9: 3390908 | M9: 1930397.5 | N9: 3 | O9: 1158238.5
A10: Ruy băng LQ310 (N653BK) | B10: Cái | C10: 5 | D10: 240740 | E10: 0 | F10: 5 | G10: 240740 | H10: 5 | I10: 240740 | J10: 48148 | K10: 0 | L10: 0 | M10: 0 | N10: 10 | O10: 481480
A11: Mực photo (DP-5570) | B11: Gói | C11: 0 | D11: 0 | E11: 0 | F11: 0 | G11: 0 | H11: 3 | I11: 750000 | J11: 250000 | K11: 3 | L11: 1409090 | M11: 750000 | N11: 0 | O11: 0
A12: Thiết bị chuyển mạch MS106LP , hiệu MERCUSYS | B12: Cái | C12: 0 | D12: 0 | E12: 0 | F12: 0 | G12: 0 | H12: 2 | I12: 590910 | J12: 295455 | K12: 0 | L12: 0 | M12: 0 | N12: 2 | O12: 590910
A13: Bản quyền phần mềm Kaspersky dùng cho máy tính KES Premium SEA 1-Dvc 1Y BsRP (KL10474UAFS) | B13: Cái | C13: 0 | D13: 0 | E13: 0 | F13: 0 | G13: 0 | H13: 60 | I13: 19500000 | J13: 325000 | K13: 60 | L13: 25200000 | M13: 19500000 | N13: 0 | O13: 0
... A2075: MÁY TÍNH XÁCH TAY (NB) LENOVO V14 G3 IAP i3-1215U/8GD4/256GSSD/14.0FHD/IPS/WL/BT/2C38/NoOS/ĐEN (82TS0060VN) | B2075: Cái | C2075: 22 | D2075: 206472261 | E2075: 0 | F2075: 22 | G2075: 2.0647226e+08 | H2075: 0 | I2075: 0 | J2075: 9385102.8 | K2075: 0 | L2075: 0 | M2075: 0 | N2075: 22 | O2075: 2.0647226e+08
A2076: Máy tính xách tay MSI Katana GF66 12UCK-699VN/Alder Lake i5-12450H/512GB SSD/DDR4 8GB (3200MHz)/RTX3050 GDDR6 4GB/15.6" FHD/WIN 11/màu đen/ba lô | B2076: Cái | C2076: 1 | D2076: 19127272 | F2076: 1 | G2076: 19127272 | H2076: 0 | I2076: 0 | J2076: 19127272 | K2076: 0 | L2076: 0 | M2076: 0 | N2076: 1 | O2076: 19127272
A2077: Máy tính bàn Lenovo ThinkCentre M70s Gen 3 i3-12100 ( 4.3 GHZ) - 8GB RAM - 256GB SSD - Wireless & Bluetooth - None -1Yr; P/n 11TC000QVA | B2077: Bộ | C2077: 19 | D2077: 156663626 | F2077: 19 | G2077: 156663626 | H2077: 0 | I2077: 0 | J2077: 8245454 | K2077: 0 | L2077: 0 | M2077: 0 | N2077: 19 | O2077: 156663626
A2078: Máy tính xách tay Lenovo V15 G4 IRU - Intel Core i3-1315U (4.50 GHz) - 8GB RAM - 512GB SSD - WF+BL - 15.6FHD 60Hz - NOS - 2YR Premium NBD,P/n 83A10007VN | B2078: Chiếc | C2078: 3 | D2078: 30000000 | F2078: 3 | G2078: 30000000 | H2078: 0 | I2078: 0 | J2078: 10000000 | K2078: 0 | L2078: 0 | M2078: 0 | N2078: 3 | O2078: 30000000
A2079: Máy tính xách tay MSI GF63 Thin11SC-664VN (i5-11400H; 8GB;512GB SSD; GTX 1650/4GB; 15.6"FHD 144Hz; Win11; Đen) | B2079: Bộ | C2079: 1 | D2079: 15545454 | F2079: 1 | G2079: 15545454 | H2079: 0 | I2079: 0 | J2079: 15545454 | K2079: 0 | L2079: 0 | M2079: 0 | N2079: 1 | O2079: 15545454
A2080: Màn hình máy tính Lenovo H20215FE0 - "E22-28 (H20215FE0) 21.5 inch Monitor-HDMI, Linecord, 3YR WTYWarrantyCode: 3years limited", P/N:62B9MAR4WW | B2080: Chiếc | C2080: 103 | D2080: 220980969 | F2080: 103 | G2080: 2.2098097e+08 | H2080: 0 | I2080: 0 | J2080: 2145446.3 | K2080: 0 | L2080: 0 | M2080: 0 | N2080: 103 | O2080: 2.2098097e+08
A2081: MÀN HÌNH VI TÍNH (LCD) LENOVO ThinkVision S27e-20 27.0INCH/1920x1080/IPS/WLED/VGA/HDMI/ĐEN/3Y(62AFKAR2WW) | B2081: CÁI | C2081: 17 | D2081: 47268918 | F2081: 17 | G2081: 47268918 | H2081: 0 | I2081: 0 | J2081: 2780524.6 | K2081: 0 | L2081: 0 | M2081: 0 | N2081: 17 | O2081: 47268918
A2082: Máy tính xách tay MSI GF63 Thin11UC-1228VN (i7-11800H; 8GB;512GB SSD; RTX3050/4GB; 15.6"FHD; Win11; Đen) | B2082: Bộ | C2082: 2 | D2082: 34727271 | F2082: 2 | G2082: 34727271 | H2082: 0 | I2082: 0 | J2082: 17363636 | K2082: 0 | L2082: 0 | M2082: 0 | N2082: 2 | O2082: 34727271
A2083: Màn hình LCD VIEWSONIC VX2718-PC - MHD/27'' LCD MONITOR | B2083: Bộ | C2083: 6 | D2083: 23072724 | F2083: 6 | G2083: 23072724 | H2083: 0 | I2083: 0 | J2083: 3845454 | K2083: 0 | L2083: 0 | M2083: 0 | N2083: 6 | O2083: 23072724
A2084: Màn hình máy tính Viewsonic VX3276 - MHD -3/32 inch, Full HD, IPS,75Hz | B2084: Cái | C2084: 8 | D2084: 32000000 | F2084: 8 | G2084: 32000000 | H2084: 0 | I2084: 0 | J2084: 4000000 | K2084: 0 | L2084: 0 | M2084: 0 | N2084: 8 | O2084: 32000000
A2085: Ổ CỨNG DI ĐỘNG (HDD) SEAGATE ONETOUCH 2TB2.5" USB3.0 - ĐEN (BLACK)(STKY2000400) | B2085: Cái | C2085: 1 | D2085: 2004545 | F2085: 1 | G2085: 2004545 | H2085: 0 | I2085: 0 | J2085: 2004545 | K2085: 0 | L2085: 0 | M2085: 0 | N2085: 1 | O2085: 2004545
A2086: Bộ Vi xử lý Intel Core i3-10105 Processor3.70GHz 6M Cache, Sockets FCLGA1200-BX8070110105 | B2086: Cái | C2086: 38 | D2086: 90244901 | F2086: 38 | G2086: 90244901 | H2086: 0 | I2086: 0 | J2086: 2374865.8 | K2086: 0 | L2086: 0 | M2086: 0 | N2086: 38 | O2086: 90244901
A2087: Ổ đĩa cứng máy tính KingmaxSA3080 128GB (M.2 Sata 3) | B2087: Cái | C2087: 5 | D2087: 1590907 | F2087: 5 | G2087: 1590906.7 | H2087: 0 | I2087: 0 | J2087: 318181.33 | K2087: 0 | L2087: 0 | M2087: 0 | N2087: 5 | O2087: 1590906.7
... A2474: MÁY IN HP LASER JET PRO M404DN (W1A53A) | B2474: Cái | C2474: 1 | D2474: 5072727 | F2474: 1 | G2474: 5072726.8 | H2474: 0 | I2474: 0 | J2474: 5072726.8 | K2474: 0 | L2474: 0 | M2474: 0 | N2474: 1 | O2474: 5072726.8
C2475: 25472 | D2475: 21149688603 | E2475: 1855 | F2475: 26470 | G2475: 2.1651388e+10 | H2475: 18759 | I2475: 19400397646 | J2475: 6.6183816e+09 | K2475: 13287 | L2475: 17950769158 | M2475: 1.148427e+10 | N2475: 31942 | O2475: 2.9567515e+10

Sheet 2024
F1: Đầu Kỳ | H1: Nhập Kho | K1: Xuất Kho | N1: Tồn Kho
A2: Tên Sản Phẩm | B2: DVT | C2: Gốc | F2: Số Lượng | G2: Thành Tiền | H2: Số Lượng | I2: Thành Tiền | J2: Giá Vốn | K2: Số Lượng | L2: Thành Tiền | M2: TT Giá Vốn | N2: Số Lượng | O2: TT Giá Vốn
A3: tensp | B3: dvtinh | F3: tong_dauky | G3: thtien_dauky | H3: tong_nhap | I3: thtien_nhap | K3: tong_xuat | L3: thtien_xuat | N3: ton_kho
A4: Màn hình vi tính DELL LCD-E2423H-23.8-WHD-3Y | B4: Bộ | C4: 4 | D4: 10090908 | E4: =F4-C4 -> 0 | F4: =IFERROR(VLOOKUP(A4,'2023'!A:N,13,0),0) -> 4 | G4: =IFERROR(VLOOKUP(A4,'2023'!A:N,14,0),0) -> 10090908 | H4: 2 | I4: 4336364 | J4: =IFERROR(IF((G4+I4)/(H4+F4)<0,0,(G4+I4)/(H4+F4)),0) -> 2404545.3 | K4: 0 | L4: 0 | M4: =J4*K4 -> 0 | N4: =F4+H4-K4 -> 6 | O4: =G4+I4-M4 -> 14427272
A5: Điều chỉnh giảm đơn giá, giảm thành tiền của hàng hóa dịch vụ: Máy tính xách tay Lenovo ThinkPad E14 G5 T (gồm I5-13420H ( 2.1Ghz ) - 1x8G Ram -512G SSD - Wifi,BT,Finger Print - 14"WUXGA 300N - No OS - 2 Yrs Premier support_21JK00H3VA) | B5: Chiếc | C5: 0 | D5: 0 | E5: =F5-C5 -> 0 | F5: =IFERROR(VLOOKUP(A5,'2023'!A:N,13,0),0) -> 0 | G5: =IFERROR(VLOOKUP(A5,'2023'!A:N,14,0),0) -> 0 | H5: 2 | I5: -909090 | J5: =IFERROR(IF((G5+I5)/(H5+F5)<0,0,(G5+I5)/(H5+F5)),0) -> 0 | K5: 0 | L5: 0 | M5: =J5*K5 -> 0 | N5: =F5+H5-K5 -> 2 | O5: =G5+I5-M5 -> -909090
A6: Mực MP 3054/3554/2554 | B6: Hộp | C6: 0 | D6: 0 | E6: =F6-C6 -> 0 | F6: =IFERROR(VLOOKUP(A6,'2023'!A:N,13,0),0) -> 0 | G6: =IFERROR(VLOOKUP(A6,'2023'!A:N,14,0),0) -> 0 | H6: 3 | I6: 1300000 | J6: =IFERROR(IF((G6+I6)/(H6+F6)<0,0,(G6+I6)/(H6+F6)),0) -> 433333.33 | K6: 3 | L6: 2045454 | M6: =J6*K6 -> 1300000 | N6: =F6+H6-K6 -> 0 | O6: =G6+I6-M6 -> 0
A7: Chiết khấu thương mại Mua vào Từ 23/10/2023 đến 30/11/2023 Sản phẩm DELL MKT-DLL-VF-SI-2023-000154 | B7: Dịch vụ | C7: 0 | D7: 0 | E7: =F7-C7 -> 0 | F7: =IFERROR(VLOOKUP(A7,'2023'!A:N,13,0),0) -> 0 | G7: =IFERROR(VLOOKUP(A7,'2023'!A:N,14,0),0) -> 0 | H7: 1 | I7: 872727 | J7: =IFERROR(IF((G7+I7)/(H7+F7)<0,0,(G7+I7)/(H7+F7)),0) -> 872727 | K7: 0 | L7: 0 | M7: =J7*K7 -> 0 | N7: =F7+H7-K7 -> 1 | O7: =G7+I7-M7 -> 872727
A8: Chuột vi tính Rapoo M20 | B8: Cái | C8: 0 | D8: 0 | E8: =F8-C8 -> 0 | F8: =IFERROR(VLOOKUP(A8,'2023'!A:N,13,0),0) -> 0 | G8: =IFERROR(VLOOKUP(A8,'2023'!A:N,14,0),0) -> 0 | H8: 0 | I8: 0 | J8: =IFERROR(IF((G8+I8)/(H8+F8)<0,0,(G8+I8)/(H8+F8)),0) -> 0 | K8: 314 | L8: 34900891 | M8: =J8*K8 -> 0 | N8: =F8+H8-K8 -> -314 | O8: =G8+I8-M8 -> 0
A9: Hàng KM_Balo máy tính xách tay dành cho máy tính Lenovo | B9: Chiếc | C9: 0 | D9: 0 | E9: =F9-C9 -> 0 | F9: =IFERROR(VLOOKUP(A9,'2023'!A:N,13,0),0) -> 0 | G9: =IFERROR(VLOOKUP(A9,'2023'!A:N,14,0),0) -> 0 | H9: 30 | I9: 0 | J9: =IFERROR(IF((G9+I9)/(H9+F9)<0,0,(G9+I9)/(H9+F9)),0) -> 0 | K9: 0 | L9: 0 | M9: =J9*K9 -> 0 | N9: =F9+H9-K9 -> 30 | O9: =G9+I9-M9 -> 0
A10: Ổ cắm điện Philips CHP1130WB (Hàng khuyến mại) | B10: Cái | C10: 0 | D10: 0 | E10: =F10-C10 -> 0 | F10: =IFERROR(VLOOKUP(A10,'2023'!A:N,13,0),0) -> 0 | G10: =IFERROR(VLOOKUP(A10,'2023'!A:N,14,0),0) -> 0 | H10: 123 | I10: 0 | J10: =IFERROR(IF((G10+I10)/(H10+F10)<0,0,(G10+I10)/(H10+F10)),0) -> 0 | K10: 0 | L10: 0 | M10: =J10*K10 -> 0 | N10: =F10+H10-K10 -> 123 | O10: =G10+I10-M10 -> 0
A11: Mực T2323 | B11: Hộp | C11: 0 | D11: 0 | E11: =F11-C11 -> 0 | F11: =IFERROR(VLOOKUP(A11,'2023'!A:N,13,0),0) -> 0 | G11: =IFERROR(VLOOKUP(A11,'2023'!A:N,14,0),0) -> 0 | H11: 3 | I11: 1500000 | J11: =IFERROR(IF((G11+I11)/(H11+F11)<0,0,(G11+I11)/(H11+F11)),0) -> 500000 | K11: 2 | L11: 1772727 | M11: =J11*K11 -> 1000000 | N11: =F11+H11-K11 -> 1 | O11: =G11+I11-M11 -> 500000
A12: Cước đường bộ xe 81C06495T đi qua trạm Gia Lai 1 thời gian GD 09:27:42 ngày 05/11/2024 mã GD 1481911561 | B12: Lượt | C12: 0 | D12: 0 | E12: =F12-C12 -> 0 | F12: =IFERROR(VLOOKUP(A12,'2023'!A:N,13,0),0) -> 0 | G12: =IFERROR(VLOOKUP(A12,'2023'!A:N,14,0),0) -> 0 | H12: 1 | I12: 37037 | J12: =IFERROR(IF((G12+I12)/(H12+F12)<0,0,(G12+I12)/(H12+F12)),0) -> 37037 | K12: 0 | L12: 0 | M12: =J12*K12 -> 0 | N12: =F12+H12-K12 -> 1 | O12: =G12+I12-M12 -> 37037
A13: Cước đường bộ xe 81C06495T đi qua trạm Gia Lai 1 thời gian GD 12:23:14 ngày 05/11/2024 mã GD 1482140210 | B13: Lượt | C13: 0 | D13: 0 | E13: =F13-C13 -> 0 | F13: =IFERROR(VLOOKUP(A13,'2023'!A:N,13,0),0) -> 0 | G13: =IFERROR(VLOOKUP(A13,'2023'!A:N,14,0),0) -> 0 | H13: 1 | I13: 37037 | J13: =IFERROR(IF((G13+I13)/(H13+F13)<0,0,(G13+I13)/(H13+F13)),0) -> 37037 | K13: 0 | L13: 0 | M13: =J13*K13 -> 0 | N13: =F13+H13-K13 -> 1 | O13: =G13+I13-M13 -> 37037
A14: Phí dịch vụ Đăng ký/Thay đổi E-Tag cho biển số xe 81C06495TL thời gian GD 17:09:00 ngày 14/06/2024 mã GD 11279174 | B14: Lượt | C14: 0 | D14: 0 | E14: =F14-C14 -> 0 | F14: =IFERROR(VLOOKUP(A14,'2023'!A:N,13,0),0) -> 0 | G14: =IFERROR(VLOOKUP(A14,'2023'!A:N,14,0),0) -> 0 | H14: 1 | I14: 109091 | J14: =IFERROR(IF((G14+I14)/(H14+F14)<0,0,(G14+I14)/(H14+F14)),0) -> 109091 | K14: 0 | L14: 0 | M14: =J14*K14 -> 0 | N14: =F14+H14-K14 -> 1 | O14: =G14+I14-M14 -> 109091
A15: Cước đường bộ xe 81C06495T đi qua trạm Gia Lai 1 thời gian GD 17:11:16 ngày 02/07/2024 mã GD 1298533240 | B15: Lượt | C15: 0 | D15: 0 | E15: =F15-C15 -> 0 | F15: =IFERROR(VLOOKUP(A15,'2023'!A:N,13,0),0) -> 0 | G15: =IFERROR(VLOOKUP(A15,'2023'!A:N,14,0),0) -> 0 | H15: 1 | I15: 37037 | J15: =IFERROR(IF((G15+I15)/(H15+F15)<0,0,(G15+I15)/(H15+F15)),0) -> 37037 | K15: 0 | L15: 0 | M15: =J15*K15 -> 0 | N15: =F15+H15-K15 -> 1 | O15: =G15+I15-M15 -> 37037
... A2379: MÁY TÍNH XÁCH TAY (NB) LENOVO V14 G3 IAP i3-1215U/8GD4/256GSSD/14.0FHD/IPS/WL/BT/2C38/NoOS/ĐEN (82TS0060VN) | B2379: Cái | C2379: 22 | D2379: 206472261 | E2379: =F2379-C2379 -> 0 | F2379: =IFERROR(VLOOKUP(A2379,'2023'!A:N,13,0),0) -> 22 | G2379: =IFERROR(VLOOKUP(A2379,'2023'!A:N,14,0),0) -> 2.0647226e+08 | H2379: 0 | I2379: 0 | J2379: =IFERROR(IF((G2379+I2379)/(H2379+F2379)<0,0,(G2379+I2379)/(H2379+F2379)),0) -> 9385102.8 | K2379: 0 | L2379: 0 | M2379: =J2379*K2379 -> 0 | N2379: =F2379+H2379-K2379 -> 22 | O2379: =G2379+I2379-M2379 -> 2.0647226e+08
A2380: Máy tính xách tay MSI Katana GF66 12UCK-699VN/Alder Lake i5-12450H/512GB SSD/DDR4 8GB (3200MHz)/RTX3050 GDDR6 4GB/15.6" FHD/WIN 11/màu đen/ba lô | B2380: Cái | C2380: 1 | D2380: 19127272 | F2380: =IFERROR(VLOOKUP(A2380,'2023'!A:N,13,0),0) -> 1 | G2380: =IFERROR(VLOOKUP(A2380,'2023'!A:N,14,0),0) -> 19127272 | H2380: 0 | I2380: 0 | J2380: =IFERROR(IF((G2380+I2380)/(H2380+F2380)<0,0,(G2380+I2380)/(H2380+F2380)),0) -> 19127272 | K2380: 0 | L2380: 0 | M2380: =J2380*K2380 -> 0 | N2380: =F2380+H2380-K2380 -> 1 | O2380: =G2380+I2380-M2380 -> 19127272
A2381: Máy tính bàn Lenovo ThinkCentre M70s Gen 3 i3-12100 ( 4.3 GHZ) - 8GB RAM - 256GB SSD - Wireless & Bluetooth - None -1Yr; P/n 11TC000QVA | B2381: Bộ | C2381: 19 | D2381: 156663626 | F2381: =IFERROR(VLOOKUP(A2381,'2023'!A:N,13,0),0) -> 19 | G2381: =IFERROR(VLOOKUP(A2381,'2023'!A:N,14,0),0) -> 156663626 | H2381: 0 | I2381: 0 | J2381: =IFERROR(IF((G2381+I2381)/(H2381+F2381)<0,0,(G2381+I2381)/(H2381+F2381)),0) -> 8245454 | K2381: 0 | L2381: 0 | M2381: =J2381*K2381 -> 0 | N2381: =F2381+H2381-K2381 -> 19 | O2381: =G2381+I2381-M2381 -> 156663626
A2382: Máy tính xách tay Lenovo V15 G4 IRU - Intel Core i3-1315U (4.50 GHz) - 8GB RAM - 512GB SSD - WF+BL - 15.6FHD 60Hz - NOS - 2YR Premium NBD,P/n 83A10007VN | B2382: Chiếc | C2382: 3 | D2382: 30000000 | F2382: =IFERROR(VLOOKUP(A2382,'2023'!A:N,13,0),0) -> 3 | G2382: =IFERROR(VLOOKUP(A2382,'2023'!A:N,14,0),0) -> 30000000 | H2382: 0 | I2382: 0 | J2382: =IFERROR(IF((G2382+I2382)/(H2382+F2382)<0,0,(G2382+I2382)/(H2382+F2382)),0) -> 10000000 | K2382: 0 | L2382: 0 | M2382: =J2382*K2382 -> 0 | N2382: =F2382+H2382-K2382 -> 3 | O2382: =G2382+I2382-M2382 -> 30000000
A2383: Máy tính xách tay MSI GF63 Thin11SC-664VN (i5-11400H; 8GB;512GB SSD; GTX 1650/4GB; 15.6"FHD 144Hz; Win11; Đen) | B2383: Bộ | C2383: 1 | D2383: 15545454 | F2383: =IFERROR(VLOOKUP(A2383,'2023'!A:N,13,0),0) -> 1 | G2383: =IFERROR(VLOOKUP(A2383,'2023'!A:N,14,0),0) -> 15545454 | H2383: 0 | I2383: 0 | J2383: =IFERROR(IF((G2383+I2383)/(H2383+F2383)<0,0,(G2383+I2383)/(H2383+F2383)),0) -> 15545454 | K2383: 0 | L2383: 0 | M2383: =J2383*K2383 -> 0 | N2383: =F2383+H2383-K2383 -> 1 | O2383: =G2383+I2383-M2383 -> 15545454
A2384: Màn hình máy tính Lenovo H20215FE0 - "E22-28 (H20215FE0) 21.5 inch Monitor-HDMI, Linecord, 3YR WTYWarrantyCode: 3years limited", P/N:62B9MAR4WW | B2384: Chiếc | C2384: 103 | D2384: 220980969 | F2384: =IFERROR(VLOOKUP(A2384,'2023'!A:N,13,0),0) -> 103 | G2384: =IFERROR(VLOOKUP(A2384,'2023'!A:N,14,0),0) -> 2.2098097e+08 | H2384: 0 | I2384: 0 | J2384: =IFERROR(IF((G2384+I2384)/(H2384+F2384)<0,0,(G2384+I2384)/(H2384+F2384)),0) -> 2145446.3 | K2384: 0 | L2384: 0 | M2384: =J2384*K2384 -> 0 | N2384: =F2384+H2384-K2384 -> 103 | O2384: =G2384+I2384-M2384 -> 2.2098097e+08
A2385: MÀN HÌNH VI TÍNH (LCD) LENOVO ThinkVision S27e-20 27.0INCH/1920x1080/IPS/WLED/VGA/HDMI/ĐEN/3Y(62AFKAR2WW) | B2385: CÁI | C2385: 17 | D2385: 47268918 | F2385: =IFERROR(VLOOKUP(A2385,'2023'!A:N,13,0),0) -> 17 | G2385: =IFERROR(VLOOKUP(A2385,'2023'!A:N,14,0),0) -> 47268918 | H2385: 0 | I2385: 0 | J2385: =IFERROR(IF((G2385+I2385)/(H2385+F2385)<0,0,(G2385+I2385)/(H2385+F2385)),0) -> 2780524.6 | K2385: 0 | L2385: 0 | M2385: =J2385*K2385 -> 0 | N2385: =F2385+H2385-K2385 -> 17 | O2385: =G2385+I2385-M2385 -> 47268918
A2386: Máy tính xách tay MSI GF63 Thin11UC-1228VN (i7-11800H; 8GB;512GB SSD; RTX3050/4GB; 15.6"FHD; Win11; Đen) | B2386: Bộ | C2386: 2 | D2386: 34727271 | F2386: =IFERROR(VLOOKUP(A2386,'2023'!A:N,13,0),0) -> 2 | G2386: =IFERROR(VLOOKUP(A2386,'2023'!A:N,14,0),0) -> 34727271 | H2386: 0 | I2386: 0 | J2386: =IFERROR(IF((G2386+I2386)/(H2386+F2386)<0,0,(G2386+I2386)/(H2386+F2386)),0) -> 17363636 | K2386: 0 | L2386: 0 | M2386: =J2386*K2386 -> 0 | N2386: =F2386+H2386-K2386 -> 2 | O2386: =G2386+I2386-M2386 -> 34727271
A2387: Màn hình LCD VIEWSONIC VX2718-PC - MHD/27'' LCD MONITOR | B2387: Bộ | C2387: 6 | D2387: 23072724 | F2387: =IFERROR(VLOOKUP(A2387,'2023'!A:N,13,0),0) -> 6 | G2387: =IFERROR(VLOOKUP(A2387,'2023'!A:N,14,0),0) -> 23072724 | H2387: 0 | I2387: 0 | J2387: =IFERROR(IF((G2387+I2387)/(H2387+F2387)<0,0,(G2387+I2387)/(H2387+F2387)),0) -> 3845454 | K2387: 0 | L2387: 0 | M2387: =J2387*K2387 -> 0 | N2387: =F2387+H2387-K2387 -> 6 | O2387: =G2387+I2387-M2387 -> 23072724
A2388: Màn hình máy tính Viewsonic VX3276 - MHD -3/32 inch, Full HD, IPS,75Hz | B2388: Cái | C2388: 8 | D2388: 32000000 | F2388: =IFERROR(VLOOKUP(A2388,'2023'!A:N,13,0),0) -> 8 | G2388: =IFERROR(VLOOKUP(A2388,'2023'!A:N,14,0),0) -> 32000000 | H2388: 0 | I2388: 0 | J2388: =IFERROR(IF((G2388+I2388)/(H2388+F2388)<0,0,(G2388+I2388)/(H2388+F2388)),0) -> 4000000 | K2388: 0 | L2388: 0 | M2388: =J2388*K2388 -> 0 | N2388: =F2388+H2388-K2388 -> 8 | O2388: =G2388+I2388-M2388 -> 32000000
A2389: Ổ CỨNG DI ĐỘNG (HDD) SEAGATE ONETOUCH 2TB2.5" USB3.0 - ĐEN (BLACK)(STKY2000400) | B2389: Cái | C2389: 1 | D2389: 2004545 | F2389: =IFERROR(VLOOKUP(A2389,'2023'!A:N,13,0),0) -> 1 | G2389: =IFERROR(VLOOKUP(A2389,'2023'!A:N,14,0),0) -> 2004545 | H2389: 0 | I2389: 0 | J2389: =IFERROR(IF((G2389+I2389)/(H2389+F2389)<0,0,(G2389+I2389)/(H2389+F2389)),0) -> 2004545 | K2389: 0 | L2389: 0 | M2389: =J2389*K2389 -> 0 | N2389: =F2389+H2389-K2389 -> 1 | O2389: =G2389+I2389-M2389 -> 2004545
A2390: Bộ Vi xử lý Intel Core i3-10105 Processor3.70GHz 6M Cache, Sockets FCLGA1200-BX8070110105 | B2390: Cái | C2390: 38 | D2390: 90244901 | F2390: =IFERROR(VLOOKUP(A2390,'2023'!A:N,13,0),0) -> 38 | G2390: =IFERROR(VLOOKUP(A2390,'2023'!A:N,14,0),0) -> 90244901 | H2390: 0 | I2390: 0 | J2390: =IFERROR(IF((G2390+I2390)/(H2390+F2390)<0,0,(G2390+I2390)/(H2390+F2390)),0) -> 2374865.8 | K2390: 0 | L2390: 0 | M2390: =J2390*K2390 -> 0 | N2390: =F2390+H2390-K2390 -> 38 | O2390: =G2390+I2390-M2390 -> 90244901
A2391: Ổ đĩa cứng máy tính KingmaxSA3080 128GB (M.2 Sata 3) | B2391: Cái | C2391: 5 | D2391: 1590907 | F2391: =IFERROR(VLOOKUP(A2391,'2023'!A:N,13,0),0) -> 5 | G2391: =IFERROR(VLOOKUP(A2391,'2023'!A:N,14,0),0) -> 1590906.7 | H2391: 0 | I2391: 0 | J2391: =IFERROR(IF((G2391+I2391)/(H2391+F2391)<0,0,(G2391+I2391)/(H2391+F2391)),0) -> 318181.33 | K2391: 0 | L2391: 0 | M2391: =J2391*K2391 -> 0 | N2391: =F2391+H2391-K2391 -> 5 | O2391: =G2391+I2391-M2391 -> 1590906.7
... A2778: MÁY IN HP LASER JET PRO M404DN (W1A53A) | B2778: Cái | C2778: 1 | D2778: 5072727 | F2778: =IFERROR(VLOOKUP(A2778,'2023'!A:N,13,0),0) -> 1 | G2778: =IFERROR(VLOOKUP(A2778,'2023'!A:N,14,0),0) -> 5072726.8 | H2778: 0 | I2778: 0 | J2778: =IFERROR(IF((G2778+I2778)/(H2778+F2778)<0,0,(G2778+I2778)/(H2778+F2778)),0) -> 5072726.8 | K2778: 0 | L2778: 0 | M2778: =J2778*K2778 -> 0 | N2778: =F2778+H2778-K2778 -> 1 | O2778: =G2778+I2778-M2778 -> 5072726.8
C2779: =SUM(C4:C2778) -> 25472 | D2779: =SUM(D4:D2778) -> 21149688603 | E2779: =SUM(E4:E2778) -> 1855 | F2779: =SUM(F4:F2778) -> 26470 | G2779: =SUM(G4:G2778) -> 2.1651388e+10 | H2779: =SUM(H4:H2778) -> 18759 | I2779: =SUM(I4:I2778) -> 19400397646 | J2779: =SUM(J4:J2778) -> 6.6183816e+09 | ... O2779: =SUM(O4:O2778) -> 2.9567515e+10

Sheet tk 2024 bs
B1: TK MUA VÀO | D1: TK ĐC MUA VÀO | F1: ĐC THUẾ KT | G1: HĐ MUA VÀO | I1: CL HĐ VÀ TK | L1: TK BÁN RA | N1: DT KCT | O1: TK ĐC | Q1: HĐ BÁN RA | S1: CL TK VÀ HĐ | V1: TGTGT CÒN KT | W1: DT K CT | X1: tgtgt kt
A2: 1 | B2: DT | C2: TGTGT | G2: DT | H2: TGTGT | I2: CT | J2: DT | K2: TGTGT | L2: DT | M2: TGTGT | O2: DT BÁN | P2: TH GTGT | Q2: DT | R2: TGTGT | S2: DT CT | T2: DT | U2: TGTGT | V2: 59486211
A3: 1 | B3: 666062561 | C3: 64523279 | D3: 854267106 | E3: 83343734 | G3: ='[1]sheet 1'!$I$74 -> 877855283 | H3: ='[1]sheet 1'!$J$74 -> 85692554 | I3: =G3-B3 -> 211792722 | J3: =H3-E3 -> 2348820 | L3: 637005562 | M3: ='[2]sheet 1'!$J$126 -> 63622258 | N3: 31480000 | O3: =L3+N3 -> 668485562 | P3: =M3 -> 63622258 | Q3: ='[2]sheet 1'!$I$128 -> 663563744 | R3: ='[2]sheet 1'!$J$126 -> 63622258 | S3: =Q3+N3 -> 695043744 | V3: =M3-E3-V2 -> -79207687 | W3: ='[2]sheet 1'!$I$127 -> 5740000 | X3: 60469045
A4: 2 | B4: 1119239102 | C4: 111834913 | D4: 1119239102 | E4: 111834913 | F4: 18820455 | G4: ='[3]sheet 1'!$I$52 -> 1292172526 | H4: ='[3]sheet 1'!$J$52 -> 129128259 | I4: =G4-B4 -> 172933424 | J4: =H4-C4 -> 17293346 | L4: 392055119 | M4: 39095882 | O4: =L4 -> 392055119 | P4: =M4 -> 39095882 | Q4: 392055119 | R4: 39095881 | X4: 152028531
A5: 3 | B5: 1911919749 | C5: 189212555 | D5: 1911919749 | E5: 189212555 | G5: ='[4]sheet 1'!$I$88 -> 1892536439 | H5: ='[4]sheet 1'!$J$88 -> 187274225 | I5: =G5-B5 -> -19383310 | J5: =H5-E5 -> -1938330 | L5: 1669919838 | M5: 166627169 | N5: 1840000 | O5: =L5+N5 -> 1671759838 | P5: =M5 -> 166627169 | Q5: =[5]Sheet2!$I$159 -> 1672478020 | R5: =[5]Sheet2!$J$159 -> 166608983 | S5: =Q5-N5 -> 1670638020 | X5: 174613917 | Y5: 106806622
A6: 4 | B6: 232501787 | C6: 19834310 | G6: 582801104 | H6: 58106369 | I6: =G6-B6 -> 350299317 | J6: =H6-C6 -> 38272059 | L6: =Q6-N6 -> 1022538904 | M6: 101987409 | N6: ='[6]sheet 1'!$I$137 -> 300000 | Q6: ='[7]sheet 1'!$I$136 -> 1022838904 | R6: ='[7]sheet 1'!$J$136 -> 101987394 | S6: =Q6-N6 -> 1022538904 | X6: 92460818
A7: 5 | B7: 704598787 | C7: 70190400 | G7: ='[8]sheet 1'!$I$69 -> 704656787 | H7: ='[8]sheet 1'!$J$69 -> 70196200 | I7: =G7-B7 -> 58000 | J7: =H7-C7 -> 5800 | L7: 1665584554 | M7: 166378455 | N7: ='[9]sheet 1'!$I$174 -> 3240000 | Q7: =L7+N7 -> 1668824554 | R7: ='[10]sheet 1'!$J$173 -> 166378447 | S7: =Q7-N7 -> 1665584554 | X7: 3727237
A8: 6 | B8: 2630860116 | C8: 261091507 | D8: 2630860116 | G8: ='[11]sheet 1'!$I$72 -> 2.6150278e+09 | H8: ='[11]sheet 1'!$J$72 -> 2.5950827e+08 | I8: =G8-B8 -> -15832363 | J8: =H8-C8 -> -1583238.9 | L8: 999889066 | M8: 99890944 | N8: 4970000 | Q8: ='[12]sheet 1'!$I$123 -> 1004859066 | R8: ='[12]sheet 1'!$J$123 -> 99890933 | S8: =Q8-N8 -> 999889066 | X8: 190964200 | Y8: 161200563
A9: 7 | B9: 1245579401 | C9: 123388534 | G9: ='[13]sheet 1'!$I$59 -> 1245657401 | H9: ='[13]sheet 1'!$J$59 -> 123396334 | I9: =G9-B9 -> 78000 | J9: =H9-C9 -> 7800 | L9: 2890656635 | M9: 288794368 | N9: ='[14]sheet 1'!$I$178 -> 30410000 | O9: =L9+N9 -> 2921066635 | Q9: ='[15]sheet 1'!$I$177 -> 2921066635 | R9: ='[15]sheet 1'!$J$177 -> 288794369 | S9: ='[14]sheet 1'!$I$179 -> 2890656635 | X9: 4205271
A10: 8 | B10: 1869275770 | C10: 183637323 | G10: =[16]Sheet1!$I$93 -> 1756620070 | H10: =[16]Sheet1!$J$93 -> 175432628 | I10: =G10-B10 -> -112655700 | J10: =H10-C10 -> -8204695 | L10: 1948039571 | M10: 194255438 | N10: 1860000 | O10: =L10+N10 -> 1949899571 | Q10: ='[17]sheet 1'!$I$167 -> 1949899571 | R10: ='[17]sheet 1'!$J$167 -> 194255429 | X10: 10618115
A11: 9 | B11: 2134167182 | C11: 210572328 | D11: 2134167182 | E11: 210572328 | G11: =[18]Sheet1!$I$91 -> 2202253333 | H11: =[18]Sheet1!$J$91 -> 217380947 | I11: =G11-B11 -> 68086151 | J11: =H11-C11 -> 6808619 | L11: 1674813581 | M11: 167430432 | N11: 19500000 | O11: =L11+N11 -> 1694313581 | Q11: ='[19]sheet 1'!$I$167 -> 1672095399 | R11: ='[20]sheet 1'!$J$165 -> 167158606 | S11: =Q11+N11 -> 1691595399 | X11: 43141896
A12: 10 | B12: 1322953953 | C12: 131928532 | F12: -38129818 | G12: ='[21]sheet 1'!$I$66 -> 1312085145 | H12: ='[21]sheet 1'!$J$66 -> 130841649 | I12: =G12-B12 -> -10868808 | J12: =H12-C12 -> -1086883 | L12: 1473955627 | M12: 147375378 | N12: 2370000 | O12: =L12+N12 -> 1476325627 | Q12: ='[22]sheet 1'!$I$127 -> 1486225627 | R12: ='[22]sheet 1'!$J$127 -> 148365373 | S12: =Q12-N12 -> 1483855627 | X12: 10434768 | Z12: 38129818
A13: 11 | B13: 2172057440 | C13: 215656040 | G13: ='[23]sheet 1'!$I$82 -> 2166229477 | H13: ='[23]sheet 1'!$J$82 -> 215074721 | I13: =G13-B13 -> -5827963 | J13: =H13-C13 -> -581319 | L13: 1373422729 | M13: 135352273 | N13: ='[24]sheet 1'!$I$147 -> 3300000 | O13: =L13+N13 -> 1376722729 | Q13: ='[25]sheet 1'!$I$146 -> 1376722729 | R13: ='[25]sheet 1'!$J$146 -> 135352269 | S13: =Q13-N13 -> 1373422729 | X13: 80303767
A14: 12 | B14: 3709957260 | C14: 369862001 | G14: ='[26]sheet 1'!$I$88 -> 3695240443 | H14: ='[26]sheet 1'!$J$88 -> 368390316 | I14: =G14-B14 -> -14716817 | J14: =H14-C14 -> -1471685 | L14: 2659095597 | M14: 262961412 | N14: 15120000 | O14: =L14+N14 -> 2674215597 | Q14: ='[27]sheet 1'!$I$207 -> 2674215597 | R14: ='[27]sheet 1'!$J$207 -> 262961408
B15: =SUM(B3:B14) -> 19719173108 | C15: =SUM(C3:C14) -> 1951731722 | D15: =SUM(D3:D14) -> 8650453255 | E15: =SUM(E3:E14) -> 594963530 | G15: =SUM(G3:G14) -> 2.0343136e+10 | H15: =SUM(H3:H14) -> 2.0204225e+09 | I15: =SUM(I3:I14) -> 6.2396265e+08 | J15: =H15-C15 -> 68690748 | K15: =SUM(K3:K14) -> 0 | L15: =SUM(L3:L14) -> 18406976783 | M15: =SUM(M3:M14) -> 1833771418 | O15: =SUM(O3:O14) -> 14824844259 | P15: =SUM(P3:P14) -> 269345309 | Q15: =SUM(Q3:Q14) -> 18504844965 | R15: =SUM(R3:R14) -> 1834471350 | Z15: 59486211
G16: =G15-B15 -> 6.2396265e+08 | J16: =H15-C15 -> 68690748 | L16: 19300615206 | S16: =Q15-O15 -> 3680000706
L17: =L16-L15 -> 893638423
S18: =S9+S11 -> 4582252034
S19: =S16-S18 -> -902251328

Sheet tk 2024
B1: TK MUA VÀO | D1: TK ĐC MUA VÀO | F1: HĐ MUA VÀO | H1: CL HĐ VÀ TK | K1: TK BÁN RA | M1: DT KCT | N1: TK ĐC | P1: HĐ BÁN RA | R1: CL TK VÀ HĐ | U1: TGTGT CÒN KT | V1: DT K CT | W1: tgtgt kt
A2: 1 | B2: DT | C2: TGTGT | F2: DT | G2: TGTGT | H2: CT | I2: DT | J2: TGTGT | K2: DT | L2: TGTGT | P2: DT | Q2: TGTGT | R2: DT CT | S2: DT | T2: TGTGT | U2: 59486211
A3: 1 | B3: 666062561 | C3: 64523279 | D3: 854267106 | E3: 83343734 | F3: ='[1]sheet 1'!$I$74 -> 877855283 | G3: ='[1]sheet 1'!$J$74 -> 85692554 | H3: =F3-B3 -> 211792722 | I3: =G3-E3 -> 2348820 | K3: ='[2]sheet 1'!$I$128 -> 663563744 | L3: ='[2]sheet 1'!$J$126 -> 63622258 | M3: ='[2]sheet 1'!$I$127 -> 5740000 | P3: ='[2]sheet 1'!$I$128 -> 663563744 | Q3: ='[2]sheet 1'!$J$126 -> 63622258 | R3: =P3+M3 -> 669303744 | U3: =L3-E3-U2 -> -79207687 | V3: ='[2]sheet 1'!$I$127 -> 5740000 | W3: 60469045
A4: 2 | B4: 1119239102 | C4: 111834913 | F4: ='[3]sheet 1'!$I$52 -> 1292172526 | G4: ='[3]sheet 1'!$J$52 -> 129128259 | H4: =F4-B4 -> 172933424 | I4: =G4-C4 -> 17293346 | K4: 392055119 | L4: 39095882 | P4: 392055119 | Q4: 39095881 | W4: 152028531
A5: 3 | B5: 1911919749 | C5: 189212555 | D5: 1911919749 | E5: 189212555 | F5: ='[4]sheet 1'!$I$88 -> 1892536439 | G5: ='[4]sheet 1'!$J$88 -> 187274225 | H5: =F5-B5 -> -19383310 | I5: =G5-E5 -> -1938330 | K5: 1671759838 | L5: 166627169 | M5: =[5]Sheet2!$I$160 -> 2740000 | P5: =[5]Sheet2!$I$159 -> 1672478020 | Q5: =[5]Sheet2!$J$159 -> 166608983 | R5: =P5-M5 -> 1669738020 | W5: 174613917 | X5: 106806622
A6: 4 | B6: 232501787 | C6: 19834310 | F6: ='[28]sheet 1'!$I$58 -> 579424087 | G6: ='[28]sheet 1'!$J$58 -> 57768665 | H6: =F6-B6 -> 346922300 | I6: =G6-C6 -> 37934355 | K6: 1022838904 | L6: 101987409 | M6: ='[6]sheet 1'!$I$137 -> 300000 | P6: ='[7]sheet 1'!$I$136 -> 1022838904 | Q6: ='[7]sheet 1'!$J$136 -> 101987394 | R6: =P6-M6 -> 1022538904 | W6: 92460818
A7: 5 | B7: 704598787 | C7: 70190400 | F7: ='[8]sheet 1'!$I$69 -> 704656787 | G7: ='[8]sheet 1'!$J$69 -> 70196200 | H7: =F7-B7 -> 58000 | I7: =G7-C7 -> 5800 | K7: 1668824554 | L7: 166378455 | M7: ='[9]sheet 1'!$I$174 -> 3240000 | P7: ='[10]sheet 1'!$I$173 -> 1668824554 | Q7: ='[10]sheet 1'!$J$173 -> 166378447 | R7: =P7-M7 -> 1665584554 | W7: 3727237
A8: 6 | B8: 2630860116 | C8: 261091507 | D8: 2630860116 | F8: ='[11]sheet 1'!$I$72 -> 2.6150278e+09 | G8: ='[11]sheet 1'!$J$72 -> 2.5950827e+08 | H8: =F8-B8 -> -15832363 | I8: =G8-C8 -> -1583238.9 | K8: 706872703 | L8: 70127307 | M8: ='[29]sheet 1'!$I$124 -> 4070000 | P8: ='[12]sheet 1'!$I$123 -> 1004859066 | Q8: ='[12]sheet 1'!$J$123 -> 99890933 | R8: =P8-M8 -> 1000789066 | W8: 190964200 | X8: 161200563
A9: 7 | B9: 1245579401 | C9: 123388534 | F9: ='[13]sheet 1'!$I$59 -> 1245657401 | G9: ='[13]sheet 1'!$J$59 -> 123396334 | H9: =F9-B9 -> 78000 | I9: =G9-C9 -> 7800 | K9: 2890656635 | L9: 288794368 | M9: ='[14]sheet 1'!$I$178 -> 30410000 | P9: ='[15]sheet 1'!$I$177 -> 2921066635 | Q9: ='[15]sheet 1'!$J$177 -> 288794369 | R9: ='[14]sheet 1'!$I$179 -> 2890656635 | W9: 4205271
A10: 8 | B10: 1869275770 | C10: 183637323 | F10: =[16]Sheet1!$I$93 -> 1756620070 | G10: =[16]Sheet1!$J$93 -> 175432628 | H10: =F10-B10 -> -112655700 | I10: =G10-C10 -> -8204695 | K10: 1949899571 | L10: 194255438 | P10: ='[17]sheet 1'!$I$167 -> 1949899571 | Q10: ='[17]sheet 1'!$J$167 -> 194255429 | W10: 10618115
A11: 9 | B11: 2134167182 | C11: 210572328 | D11: 2134167182 | E11: 210572328 | F11: =[18]Sheet1!$I$91 -> 2202253333 | G11: =[18]Sheet1!$J$91 -> 217380947 | H11: =F11-B11 -> 68086151 | I11: =G11-C11 -> 6808619 | K11: 1674813581 | L11: 167430432 | M11: ='[19]sheet 1'!$I$166 -> 30870000 | P11: ='[19]sheet 1'!$I$167 -> 1672095399 | Q11: ='[20]sheet 1'!$J$165 -> 167158606 | R11: =P11+M11 -> 1702965399 | W11: 43141896
A12: 10 | B12: 1322953953 | C12: 131928532 | F12: ='[21]sheet 1'!$I$66 -> 1312085145 | G12: ='[21]sheet 1'!$J$66 -> 130841649 | H12: =F12-B12 -> -10868808 | I12: =G12-C12 -> -1086883 | K12: 1476325627 | L12: 147375378 | M12: ='[30]sheet 1'!$I$128 -> 1520000 | P12: ='[22]sheet 1'!$I$127 -> 1486225627 | Q12: ='[22]sheet 1'!$J$127 -> 148365373 | R12: =P12-M12 -> 1484705627 | W12: 10434768 | Y12: 38129818
A13: 11 | B13: 2172057440 | C13: 215656040 | F13: ='[23]sheet 1'!$I$82 -> 2166229477 | G13: ='[23]sheet 1'!$J$82 -> 215074721 | H13: =F13-B13 -> -5827963 | I13: =G13-C13 -> -581319 | K13: 1376722729 | L13: 135352273 | M13: ='[24]sheet 1'!$I$147 -> 3300000 | P13: ='[25]sheet 1'!$I$146 -> 1376722729 | Q13: ='[25]sheet 1'!$J$146 -> 135352269 | R13: =P13-M13 -> 1373422729 | W13: 80303767
A14: 12 | B14: 3709957260 | C14: 369862001 | F14: ='[26]sheet 1'!$I$88 -> 3695240443 | G14: ='[26]sheet 1'!$J$88 -> 368390316 | H14: =F14-B14 -> -14716817 | I14: =G14-C14 -> -1471685 | K14: 2674215597 | L14: 262961412 | P14: ='[27]sheet 1'!$I$207 -> 2674215597 | Q14: ='[27]sheet 1'!$J$207 -> 262961408
B15: =SUM(B3:B14) -> 19719173108 | C15: =SUM(C3:C14) -> 1951731722 | D15: =SUM(D3:D14) -> 7531214153 | E15: =SUM(E3:E14) -> 483128617 | F15: =SUM(F3:F14) -> 2.0339759e+10 | G15: =SUM(G3:G14) -> 2.0200848e+09 | H15: =SUM(H3:H14) -> 6.2058564e+08 | I15: =G15-C15 -> 68353044 | J15: =SUM(J3:J14) -> 0 | K15: =SUM(K3:K14) -> 18168548602 | L15: =SUM(L3:L14) -> 1804007781 | N15: =SUM(N3:N14) -> 0 | O15: =SUM(O3:O14) -> 0 | P15: =SUM(P3:P14) -> 18504844965 | Q15: =SUM(Q3:Q14) -> 1834471350 | Y15: 59486211
F16: =F15-B15 -> 6.2058564e+08 | I16: =G15-C15 -> 68353044 | K16: 19300615206 | R16: =P15-N15 -> 18504844965
K17: =K16-K15 -> 1132066604
R18: =R9+R11 -> 4593622034
R19: =R16-R18 -> 13911222931

Sheet xn chỉnh 2024
F1: Đầu Kỳ | H1: Nhập Kho | K1: Xuất Kho | N1: Tồn Kho
A2: Tên Sản Phẩm | B2: DVT | C2: Gốc | F2: Số Lượng | G2: Thành Tiền | H2: Số Lượng | I2: Thành Tiền | J2: Giá Vốn | K2: Số Lượng | L2: Thành Tiền | M2: TT Giá Vốn | N2: Số Lượng | O2: TT Giá Vốn
A3: tensp | B3: dvtinh | F3: tong_dauky | G3: thtien_dauky | H3: tong_nhap | I3: thtien_nhap | K3: tong_xuat | L3: thtien_xuat | N3: ton_kho
A4: Màn hình vi tính DELL LCD-E2423H-23.8-WHD-3Y | B4: Bộ | C4: 4 | D4: 10090908 | E4: =F4-C4 -> 0 | F4: =IFERROR(VLOOKUP(A4,'2023'!A:N,13,0),0) -> 4 | G4: =IFERROR(VLOOKUP(A4,'2023'!A:N,14,0),0) -> 10090908 | H4: 2 | I4: 4336364 | J4: =IFERROR(IF((G4+I4)/(H4+F4)<0,0,(G4+I4)/(H4+F4)),0) -> 2404545.3 | K4: 0 | L4: 0 | M4: =J4*K4 -> 0 | N4: =F4+H4-K4 -> 6 | O4: =G4+I4-M4 -> 14427272
A5: Mực MP 3054/3554/2554 | B5: Hộp | C5: 0 | D5: 0 | E5: =F5-C5 -> 0 | F5: =IFERROR(VLOOKUP(A5,'2023'!A:N,13,0),0) -> 0 | G5: =IFERROR(VLOOKUP(A5,'2023'!A:N,14,0),0) -> 0 | H5: 3 | I5: 1300000 | J5: =IFERROR(IF((G5+I5)/(H5+F5)<0,0,(G5+I5)/(H5+F5)),0) -> 433333.33 | K5: 3 | L5: 2045454 | M5: =J5*K5 -> 1300000 | N5: =F5+H5-K5 -> 0 | O5: =G5+I5-M5 -> 0
A6: Chuột vi tính Rapoo M20 | B6: Cái | C6: 0 | D6: 0 | E6: =F6-C6 -> 0 | F6: =IFERROR(VLOOKUP(A6,'2023'!A:N,13,0),0) -> 0 | G6: =IFERROR(VLOOKUP(A6,'2023'!A:N,14,0),0) -> 0 | H6: 0 | I6: 0 | J6: =IFERROR(IF((G6+I6)/(H6+F6)<0,0,(G6+I6)/(H6+F6)),0) -> 0 | K6: 314 | L6: 34900891 | M6: =J6*K6 -> 0 | N6: =F6+H6-K6 -> -314 | O6: =G6+I6-M6 -> 0
A7: Mực T2323 | B7: Hộp | C7: 0 | D7: 0 | E7: =F7-C7 -> 0 | F7: =IFERROR(VLOOKUP(A7,'2023'!A:N,13,0),0) -> 0 | G7: =IFERROR(VLOOKUP(A7,'2023'!A:N,14,0),0) -> 0 | H7: 3 | I7: 1500000 | J7: =IFERROR(IF((G7+I7)/(H7+F7)<0,0,(G7+I7)/(H7+F7)),0) -> 500000 | K7: 2 | L7: 1772727 | M7: =J7*K7 -> 1000000 | N7: =F7+H7-K7 -> 1 | O7: =G7+I7-M7 -> 500000
A8: Hộp mực Prospect CF276A/CRG057 | B8: Hộp | C8: 0 | D8: 0 | E8: =F8-C8 -> 0 | F8: =IFERROR(VLOOKUP(A8,'2023'!A:N,13,0),0) -> 0 | G8: =IFERROR(VLOOKUP(A8,'2023'!A:N,14,0),0) -> 0 | H8: 1 | I8: 163636 | J8: =IFERROR(IF((G8+I8)/(H8+F8)<0,0,(G8+I8)/(H8+F8)),0) -> 163636 | K8: 1 | L8: 436364 | M8: =J8*K8 -> 163636 | N8: =F8+H8-K8 -> 0 | O8: =G8+I8-M8 -> 0
A9: Hộp mực (Cartridge) đã có mực in dùng cho máy in Laser loại PTB - T420 , hiệu POLYTONER | B9: Hộp | C9: 0 | D9: 0 | E9: =F9-C9 -> 0 | F9: =IFERROR(VLOOKUP(A9,'2023'!A:N,13,0),0) -> 0 | G9: =IFERROR(VLOOKUP(A9,'2023'!A:N,14,0),0) -> 0 | H9: 1 | I9: 181818 | J9: =IFERROR(IF((G9+I9)/(H9+F9)<0,0,(G9+I9)/(H9+F9)),0) -> 181818 | K9: 0 | L9: 0 | M9: =J9*K9 -> 0 | N9: =F9+H9-K9 -> 1 | O9: =G9+I9-M9 -> 181818
A10: Kiểm định xe tô dưới 10 ghế, CThg (BĐK: 81A-002.83) | B10: Xe | C10: 1 | D10: 227273 | E10: =F10-C10 -> 0 | F10: =IFERROR(VLOOKUP(A10,'2023'!A:N,13,0),0) -> 1 | G10: =IFERROR(VLOOKUP(A10,'2023'!A:N,14,0),0) -> 227273 | H10: 1 | I10: 227273 | J10: =IFERROR(IF((G10+I10)/(H10+F10)<0,0,(G10+I10)/(H10+F10)),0) -> 227273 | K10: 0 | L10: 0 | M10: =J10*K10 -> 0 | N10: =F10+H10-K10 -> 2 | O10: =G10+I10-M10 -> 454546
A11: Mực TN 118 | B11: Hộp | C11: 0 | D11: 0 | E11: =F11-C11 -> 0 | F11: =IFERROR(VLOOKUP(A11,'2023'!A:N,13,0),0) -> 0 | G11: =IFERROR(VLOOKUP(A11,'2023'!A:N,14,0),0) -> 0 | H11: 1 | I11: 250000 | J11: =IFERROR(IF((G11+I11)/(H11+F11)<0,0,(G11+I11)/(H11+F11)),0) -> 250000 | K11: 0 | L11: 0 | M11: =J11*K11 -> 0 | N11: =F11+H11-K11 -> 1 | O11: =G11+I11-M11 -> 250000
A12: Mực T2309 | B12: Hộp | C12: 3 | D12: 1125000 | E12: =F12-C12 -> 0 | F12: =IFERROR(VLOOKUP(A12,'2023'!A:N,13,0),0) -> 3 | G12: =IFERROR(VLOOKUP(A12,'2023'!A:N,14,0),0) -> 1125000 | H12: 5 | I12: 1963636 | J12: =IFERROR(IF((G12+I12)/(H12+F12)<0,0,(G12+I12)/(H12+F12)),0) -> 386079.5 | K12: 5 | L12: 3390908 | M12: =J12*K12 -> 1930397.5 | N12: =F12+H12-K12 -> 3 | O12: =G12+I12-M12 -> 1158238.5
A13: Ruy băng LQ310 (N653BK) | B13: Cái | C13: 5 | D13: 240740 | E13: =F13-C13 -> 0 | F13: =IFERROR(VLOOKUP(A13,'2023'!A:N,13,0),0) -> 5 | G13: =IFERROR(VLOOKUP(A13,'2023'!A:N,14,0),0) -> 240740 | H13: 5 | I13: 240740 | J13: =IFERROR(IF((G13+I13)/(H13+F13)<0,0,(G13+I13)/(H13+F13)),0) -> 48148 | K13: 0 | L13: 0 | M13: =J13*K13 -> 0 | N13: =F13+H13-K13 -> 10 | O13: =G13+I13-M13 -> 481480
A14: Mực photo (DP-5570) | B14: Gói | C14: 0 | D14: 0 | E14: =F14-C14 -> 0 | F14: =IFERROR(VLOOKUP(A14,'2023'!A:N,13,0),0) -> 0 | G14: =IFERROR(VLOOKUP(A14,'2023'!A:N,14,0),0) -> 0 | H14: 3 | I14: 750000 | J14: =IFERROR(IF((G14+I14)/(H14+F14)<0,0,(G14+I14)/(H14+F14)),0) -> 250000 | K14: 3 | L14: 1409090 | M14: =J14*K14 -> 750000 | N14: =F14+H14-K14 -> 0 | O14: =G14+I14-M14 -> 0
A15: Thiết bị chuyển mạch MS106LP , hiệu MERCUSYS | B15: Cái | C15: 0 | D15: 0 | E15: =F15-C15 -> 0 | F15: =IFERROR(VLOOKUP(A15,'2023'!A:N,13,0),0) -> 0 | G15: =IFERROR(VLOOKUP(A15,'2023'!A:N,14,0),0) -> 0 | H15: 2 | I15: 590910 | J15: =IFERROR(IF((G15+I15)/(H15+F15)<0,0,(G15+I15)/(H15+F15)),0) -> 295455 | K15: 0 | L15: 0 | M15: =J15*K15 -> 0 | N15: =F15+H15-K15 -> 2 | O15: =G15+I15-M15 -> 590910
... A2368: MÁY TÍNH XÁCH TAY (NB) LENOVO V14 G3 IAP i3-1215U/8GD4/256GSSD/14.0FHD/IPS/WL/BT/2C38/NoOS/ĐEN (82TS0060VN) | B2368: Cái | C2368: 22 | D2368: 206472261 | E2368: =F2368-C2368 -> 0 | F2368: =IFERROR(VLOOKUP(A2368,'2023'!A:N,13,0),0) -> 22 | G2368: =IFERROR(VLOOKUP(A2368,'2023'!A:N,14,0),0) -> 2.0647226e+08 | H2368: 0 | I2368: 0 | J2368: =IFERROR(IF((G2368+I2368)/(H2368+F2368)<0,0,(G2368+I2368)/(H2368+F2368)),0) -> 9385102.8 | K2368: 0 | L2368: 0 | M2368: =J2368*K2368 -> 0 | N2368: =F2368+H2368-K2368 -> 22 | O2368: =G2368+I2368-M2368 -> 2.0647226e+08
A2369: Máy tính xách tay MSI Katana GF66 12UCK-699VN/Alder Lake i5-12450H/512GB SSD/DDR4 8GB (3200MHz)/RTX3050 GDDR6 4GB/15.6" FHD/WIN 11/màu đen/ba lô | B2369: Cái | C2369: 1 | D2369: 19127272 | F2369: =IFERROR(VLOOKUP(A2369,'2023'!A:N,13,0),0) -> 1 | G2369: =IFERROR(VLOOKUP(A2369,'2023'!A:N,14,0),0) -> 19127272 | H2369: 0 | I2369: 0 | J2369: =IFERROR(IF((G2369+I2369)/(H2369+F2369)<0,0,(G2369+I2369)/(H2369+F2369)),0) -> 19127272 | K2369: 0 | L2369: 0 | M2369: =J2369*K2369 -> 0 | N2369: =F2369+H2369-K2369 -> 1 | O2369: =G2369+I2369-M2369 -> 19127272
A2370: Máy tính bàn Lenovo ThinkCentre M70s Gen 3 i3-12100 ( 4.3 GHZ) - 8GB RAM - 256GB SSD - Wireless & Bluetooth - None -1Yr; P/n 11TC000QVA | B2370: Bộ | C2370: 19 | D2370: 156663626 | F2370: =IFERROR(VLOOKUP(A2370,'2023'!A:N,13,0),0) -> 19 | G2370: =IFERROR(VLOOKUP(A2370,'2023'!A:N,14,0),0) -> 156663626 | H2370: 0 | I2370: 0 | J2370: =IFERROR(IF((G2370+I2370)/(H2370+F2370)<0,0,(G2370+I2370)/(H2370+F2370)),0) -> 8245454 | K2370: 0 | L2370: 0 | M2370: =J2370*K2370 -> 0 | N2370: =F2370+H2370-K2370 -> 19 | O2370: =G2370+I2370-M2370 -> 156663626
A2371: Máy tính xách tay Lenovo V15 G4 IRU - Intel Core i3-1315U (4.50 GHz) - 8GB RAM - 512GB SSD - WF+BL - 15.6FHD 60Hz - NOS - 2YR Premium NBD,P/n 83A10007VN | B2371: Chiếc | C2371: 3 | D2371: 30000000 | F2371: =IFERROR(VLOOKUP(A2371,'2023'!A:N,13,0),0) -> 3 | G2371: =IFERROR(VLOOKUP(A2371,'2023'!A:N,14,0),0) -> 30000000 | H2371: 0 | I2371: 0 | J2371: =IFERROR(IF((G2371+I2371)/(H2371+F2371)<0,0,(G2371+I2371)/(H2371+F2371)),0) -> 10000000 | K2371: 0 | L2371: 0 | M2371: =J2371*K2371 -> 0 | N2371: =F2371+H2371-K2371 -> 3 | O2371: =G2371+I2371-M2371 -> 30000000
A2372: Máy tính xách tay MSI GF63 Thin11SC-664VN (i5-11400H; 8GB;512GB SSD; GTX 1650/4GB; 15.6"FHD 144Hz; Win11; Đen) | B2372: Bộ | C2372: 1 | D2372: 15545454 | F2372: =IFERROR(VLOOKUP(A2372,'2023'!A:N,13,0),0) -> 1 | G2372: =IFERROR(VLOOKUP(A2372,'2023'!A:N,14,0),0) -> 15545454 | H2372: 0 | I2372: 0 | J2372: =IFERROR(IF((G2372+I2372)/(H2372+F2372)<0,0,(G2372+I2372)/(H2372+F2372)),0) -> 15545454 | K2372: 0 | L2372: 0 | M2372: =J2372*K2372 -> 0 | N2372: =F2372+H2372-K2372 -> 1 | O2372: =G2372+I2372-M2372 -> 15545454
A2373: Màn hình máy tính Lenovo H20215FE0 - "E22-28 (H20215FE0) 21.5 inch Monitor-HDMI, Linecord, 3YR WTYWarrantyCode: 3years limited", P/N:62B9MAR4WW | B2373: Chiếc | C2373: 103 | D2373: 220980969 | F2373: =IFERROR(VLOOKUP(A2373,'2023'!A:N,13,0),0) -> 103 | G2373: =IFERROR(VLOOKUP(A2373,'2023'!A:N,14,0),0) -> 2.2098097e+08 | H2373: 0 | I2373: 0 | J2373: =IFERROR(IF((G2373+I2373)/(H2373+F2373)<0,0,(G2373+I2373)/(H2373+F2373)),0) -> 2145446.3 | K2373: 0 | L2373: 0 | M2373: =J2373*K2373 -> 0 | N2373: =F2373+H2373-K2373 -> 103 | O2373: =G2373+I2373-M2373 -> 2.2098097e+08
A2374: MÀN HÌNH VI TÍNH (LCD) LENOVO ThinkVision S27e-20 27.0INCH/1920x1080/IPS/WLED/VGA/HDMI/ĐEN/3Y(62AFKAR2WW) | B2374: CÁI | C2374: 17 | D2374: 47268918 | F2374: =IFERROR(VLOOKUP(A2374,'2023'!A:N,13,0),0) -> 17 | G2374: =IFERROR(VLOOKUP(A2374,'2023'!A:N,14,0),0) -> 47268918 | H2374: 0 | I2374: 0 | J2374: =IFERROR(IF((G2374+I2374)/(H2374+F2374)<0,0,(G2374+I2374)/(H2374+F2374)),0) -> 2780524.6 | K2374: 0 | L2374: 0 | M2374: =J2374*K2374 -> 0 | N2374: =F2374+H2374-K2374 -> 17 | O2374: =G2374+I2374-M2374 -> 47268918
A2375: Máy tính xách tay MSI GF63 Thin11UC-1228VN (i7-11800H; 8GB;512GB SSD; RTX3050/4GB; 15.6"FHD; Win11; Đen) | B2375: Bộ | C2375: 2 | D2375: 34727271 | F2375: =IFERROR(VLOOKUP(A2375,'2023'!A:N,13,0),0) -> 2 | G2375: =IFERROR(VLOOKUP(A2375,'2023'!A:N,14,0),0) -> 34727271 | H2375: 0 | I2375: 0 | J2375: =IFERROR(IF((G2375+I2375)/(H2375+F2375)<0,0,(G2375+I2375)/(H2375+F2375)),0) -> 17363636 | K2375: 0 | L2375: 0 | M2375: =J2375*K2375 -> 0 | N2375: =F2375+H2375-K2375 -> 2 | O2375: =G2375+I2375-M2375 -> 34727271
A2376: Màn hình LCD VIEWSONIC VX2718-PC - MHD/27'' LCD MONITOR | B2376: Bộ | C2376: 6 | D2376: 23072724 | F2376: =IFERROR(VLOOKUP(A2376,'2023'!A:N,13,0),0) -> 6 | G2376: =IFERROR(VLOOKUP(A2376,'2023'!A:N,14,0),0) -> 23072724 | H2376: 0 | I2376: 0 | J2376: =IFERROR(IF((G2376+I2376)/(H2376+F2376)<0,0,(G2376+I2376)/(H2376+F2376)),0) -> 3845454 | K2376: 0 | L2376: 0 | M2376: =J2376*K2376 -> 0 | N2376: =F2376+H2376-K2376 -> 6 | O2376: =G2376+I2376-M2376 -> 23072724
A2377: Màn hình máy tính Viewsonic VX3276 - MHD -3/32 inch, Full HD, IPS,75Hz | B2377: Cái | C2377: 8 | D2377: 32000000 | F2377: =IFERROR(VLOOKUP(A2377,'2023'!A:N,13,0),0) -> 8 | G2377: =IFERROR(VLOOKUP(A2377,'2023'!A:N,14,0),0) -> 32000000 | H2377: 0 | I2377: 0 | J2377: =IFERROR(IF((G2377+I2377)/(H2377+F2377)<0,0,(G2377+I2377)/(H2377+F2377)),0) -> 4000000 | K2377: 0 | L2377: 0 | M2377: =J2377*K2377 -> 0 | N2377: =F2377+H2377-K2377 -> 8 | O2377: =G2377+I2377-M2377 -> 32000000
A2378: Ổ CỨNG DI ĐỘNG (HDD) SEAGATE ONETOUCH 2TB2.5" USB3.0 - ĐEN (BLACK)(STKY2000400) | B2378: Cái | C2378: 1 | D2378: 2004545 | F2378: =IFERROR(VLOOKUP(A2378,'2023'!A:N,13,0),0) -> 1 | G2378: =IFERROR(VLOOKUP(A2378,'2023'!A:N,14,0),0) -> 2004545 | H2378: 0 | I2378: 0 | J2378: =IFERROR(IF((G2378+I2378)/(H2378+F2378)<0,0,(G2378+I2378)/(H2378+F2378)),0) -> 2004545 | K2378: 0 | L2378: 0 | M2378: =J2378*K2378 -> 0 | N2378: =F2378+H2378-K2378 -> 1 | O2378: =G2378+I2378-M2378 -> 2004545
A2379: Bộ Vi xử lý Intel Core i3-10105 Processor3.70GHz 6M Cache, Sockets FCLGA1200-BX8070110105 | B2379: Cái | C2379: 38 | D2379: 90244901 | F2379: =IFERROR(VLOOKUP(A2379,'2023'!A:N,13,0),0) -> 38 | G2379: =IFERROR(VLOOKUP(A2379,'2023'!A:N,14,0),0) -> 90244901 | H2379: 0 | I2379: 0 | J2379: =IFERROR(IF((G2379+I2379)/(H2379+F2379)<0,0,(G2379+I2379)/(H2379+F2379)),0) -> 2374865.8 | K2379: 0 | L2379: 0 | M2379: =J2379*K2379 -> 0 | N2379: =F2379+H2379-K2379 -> 38 | O2379: =G2379+I2379-M2379 -> 90244901
A2380: Ổ đĩa cứng máy tính KingmaxSA3080 128GB (M.2 Sata 3) | B2380: Cái | C2380: 5 | D2380: 1590907 | F2380: =IFERROR(VLOOKUP(A2380,'2023'!A:N,13,0),0) -> 5 | G2380: =IFERROR(VLOOKUP(A2380,'2023'!A:N,14,0),0) -> 1590906.7 | H2380: 0 | I2380: 0 | J2380: =IFERROR(IF((G2380+I2380)/(H2380+F2380)<0,0,(G2380+I2380)/(H2380+F2380)),0) -> 318181.33 | K2380: 0 | L2380: 0 | M2380: =J2380*K2380 -> 0 | N2380: =F2380+H2380-K2380 -> 5 | O2380: =G2380+I2380-M2380 -> 1590906.7
... A2767: MÁY IN HP LASER JET PRO M404DN (W1A53A) | B2767: Cái | C2767: 1 | D2767: 5072727 | F2767: =IFERROR(VLOOKUP(A2767,'2023'!A:N,13,0),0) -> 1 | G2767: =IFERROR(VLOOKUP(A2767,'2023'!A:N,14,0),0) -> 5072726.8 | H2767: 0 | I2767: 0 | J2767: =IFERROR(IF((G2767+I2767)/(H2767+F2767)<0,0,(G2767+I2767)/(H2767+F2767)),0) -> 5072726.8 | K2767: 0 | L2767: 0 | M2767: =J2767*K2767 -> 0 | N2767: =F2767+H2767-K2767 -> 1 | O2767: =G2767+I2767-M2767 -> 5072726.8
C2768: =SUM(C4:C2767) -> 25470 | D2768: =SUM(D4:D2767) -> 21149161331 | E2768: =SUM(E4:E2767) -> 1855 | F2768: =SUM(F4:F2767) -> 26468 | G2768: =SUM(G4:G2767) -> 2.1650861e+10 | H2768: =SUM(H4:H2767) -> 18596 | I2768: =SUM(I4:I2767) -> 19399876097 | J2768: =SUM(J4:J2767) -> 6.616951e+09 | ... O2768: =SUM(O4:O2767) -> 2.9566467e+10
G2769: ='xn chỉnh 2023'!N2275 -> 2.1230923e+10
G2770: =G2768-G2769 -> 4.1993717e+08

Sheet Trang tính3
B1: Tồn Kho | G1: Đầu Kỳ
A2: Tên Sản Phẩm | B2: Số Lượng | C2: Thành Tiền | F2: Tên Sản Phẩm | G2: Số Lượng | H2: Thành Tiền
A3: Thiết bị thu phát vô tuyến RG - EW1200G Pro | B3: 10 | C3: 5859503 | F3: tensp | G3: tong_dauky | H3: thtien_dauky
A4: MÁY VI TÍNH ĐỂ BÀN (PC) LENOVO ThinkCentre neo 50t Gen 3 i3- 12100(4*3.3)/4GD4/256GSSD/WL/BT/KB/M/nOS/ĐEN( 11SC001LVA) | B4: 5 | C4: 42850000 | F4: Màn hình vi tính DELL LCD-E2423H-23.8-WHD-3Y | G4: 4 | H4: 10090908
A5: MÁY TÍNH XÁCH TAY (NB) LENOVO V14 G3 IAP i3-1215U/8GD4/256GSSD/14.0FHD/IPS/WL/BT/2C38/NoOS/ĐEN (82TS0060VN) | B5: 22 | C5: 206472261 | F5: Điều chỉnh giảm đơn giá, giảm thành tiền của hàng hóa dịch vụ: Máy tính xách tay Lenovo ThinkPad E14 G5 T (gồm I5-13420H ( 2.1Ghz ) - 1x8G Ram -512G SSD - Wifi,BT,Finger Print - 14"WUXGA 300N - No OS - 2 Yrs Premier support_21JK00H3VA) | G5: 0 | H5: 0
A6: Máy in laser Brother HL-L2321D | B6: 139 | C6: 365129811 | F6: Mực MP 3054/3554/2554 | G6: 0 | H6: 0
A7: Ổ cứng máy tính SSD Western WDS240G2G0A,240GB | B7: 0 | C7: 0 | F7: Chiết khấu thương mại Mua vào Từ 23/10/2023 đến 30/11/2023 Sản phẩm DELL MKT-DLL-VF-SI-2023-000154 | G7: 0 | H7: 0
A8: Camera quan sát CS-C6N (1080P) | B8: 0 | C8: 0 | F8: Điều chỉnh giảm số lượng của hàng hóa dịch vụ: Bàn phím gaming có dây Rapoo V50S màu đen | G8: 0 | H8: 0
A9: Máy tính xách tay MSI Katana GF66 12UCK-815VN/Alder Lake i5-12450H/512GB SSD/DDR4 8GB (3200MHz)/RTX3050 GDDR6 4GB/15.6" FHD/WIN11/màu đen/ ba lô | B9: 0 | C9: 0 | F9: Hàng KM_Balo máy tính xách tay dành cho máy tính Lenovo | G9: 5 | H9: 0
A10: Thẻ nhớ 32GB Micro SDHC Exceria Plus UHS-I C10 U3 V30 A1 98MB/65MB/s Kioxia ( Có Adapter) | B10: 10 | C10: 1909091 | F10: Ổ cắm điện Philips CHP1130WB (Hàng khuyến mại) | G10: 0 | H10: 0
A11: Máy tính bàn Lenovo ThinkCentre Neo 50t Gen 4 - Intel Corei5-13400 (4.60 GHz) - 8GB RAM - 512GB SSD - Wifi & BL -UHD Graphics 730 - NOS - 1YR Premier NBD,P/n 12JB001HVA | B11: 4 | C11: 43167272 | F11: Mực T2323 | G11: 0 | H11: 0
A12: Máy tính xách tay AsusA415EA - EBI750W (i3-1125G4/8GB/256GB (90NB0RLB-M32730) | B12: 0 | C12: 0 | F12: Cước đường bộ xe 81C06495T đi qua trạm Gia Lai 1 thời gian GD 09:27:42 ngày 05/11/2024 mã GD 1481911561 | G12: 0 | H12: 0
A13: Máy tính xách tay MSI Katana GF66 12UCK-699VN/Alder Lake i5-12450H/512GB SSD/DDR4 8GB (3200MHz)/RTX3050 GDDR6 4GB/15.6" FHD/WIN 11/màu đen/ba lô | B13: 1 | C13: 19127272 | F13: Cước đường bộ xe 81C06495T đi qua trạm Gia Lai 1 thời gian GD 12:23:14 ngày 05/11/2024 mã GD 1482140210 | G13: 0 | H13: 0
A14: Máy tính bàn Lenovo ThinkCentre M70s Gen 3 i3-12100 ( 4.3 GHZ) - 8GB RAM - 256GB SSD - Wireless & Bluetooth - None -1Yr; P/n 11TC000QVA | B14: 19 | C14: 156663626 | F14: Phí dịch vụ Đăng ký/Thay đổi E-Tag cho biển số xe 81C06495TL thời gian GD 17:09:00 ngày 14/06/2024 mã GD 11279174 | G14: 0 | H14: 0
A15: Máy tính xách tay Lenovo V15 G4 IRU - Intel Core i3-1315U (4.50 GHz) - 8GB RAM - 512GB SSD - WF+BL - 15.6FHD 60Hz - NOS - 2YR Premium NBD,P/n 83A10007VN | B15: 3 | C15: 30000000 | F15: Cước đường bộ xe 81C06495T đi qua trạm Gia Lai 1 thời gian GD 17:11:16 ngày 02/07/2024 mã GD 1298533240 | G15: 0 | H15: 0
... A2461: BỘ MÁY VI TÍNH | B2461: 0 | C2461: 0 | F2461: Thiết bị ghi hình webcam PK-910P A4tech | G2461: 4 | H2461: 1454545
F2462: Thiết bị ghi hình Loghitech B525 | G2462: 9 | H2462: 6545457
F2463: Thiết bị ghi hình Loghitech C615 | G2463: 2 | H2463: 2436364
F2464: Thiết bị ghi hình Loghitech C920E | G2464: 3 | H2464: 4418181
F2465: Thiết bị ghi hình Loghitech C922 | G2465: 11 | H2465: 19970229
F2466: Thiết bị ghi hình Loghitech C925E | G2466: 4 | H2466: 7903031
F2467: Thiết bị ghi hình Loghitech C930E | G2467: 3 | H2467: 6576136
F2468: Thiết bị mạng không dây Asus RT-AC1200-V2 | G2468: 9 | H2468: 7802726
F2469: Thiết bị mạng không dây Asus RT-AC59U-V2 | G2469: 5 | H2469: 6390909
F2470: Thiết bị mạng nội bộ không dây Asus RT-AC59U | G2470: 1 | H2470: 1472727
F2471: Thiết bị trình chiếu Presenter Loghitech R400 | G2471: 10 | H2471: 5081608
F2472: Thiết bị trình chiếu Presenter Loghitech R500 | G2472: 2 | H2472: 1250000
F2473: Thiết bị trình chiếu Presenter Loghitech R800 | G2473: 9 | H2473: 9984415
... F2682: Camera quan sát DS-2CE16D0T-LFS | G2682: 2 | H2682: 752524

Sheet Bản sao của Trang tính3
C1: Tồn Kho | H1: Đầu Kỳ
A2: Tên Sản Phẩm | C2: Số Lượng | D2: Thành Tiền | F2: Tên Sản Phẩm | H2: Số Lượng | I2: Thành Tiền
A3: Thiết bị thu phát vô tuyến RG - EW1200G Pro | B3: Cái | C3: 10 | D3: 5859503 | E3: =VLOOKUP(A3,F:I,1,0) -> Thiết bị thu phát vô tuyến RG - EW1200G Pro | F3: tensp | H3: tong_dauky | I3: thtien_dauky
A4: MÁY VI TÍNH ĐỂ BÀN (PC) LENOVO ThinkCentre neo 50t Gen 3 i3- 12100(4*3.3)/4GD4/256GSSD/WL/BT/KB/M/nOS/ĐEN( 11SC001LVA) | B4: Cái | C4: 5 | D4: 42850000 | E4: =VLOOKUP(A4,F:I,1,0) -> MÁY VI TÍNH ĐỂ BÀN (PC) LENOVO ThinkCentre neo 50t Gen 3 i3- 12100(4*3.3)/4GD4/256GSSD/WL/BT/KB/M/nOS/ĐEN( 11SC001LVA) | F4: Màn hình vi tính DELL LCD-E2423H-23.8-WHD-3Y | G4: Bộ | H4: =IFERROR(VLOOKUP(F4,A:D,3,0),0) -> 4 | I4: =IFERROR(VLOOKUP(F4,A:D,4,0),0) -> 10090908
A5: MÁY TÍNH XÁCH TAY (NB) LENOVO V14 G3 IAP i3-1215U/8GD4/256GSSD/14.0FHD/IPS/WL/BT/2C38/NoOS/ĐEN (82TS0060VN) | B5: Cái | C5: 22 | D5: 206472261 | E5: =VLOOKUP(A5,F:I,1,0) -> MÁY TÍNH XÁCH TAY (NB) LENOVO V14 G3 IAP i3-1215U/8GD4/256GSSD/14.0FHD/IPS/WL/BT/2C38/NoOS/ĐEN (82TS0060VN) | F5: Điều chỉnh giảm đơn giá, giảm thành tiền của hàng hóa dịch vụ: Máy tính xách tay Lenovo ThinkPad E14 G5 T (gồm I5-13420H ( 2.1Ghz ) - 1x8G Ram -512G SSD - Wifi,BT,Finger Print - 14"WUXGA 300N - No OS - 2 Yrs Premier support_21JK00H3VA) | G5: Chiếc | H5: =IFERROR(VLOOKUP(F5,A:D,3,0),0) -> 0 | I5: =IFERROR(VLOOKUP(F5,A:D,4,0),0) -> 0
A6: Máy in laser Brother HL-L2321D | B6: Cái | C6: 139 | D6: 365129811 | E6: =VLOOKUP(A6,F:I,1,0) -> Máy in laser Brother HL-L2321D | F6: Mực MP 3054/3554/2554 | G6: Hộp | H6: =IFERROR(VLOOKUP(F6,A:D,3,0),0) -> 0 | I6: =IFERROR(VLOOKUP(F6,A:D,4,0),0) -> 0
A7: Ổ cứng máy tính SSD Western WDS240G2G0A,240GB | B7: Cái | C7: 0 | D7: 0 | E7: =VLOOKUP(A7,F:I,1,0) -> Ổ cứng máy tính SSD Western WDS240G2G0A,240GB | F7: Chiết khấu thương mại Mua vào Từ 23/10/2023 đến 30/11/2023 Sản phẩm DELL MKT-DLL-VF-SI-2023-000154 | G7: Dịch vụ | H7: =IFERROR(VLOOKUP(F7,A:D,3,0),0) -> 0 | I7: =IFERROR(VLOOKUP(F7,A:D,4,0),0) -> 0
A8: Camera quan sát CS-C6N (1080P) | B8: Cái | C8: 0 | D8: 0 | E8: =VLOOKUP(A8,F:I,1,0) -> Camera quan sát CS-C6N (1080P) | F8: Điều chỉnh giảm số lượng của hàng hóa dịch vụ: Bàn phím gaming có dây Rapoo V50S màu đen | G8: Cái | H8: =IFERROR(VLOOKUP(F8,A:D,3,0),0) -> 0 | I8: =IFERROR(VLOOKUP(F8,A:D,4,0),0) -> 0
A9: Máy tính xách tay MSI Katana GF66 12UCK-815VN/Alder Lake i5-12450H/512GB SSD/DDR4 8GB (3200MHz)/RTX3050 GDDR6 4GB/15.6" FHD/WIN11/màu đen/ ba lô | B9: Cái | C9: 0 | D9: 0 | E9: =VLOOKUP(A9,F:I,1,0) -> Máy tính xách tay MSI Katana GF66 12UCK-815VN/Alder Lake i5-12450H/512GB SSD/DDR4 8GB (3200MHz)/RTX3050 GDDR6 4GB/15.6" FHD/WIN11/màu đen/ ba lô | F9: Hàng KM_Balo máy tính xách tay dành cho máy tính Lenovo | G9: Chiếc | H9: =IFERROR(VLOOKUP(F9,A:D,3,0),0) -> 0 | I9: =IFERROR(VLOOKUP(F9,A:D,4,0),0) -> 0
A10: Thẻ nhớ 32GB Micro SDHC Exceria Plus UHS-I C10 U3 V30 A1 98MB/65MB/s Kioxia ( Có Adapter) | B10: Cái | C10: 10 | D10: 1909091 | E10: =VLOOKUP(A10,F:I,1,0) -> Thẻ nhớ 32GB Micro SDHC Exceria Plus UHS-I C10 U3 V30 A1 98MB/65MB/s Kioxia ( Có Adapter) | F10: Ổ cắm điện Philips CHP1130WB (Hàng khuyến mại) | G10: Cái | H10: =IFERROR(VLOOKUP(F10,A:D,3,0),0) -> 0 | I10: =IFERROR(VLOOKUP(F10,A:D,4,0),0) -> 0
A11: Máy tính bàn Lenovo ThinkCentre Neo 50t Gen 4 - Intel Corei5-13400 (4.60 GHz) - 8GB RAM - 512GB SSD - Wifi & BL -UHD Graphics 730 - NOS - 1YR Premier NBD,P/n 12JB001HVA | B11: Bộ | C11: 4 | D11: 43167272 | E11: =VLOOKUP(A11,F:I,1,0) -> Máy tính bàn Lenovo ThinkCentre Neo 50t Gen 4 - Intel Corei5-13400 (4.60 GHz) - 8GB RAM - 512GB SSD - Wifi & BL -UHD Graphics 730 - NOS - 1YR Premier NBD,P/n 12JB001HVA | F11: Mực T2323 | G11: Hộp | H11: =IFERROR(VLOOKUP(F11,A:D,3,0),0) -> 0 | I11: =IFERROR(VLOOKUP(F11,A:D,4,0),0) -> 0
A12: Máy tính xách tay AsusA415EA - EBI750W (i3-1125G4/8GB/256GB (90NB0RLB-M32730) | B12: Bộ | C12: 0 | D12: 0 | E12: =VLOOKUP(A12,F:I,1,0) -> Máy tính xách tay AsusA415EA - EBI750W (i3-1125G4/8GB/256GB (90NB0RLB-M32730) | F12: Cước đường bộ xe 81C06495T đi qua trạm Gia Lai 1 thời gian GD 09:27:42 ngày 05/11/2024 mã GD 1481911561 | G12: Lượt | H12: =IFERROR(VLOOKUP(F12,A:D,3,0),0) -> 0 | I12: =IFERROR(VLOOKUP(F12,A:D,4,0),0) -> 0
A13: Máy tính xách tay MSI Katana GF66 12UCK-699VN/Alder Lake i5-12450H/512GB SSD/DDR4 8GB (3200MHz)/RTX3050 GDDR6 4GB/15.6" FHD/WIN 11/màu đen/ba lô | B13: Cái | C13: 1 | D13: 19127272 | E13: =VLOOKUP(A13,F:I,1,0) -> Máy tính xách tay MSI Katana GF66 12UCK-699VN/Alder Lake i5-12450H/512GB SSD/DDR4 8GB (3200MHz)/RTX3050 GDDR6 4GB/15.6" FHD/WIN 11/màu đen/ba lô | F13: Cước đường bộ xe 81C06495T đi qua trạm Gia Lai 1 thời gian GD 12:23:14 ngày 05/11/2024 mã GD 1482140210 | G13: Lượt | H13: =IFERROR(VLOOKUP(F13,A:D,3,0),0) -> 0 | I13: =IFERROR(VLOOKUP(F13,A:D,4,0),0) -> 0
A14: Máy tính bàn Lenovo ThinkCentre M70s Gen 3 i3-12100 ( 4.3 GHZ) - 8GB RAM - 256GB SSD - Wireless & Bluetooth - None -1Yr; P/n 11TC000QVA | B14: Bộ | C14: 19 | D14: 156663626 | E14: =VLOOKUP(A14,F:I,1,0) -> Máy tính bàn Lenovo ThinkCentre M70s Gen 3 i3-12100 ( 4.3 GHZ) - 8GB RAM - 256GB SSD - Wireless & Bluetooth - None -1Yr; P/n 11TC000QVA | F14: Phí dịch vụ Đăng ký/Thay đổi E-Tag cho biển số xe 81C06495TL thời gian GD 17:09:00 ngày 14/06/2024 mã GD 11279174 | G14: Lượt | H14: =IFERROR(VLOOKUP(F14,A:D,3,0),0) -> 0 | I14: =IFERROR(VLOOKUP(F14,A:D,4,0),0) -> 0
A15: Máy tính xách tay Lenovo V15 G4 IRU - Intel Core i3-1315U (4.50 GHz) - 8GB RAM - 512GB SSD - WF+BL - 15.6FHD 60Hz - NOS - 2YR Premium NBD,P/n 83A10007VN | B15: Chiếc | C15: 3 | D15: 30000000 | E15: =VLOOKUP(A15,F:I,1,0) -> Máy tính xách tay Lenovo V15 G4 IRU - Intel Core i3-1315U (4.50 GHz) - 8GB RAM - 512GB SSD - WF+BL - 15.6FHD 60Hz - NOS - 2YR Premium NBD,P/n 83A10007VN | F15: Cước đường bộ xe 81C06495T đi qua trạm Gia Lai 1 thời gian GD 17:11:16 ngày 02/07/2024 mã GD 1298533240 | G15: Lượt | H15: =IFERROR(VLOOKUP(F15,A:D,3,0),0) -> 0 | I15: =IFERROR(VLOOKUP(F15,A:D,4,0),0) -> 0
... A2461: BỘ MÁY VI TÍNH | B2461: Bộ | C2461: 0 | D2461: 0 | E2461: =VLOOKUP(A2461,F:I,1,0) -> Bộ máy vi tính | F2461: Thiết bị ghi hình webcam PK-910P A4tech | G2461: Cái | H2461: =IFERROR(VLOOKUP(F2461,A:D,3,0),0) -> 4 | I2461: =IFERROR(VLOOKUP(F2461,A:D,4,0),0) -> 1454545
C2462: =SUM(C3:C2461) -> 25968 | D2462: =SUM(D3:D2461) -> 21158986168 | F2462: Thiết bị ghi hình Loghitech B525 | G2462: Bộ | H2462: =IFERROR(VLOOKUP(F2462,A:D,3,0),0) -> 9 | I2462: =IFERROR(VLOOKUP(F2462,A:D,4,0),0) -> 6545457
F2463: Thiết bị ghi hình Loghitech C615 | G2463: Bộ | H2463: =IFERROR(VLOOKUP(F2463,A:D,3,0),0) -> 2 | I2463: =IFERROR(VLOOKUP(F2463,A:D,4,0),0) -> 2436364
F2464: Thiết bị ghi hình Loghitech C920E | G2464: Bộ | H2464: =IFERROR(VLOOKUP(F2464,A:D,3,0),0) -> 3 | I2464: =IFERROR(VLOOKUP(F2464,A:D,4,0),0) -> 4418181
F2465: Thiết bị ghi hình Loghitech C922 | G2465: Bộ | H2465: =IFERROR(VLOOKUP(F2465,A:D,3,0),0) -> 11 | I2465: =IFERROR(VLOOKUP(F2465,A:D,4,0),0) -> 19970229
F2466: Thiết bị ghi hình Loghitech C925E | G2466: Bộ | H2466: =IFERROR(VLOOKUP(F2466,A:D,3,0),0) -> 4 | I2466: =IFERROR(VLOOKUP(F2466,A:D,4,0),0) -> 7903031
F2467: Thiết bị ghi hình Loghitech C930E | G2467: Bộ | H2467: =IFERROR(VLOOKUP(F2467,A:D,3,0),0) -> 3 | I2467: =IFERROR(VLOOKUP(F2467,A:D,4,0),0) -> 6576136
F2468: Thiết bị mạng không dây Asus RT-AC1200-V2 | G2468: Bộ | H2468: =IFERROR(VLOOKUP(F2468,A:D,3,0),0) -> 9 | I2468: =IFERROR(VLOOKUP(F2468,A:D,4,0),0) -> 7802726
F2469: Thiết bị mạng không dây Asus RT-AC59U-V2 | G2469: Bộ | H2469: =IFERROR(VLOOKUP(F2469,A:D,3,0),0) -> 5 | I2469: =IFERROR(VLOOKUP(F2469,A:D,4,0),0) -> 6390909
F2470: Thiết bị mạng nội bộ không dây Asus RT-AC59U | G2470: Bộ | H2470: =IFERROR(VLOOKUP(F2470,A:D,3,0),0) -> 1 | I2470: =IFERROR(VLOOKUP(F2470,A:D,4,0),0) -> 1472727
F2471: Thiết bị trình chiếu Presenter Loghitech R400 | G2471: Bộ | H2471: =IFERROR(VLOOKUP(F2471,A:D,3,0),0) -> 10 | I2471: =IFERROR(VLOOKUP(F2471,A:D,4,0),0) -> 5081608
F2472: Thiết bị trình chiếu Presenter Loghitech R500 | G2472: Bộ | H2472: =IFERROR(VLOOKUP(F2472,A:D,3,0),0) -> 2 | I2472: =IFERROR(VLOOKUP(F2472,A:D,4,0),0) -> 1250000
F2473: Thiết bị trình chiếu Presenter Loghitech R800 | G2473: Bộ | H2473: =IFERROR(VLOOKUP(F2473,A:D,3,0),0) -> 9 | I2473: =IFERROR(VLOOKUP(F2473,A:D,4,0),0) -> 9984415
F2474: Thiết bị trợ giảng không dây bao gồm:Loa có gắn mạch điều khiển âm thanh Model:KF-MTG042D,Loa7W,Pin:5V | G2474: Cái | H2474: =IFERROR(VLOOKUP(F2474,A:D,3,0),0) -> 9 | I2474: =IFERROR(VLOOKUP(F2474,A:D,4,0),0) -> 5727273
... F3965: Máy In Canon Laser LBP-2900 | G3965: Cái | H3965: =IFERROR(VLOOKUP(F3965,A:D,3,0),0) -> 0 | I3965: =IFERROR(VLOOKUP(F3965,A:D,4,0),0) -> 0
G3966: =I3966-D2462 -> -8508520 | H3966: =SUM(H4:H3965) -> 25618 | I3966: =SUM(I4:I3965) -> 21150477648

Sheet Bản sao của 2024
E1: Đầu Kỳ | G1: Nhập Kho | J1: Xuất Kho | M1: Tồn Kho
A2: Tên Sản Phẩm | B2: DVT | C2: Gốc | E2: Số Lượng | F2: Thành Tiền | G2: Số Lượng | H2: Thành Tiền | I2: Giá Vốn | J2: Số Lượng | K2: Thành Tiền | L2: TT Giá Vốn | M2: Số Lượng | N2: Thành Tiền | P2: TT Giá Vốn
A3: tensp | B3: dvtinh | E3: tong_dauky | F3: thtien_dauky | G3: tong_nhap | H3: thtien_nhap | J3: tong_xuat | K3: thtien_xuat | M3: ton_kho | N3: thtien_ton
A4: Màn hình vi tính DELL LCD-E2423H-23.8-WHD-3Y | B4: Bộ | E4: 4 | F4: 10090908 | G4: 2 | H4: 4336364 | I4: =IFERROR(IF((F4+H4)/(G4+E4)<0,0,(F4+H4)/(G4+E4)),0) -> 2404545.3 | J4: 0 | K4: 0 | L4: =I4*J4 -> 0 | M4: =E4+G4-J4 -> 6 | N4: 4300000 | O4: =E4+G4-J4 -> 6 | P4: =F4+H4-L4 -> 14427272
A5: Điều chỉnh giảm đơn giá, giảm thành tiền của hàng hóa dịch vụ: Máy tính xách tay Lenovo ThinkPad E14 G5 T (gồm I5-13420H ( 2.1Ghz ) - 1x8G Ram -512G SSD - Wifi,BT,Finger Print - 14"WUXGA 300N - No OS - 2 Yrs Premier support_21JK00H3VA) | B5: Chiếc | E5: 0 | F5: 0 | G5: 2 | H5: -909090 | I5: =IFERROR(IF((F5+H5)/(G5+E5)<0,0,(F5+H5)/(G5+E5)),0) -> 0 | J5: 0 | K5: 0 | L5: =I5*J5 -> 0 | M5: =E5+G5-J5 -> 2 | N5: -909090 | O5: =E5+G5-J5 -> 2 | P5: =F5+H5-L5 -> -909090
A6: Mực MP 3054/3554/2554 | B6: Hộp | E6: 0 | F6: 0 | G6: 3 | H6: 1300000 | I6: =IFERROR(IF((F6+H6)/(G6+E6)<0,0,(F6+H6)/(G6+E6)),0) -> 433333.33 | J6: 3 | K6: 2045454 | L6: =I6*J6 -> 1300000 | M6: =E6+G6-J6 -> 0 | N6: -745454 | O6: =E6+G6-J6 -> 0 | P6: =F6+H6-L6 -> 0
A7: Chiết khấu thương mại Mua vào Từ 23/10/2023 đến 30/11/2023 Sản phẩm DELL MKT-DLL-VF-SI-2023-000154 | B7: Dịch vụ | E7: 0 | F7: 0 | G7: 1 | H7: 872727 | I7: =IFERROR(IF((F7+H7)/(G7+E7)<0,0,(F7+H7)/(G7+E7)),0) -> 872727 | J7: 0 | K7: 0 | L7: =I7*J7 -> 0 | M7: =E7+G7-J7 -> 1 | N7: 872727 | O7: =E7+G7-J7 -> 1 | P7: =F7+H7-L7 -> 872727
A8: Điều chỉnh giảm số lượng của hàng hóa dịch vụ: Bàn phím gaming có dây Rapoo V50S màu đen | B8: Cái | E8: 0 | F8: 0 | G8: -1 | H8: -231818 | I8: =IFERROR(IF((F8+H8)/(G8+E8)<0,0,(F8+H8)/(G8+E8)),0) -> 231818 | J8: 0 | K8: 0 | L8: =I8*J8 -> 0 | M8: =E8+G8-J8 -> -1 | N8: -231818 | O8: =E8+G8-J8 -> -1 | P8: =F8+H8-L8 -> -231818
A9: Hàng KM_Balo máy tính xách tay dành cho máy tính Lenovo | B9: Chiếc | E9: 5 | F9: 0 | G9: 30 | H9: 0 | I9: =IFERROR(IF((F9+H9)/(G9+E9)<0,0,(F9+H9)/(G9+E9)),0) -> 0 | J9: 0 | K9: 0 | L9: =I9*J9 -> 0 | M9: =E9+G9-J9 -> 35 | N9: 0 | O9: =E9+G9-J9 -> 35 | P9: =F9+H9-L9 -> 0
A10: Ổ cắm điện Philips CHP1130WB (Hàng khuyến mại) | B10: Cái | E10: 0 | F10: 0 | G10: 123 | H10: 0 | I10: =IFERROR(IF((F10+H10)/(G10+E10)<0,0,(F10+H10)/(G10+E10)),0) -> 0 | J10: 0 | K10: 0 | L10: =I10*J10 -> 0 | M10: =E10+G10-J10 -> 123 | N10: 0 | O10: =E10+G10-J10 -> 123 | P10: =F10+H10-L10 -> 0
A11: Mực T2323 | B11: Hộp | E11: 0 | F11: 0 | G11: 3 | H11: 1500000 | I11: =IFERROR(IF((F11+H11)/(G11+E11)<0,0,(F11+H11)/(G11+E11)),0) -> 500000 | J11: 2 | K11: 1772727 | L11: =I11*J11 -> 1000000 | M11: =E11+G11-J11 -> 1 | N11: -272727 | O11: =E11+G11-J11 -> 1 | P11: =F11+H11-L11 -> 500000
A12: Cước đường bộ xe 81C06495T đi qua trạm Gia Lai 1 thời gian GD 09:27:42 ngày 05/11/2024 mã GD 1481911561 | B12: Lượt | E12: 0 | F12: 0 | G12: 1 | H12: 37037 | I12: =IFERROR(IF((F12+H12)/(G12+E12)<0,0,(F12+H12)/(G12+E12)),0) -> 37037 | J12: 0 | K12: 0 | L12: =I12*J12 -> 0 | M12: =E12+G12-J12 -> 1 | N12: 37037 | O12: =E12+G12-J12 -> 1 | P12: =F12+H12-L12 -> 37037
A13: Cước đường bộ xe 81C06495T đi qua trạm Gia Lai 1 thời gian GD 12:23:14 ngày 05/11/2024 mã GD 1482140210 | B13: Lượt | E13: 0 | F13: 0 | G13: 1 | H13: 37037 | I13: =IFERROR(IF((F13+H13)/(G13+E13)<0,0,(F13+H13)/(G13+E13)),0) -> 37037 | J13: 0 | K13: 0 | L13: =I13*J13 -> 0 | M13: =E13+G13-J13 -> 1 | N13: 37037 | O13: =E13+G13-J13 -> 1 | P13: =F13+H13-L13 -> 37037
A14: Phí dịch vụ Đăng ký/Thay đổi E-Tag cho biển số xe 81C06495TL thời gian GD 17:09:00 ngày 14/06/2024 mã GD 11279174 | B14: Lượt | E14: 0 | F14: 0 | G14: 1 | H14: 109091 | I14: =IFERROR(IF((F14+H14)/(G14+E14)<0,0,(F14+H14)/(G14+E14)),0) -> 109091 | J14: 0 | K14: 0 | L14: =I14*J14 -> 0 | M14: =E14+G14-J14 -> 1 | N14: 109091 | O14: =E14+G14-J14 -> 1 | P14: =F14+H14-L14 -> 109091
A15: Cước đường bộ xe 81C06495T đi qua trạm Gia Lai 1 thời gian GD 17:11:16 ngày 02/07/2024 mã GD 1298533240 | B15: Lượt | E15: 0 | F15: 0 | G15: 1 | H15: 37037 | I15: =IFERROR(IF((F15+H15)/(G15+E15)<0,0,(F15+H15)/(G15+E15)),0) -> 37037 | J15: 0 | K15: 0 | L15: =I15*J15 -> 0 | M15: =E15+G15-J15 -> 1 | N15: 37037 | O15: =E15+G15-J15 -> 1 | P15: =F15+H15-L15 -> 37037
... A112: Pin kiềm AA Philips LR6P10TS | B112: Vỉ | E112: 0 | F112: 0 | G112: 10 | H112: 700000 | I112: =IFERROR(IF((F112+H112)/(G112+E112)<0,0,(F112+H112)/(G112+E112)),0) -> 70000 | J112: 0 | K112: 0 | L112: =I112*J112 -> 0 | M112: =E112+G112-J112 -> 10 | N112: 700000 | O112: =E112+G112-J112 -> 10 | P112: =F112+H112-L112 -> 700000
A113: Cụm drum dùng cho máy photo Sharp CFRM- | E113: 0 | F113: 0 | G113: 0 | H113: 0 | I113: =IFERROR(IF((F113+H113)/(G113+E113)<0,0,(F113+H113)/(G113+E113)),0) -> 0 | J113: 0 | K113: 0 | L113: =I113*J113 -> 0 | M113: =E113+G113-J113 -> 0 | N113: 0 | O113: =E113+G113-J113 -> 0 | P113: =F113+H113-L113 -> 0
A114: 1625DS52 | B114: Cái | E114: 0 | F114: 0 | G114: 1 | H114: 1590909 | I114: =IFERROR(IF((F114+H114)/(G114+E114)<0,0,(F114+H114)/(G114+E114)),0) -> 1590909 | J114: 0 | K114: 0 | L114: =I114*J114 -> 0 | M114: =E114+G114-J114 -> 1 | N114: 1590909 | O114: =E114+G114-J114 -> 1 | P114: =F114+H114-L114 -> 1590909
A115: Thiết bị chuyển mạch SG1083P, hiệu APTEK | B115: Cái | E115: 1 | F115: 800000 | G115: 8 | H115: 6309090 | I115: =IFERROR(IF((F115+H115)/(G115+E115)<0,0,(F115+H115)/(G115+E115)),0) -> 789898.89 | J115: 4 | K115: 3709092 | L115: =I115*J115 -> 3159595.6 | M115: =E115+G115-J115 -> 5 | N115: -3709092 | O115: =E115+G115-J115 -> 5 | P115: =F115+H115-L115 -> 3949494.4
A116: Mực laser đen samsung(90g) | B116: Chai | E116: 0 | F116: 0 | G116: 30 | H116: 600000 | I116: =IFERROR(IF((F116+H116)/(G116+E116)<0,0,(F116+H116)/(G116+E116)),0) -> 20000 | J116: 0 | K116: 0 | L116: =I116*J116 -> 0 | M116: =E116+G116-J116 -> 30 | N116: 600000 | O116: =E116+G116-J116 -> 30 | P116: =F116+H116-L116 -> 600000
A117: Hộp mực in tương thích CRG070 | B117: Hộp | E117: 0 | F117: 0 | G117: 5 | H117: 1000000 | I117: =IFERROR(IF((F117+H117)/(G117+E117)<0,0,(F117+H117)/(G117+E117)),0) -> 200000 | J117: 0 | K117: 0 | L117: =I117*J117 -> 0 | M117: =E117+G117-J117 -> 5 | N117: 1000000 | O117: =E117+G117-J117 -> 5 | P117: =F117+H117-L117 -> 1000000
A118: Thiết bị thu phát vô tuyến TP-LINK, TL-WN725N | B118: Cái | E118: 26 | F118: 2544446 | G118: 89 | H118: 8742723 | I118: =IFERROR(IF((F118+H118)/(G118+E118)<0,0,(F118+H118)/(G118+E118)),0) -> 98149.296 | J118: 86 | K118: 8836339 | L118: =I118*J118 -> 8440839.4 | M118: =E118+G118-J118 -> 29 | N118: -118182 | O118: =E118+G118-J118 -> 29 | P118: =F118+H118-L118 -> 2846329.6
A119: Thiết bị thu phát vô tuyến TP-LINK, TL-WN823N | B119: Cái | E119: 49 | F119: 6169919 | G119: 32 | H119: 3954536 | I119: =IFERROR(IF((F119+H119)/(G119+E119)<0,0,(F119+H119)/(G119+E119)),0) -> 124993.27 | J119: 51 | K119: 6627265 | L119: =I119*J119 -> 6374656.9 | M119: =E119+G119-J119 -> 30 | N119: -4427265 | O119: =E119+G119-J119 -> 30 | P119: =F119+H119-L119 -> 3749798.1
A120: Bộ chuyển đổi chế độ mạng, TP-LINK, UE306 | B120: Cái | E120: 0 | F120: 0 | G120: 12 | H120: 2050912 | I120: =IFERROR(IF((F120+H120)/(G120+E120)<0,0,(F120+H120)/(G120+E120)),0) -> 170909.33 | J120: 0 | K120: 0 | L120: =I120*J120 -> 0 | M120: =E120+G120-J120 -> 12 | N120: 1349092 | O120: =E120+G120-J120 -> 12 | P120: =F120+H120-L120 -> 2050912
A121: Hộp mực in iziNet 12A/303/FX9 Universal | B121: Hộp | E121: 177 | F121: 26120121 | G121: 328 | H121: 44945568 | I121: =IFERROR(IF((F121+H121)/(G121+E121)<0,0,(F121+H121)/(G121+E121)),0) -> 140724.14 | J121: 20 | K121: 3636360 | L121: =I121*J121 -> 2814482.7 | M121: =E121+G121-J121 -> 485 | N121: 41309208 | O121: =E121+G121-J121 -> 485 | P121: =F121+H121-L121 -> 68251206
A122: Thiết bị truyền hình ảnh Webcam Logitech HD C270 (960-000584) | B122: Cái | E122: 13 | F122: 4136353 | G122: 10 | H122: 3295455 | I122: =IFERROR(IF((F122+H122)/(G122+E122)<0,0,(F122+H122)/(G122+E122)),0) -> 323122.09 | J122: 0 | K122: 0 | L122: =I122*J122 -> 0 | M122: =E122+G122-J122 -> 23 | N122: 3295455 | O122: =E122+G122-J122 -> 23 | P122: =F122+H122-L122 -> 7431808
A123: Thiết bị thu phát vô tuyến băng tần 2.4GHz, hiệu MERCUSYS, MW300RE | B123: Cái | E123: 0 | F123: 0 | G123: 2 | H123: 343636 | I123: =IFERROR(IF((F123+H123)/(G123+E123)<0,0,(F123+H123)/(G123+E123)),0) -> 171818 | J123: 0 | K123: 0 | L123: =I123*J123 -> 0 | M123: =E123+G123-J123 -> 2 | N123: 343636 | O123: =E123+G123-J123 -> 2 | P123: =F123+H123-L123 -> 343636
A124: Thiết bị định tuyến băng tần 2,4 GHz, W-CDMA FDD/E-UTRA FDD, TP-LINK, TL-MR100 | B124: Cái | E124: 12 | F124: 9457272 | G124: 27 | H124: 18574539 | I124: =IFERROR(IF((F124+H124)/(G124+E124)<0,0,(F124+H124)/(G124+E124)),0) -> 718764.38 | J124: 0 | K124: 0 | L124: =I124*J124 -> 0 | M124: =E124+G124-J124 -> 39 | N124: 18574539 | O124: =E124+G124-J124 -> 39 | P124: =F124+H124-L124 -> 28031811
A125: Bo formater máy in | B125: cái | E125: 0 | F125: 0 | G125: 1 | H125: 1000000 | I125: =IFERROR(IF((F125+H125)/(G125+E125)<0,0,(F125+H125)/(G125+E125)),0) -> 1000000 | J125: 1 | K125: 1318182 | L125: =I125*J125 -> 1000000 | M125: =E125+G125-J125 -> 0 | N125: -318182 | O125: =E125+G125-J125 -> 0 | P125: =F125+H125-L125 -> 0
... A175: Hộp mực đã có mực in NPG59 | B175: Ống | E175: 0 | F175: 0 | G175: 5 | H175: 700000 | I175: =IFERROR(IF((F175+H175)/(G175+E175)<0,0,(F175+H175)/(G175+E175)),0) -> 140000 | J175: 5 | K175: 2045455 | L175: =I175*J175 -> 700000 | M175: =E175+G175-J175 -> 0 | N175: -1345455 | O175: =E175+G175-J175 -> 0 | P175: =F175+H175-L175 -> 0
A176: Trống máy in tương thích Brother HL2385 (PAD- | E176: 0 | F176: 0 | G176: 0 | H176: 0 | I176: =IFERROR(IF((F176+H176)/(G176+E176)<0,0,(F176+H176)/(G176+E176)),0) -> 0 | J176: 0 | K176: 0 | L176: =I176*J176 -> 0 | M176: =E176+G176-J176 -> 0 | N176: 0 | O176: =E176+G176-J176 -> 0 | P176: =F176+H176-L176 -> 0
A177: DR630-1) | B177: Cái | E177: 0 | F177: 0 | G177: 20 | H177: 727260 | I177: =IFERROR(IF((F177+H177)/(G177+E177)<0,0,(F177+H177)/(G177+E177)),0) -> 36363 | J177: 0 | K177: 0 | L177: =I177*J177 -> 0 | M177: =E177+G177-J177 -> 20 | N177: 727260 | O177: =E177+G177-J177 -> 20 | P177: =F177+H177-L177 -> 727260
A178: OPC drum nhông trắng HP 1010( Mlky blue) | B178: Cái | E178: 0 | F178: 0 | G178: 20 | H178: 327260 | I178: =IFERROR(IF((F178+H178)/(G178+E178)<0,0,(F178+H178)/(G178+E178)),0) -> 16363 | J178: 0 | K178: 0 | L178: =I178*J178 -> 0 | M178: =E178+G178-J178 -> 20 | N178: 327260 | O178: =E178+G178-J178 -> 20 | P178: =F178+H178-L178 -> 327260
A179: OPC drum nhông trắng HP 1005( BLUE) | B179: Cái | E179: 0 | F179: 0 | G179: 10 | H179: 163630 | I179: =IFERROR(IF((F179+H179)/(G179+E179)<0,0,(F179+H179)/(G179+E179)),0) -> 16363 | J179: 0 | K179: 0 | L179: =I179*J179 -> 0 | M179: =E179+G179-J179 -> 10 | N179: 163630 | O179: =E179+G179-J179 -> 10 | P179: =F179+H179-L179 -> 163630
A180: Hộp mực đã có mực in 79A/ E310 | B180: Cái | E180: 0 | F180: 0 | G180: 1 | H180: 109090 | I180: =IFERROR(IF((F180+H180)/(G180+E180)<0,0,(F180+H180)/(G180+E180)),0) -> 109090 | J180: 1 | K180: 290909 | L180: =I180*J180 -> 109090 | M180: =E180+G180-J180 -> 0 | N180: -181819 | O180: =E180+G180-J180 -> 0 | P180: =F180+H180-L180 -> 0
A181: Hộp mực in tương thích W1335A/E310 | B181: Hộp | E181: 0 | F181: 0 | G181: 1 | H181: 350000 | I181: =IFERROR(IF((F181+H181)/(G181+E181)<0,0,(F181+H181)/(G181+E181)),0) -> 350000 | J181: 0 | K181: 0 | L181: =I181*J181 -> 0 | M181: =E181+G181-J181 -> 1 | N181: 350000 | O181: =E181+G181-J181 -> 1 | P181: =F181+H181-L181 -> 350000
A182: Màn hình Vi tính (LCD) Dell E2020H19.5INCH | B182: Cái | E182: 0 | F182: 0 | G182: 12 | H182: 19418184 | I182: =IFERROR(IF((F182+H182)/(G182+E182)<0,0,(F182+H182)/(G182+E182)),0) -> 1618182 | J182: 10 | K182: 17972725 | L182: =I182*J182 -> 16181820 | M182: =E182+G182-J182 -> 2 | N182: -12381817 | O182: =E182+G182-J182 -> 2 | P182: =F182+H182-L182 -> 3236364
A183: Bộ chuyển đổi HDMI 50m qua cápmạng Cat5,6 màu ghi Ugreen(90811EU) | B183: chiếc | E183: 0 | F183: 0 | G183: 1 | H183: 618182 | I183: =IFERROR(IF((F183+H183)/(G183+E183)<0,0,(F183+H183)/(G183+E183)),0) -> 618182 | J183: 0 | K183: 0 | L183: =I183*J183 -> 0 | M183: =E183+G183-J183 -> 1 | N183: 618182 | O183: =E183+G183-J183 -> 1 | P183: =F183+H183-L183 -> 618182
A184: Dây chuyển đổi có chipset USB sangcổng COM RS-232 dài 1.5M Ugreen(20211) | B184: chiếc | E184: 18 | F184: 2720452 | G184: 11 | H184: 1636367 | I184: =IFERROR(IF((F184+H184)/(G184+E184)<0,0,(F184+H184)/(G184+E184)),0) -> 150235.14 | J184: 3 | K184: 772728 | L184: =I184*J184 -> 450705.41 | M184: =E184+G184-J184 -> 26 | N184: -318182 | O184: =E184+G184-J184 -> 26 | P184: =F184+H184-L184 -> 3906113.6
A185: Phí bảo hiểm của Hợp đồng 0000091/HD/035-KD2/PHH.TS.3.2/2024 | B185: VND | E185: 0 | F185: 0 | G185: 1 | H185: 2435004 | I185: =IFERROR(IF((F185+H185)/(G185+E185)<0,0,(F185+H185)/(G185+E185)),0) -> 2435004 | J185: 0 | K185: 0 | L185: =I185*J185 -> 0 | M185: =E185+G185-J185 -> 1 | N185: 2435004 | O185: =E185+G185-J185 -> 1 | P185: =F185+H185-L185 -> 2435004
A186: Card đồ họa ASUS GT730-SL-2GD5-BRK_90YV06N2-M0NA00 | B186: Chiếc | E186: 6 | F186: 7036362 | G186: 2 | H186: 2436364 | I186: =IFERROR(IF((F186+H186)/(G186+E186)<0,0,(F186+H186)/(G186+E186)),0) -> 1184090.8 | J186: 0 | K186: 0 | L186: =I186*J186 -> 0 | M186: =E186+G186-J186 -> 8 | N186: 2436364 | O186: =E186+G186-J186 -> 8 | P186: =F186+H186-L186 -> 9472726
A187: Hộp mực (Catridge) đã có mực in dùng cho máy in laser loại 49A, nhãn hiệu Xppro | B187: Hộp | E187: 6 | F187: 1200000 | G187: 21 | H187: 4200000 | I187: =IFERROR(IF((F187+H187)/(G187+E187)<0,0,(F187+H187)/(G187+E187)),0) -> 200000 | J187: 11 | K187: 2954545 | L187: =I187*J187 -> 2200000 | M187: =E187+G187-J187 -> 16 | N187: -327273 | O187: =E187+G187-J187 -> 16 | P187: =F187+H187-L187 -> 3200000
A188: Hộp mực ( Cartridge) đã có mực in dùng cho máy in laser, loại LHCF276A (HP M404/M428), hiệu XP PRO | B188: Hộp | E188: 2 | F188: 454546 | G188: 18 | H188: 4090914 | I188: =IFERROR(IF((F188+H188)/(G188+E188)<0,0,(F188+H188)/(G188+E188)),0) -> 227273 | J188: 9 | K188: 3309093 | L188: =I188*J188 -> 2045457 | M188: =E188+G188-J188 -> 11 | N188: -409091 | O188: =E188+G188-J188 -> 11 | P188: =F188+H188-L188 -> 2500003
... A741: Camera quan sát CS- H1C (1080P) | B741: Cái | E741: 9 | F741: 3119999 | G741: 2 | H741: 680000 | I741: =IFERROR(IF((F741+H741)/(G741+E741)<0,0,(F741+H741)/(G741+E741)),0) -> 345454.45 | J741: 0 | K741: 0 | L741: =I741*J741 -> 0 | M741: =E741+G741-J741 -> 11 | N741: 680000 | O741: =E741+G741-J741 -> 11 | P741: =F741+H741-L741 -> 3799999
A742: Camera có chức năng ghi hình ảnh kỹ thuật số hiệu | E742: 0 | F742: 0 | G742: 0 | H742: 0 | I742: =IFERROR(IF((F742+H742)/(G742+E742)<0,0,(F742+H742)/(G742+E742)),0) -> 0 | J742: 0 | K742: 0 | L742: =I742*J742 -> 0 | M742: =E742+G742-J742 -> 0 | N742: 0 | O742: =E742+G742-J742 -> 0 | P742: =F742+H742-L742 -> 0
A743: EZVIZ mã CS-H6C (5MP,W2) - hỗ trợ thẻ nhớ | E743: 0 | F743: 0 | G743: 0 | H743: 0 | I743: =IFERROR(IF((F743+H743)/(G743+E743)<0,0,(F743+H743)/(G743+E743)),0) -> 0 | J743: 0 | K743: 0 | L743: =I743*J743 -> 0 | M743: =E743+G743-J743 -> 0 | N743: 0 | O743: =E743+G743-J743 -> 0 | P743: =F743+H743-L743 -> 0
A744: trong | B744: Cái | E744: 0 | F744: 0 | G744: 9 | H744: 4236363 | I744: =IFERROR(IF((F744+H744)/(G744+E744)<0,0,(F744+H744)/(G744+E744)),0) -> 470707 | J744: 0 | K744: 0 | L744: =I744*J744 -> 0 | M744: =E744+G744-J744 -> 9 | N744: 4236363 | O744: =E744+G744-J744 -> 9 | P744: =F744+H744-L744 -> 4236363
A745: Camera quan sát CS-H8C (4MP,4MM) | B745: Cái | E745: 19 | F745: 16261946 | G745: 11 | H745: 9240000 | I745: =IFERROR(IF((F745+H745)/(G745+E745)<0,0,(F745+H745)/(G745+E745)),0) -> 850064.87 | J745: 4 | K745: 4145456 | L745: =I745*J745 -> 3400259.5 | M745: =E745+G745-J745 -> 26 | N745: -2272728 | O745: =E745+G745-J745 -> 26 | P745: =F745+H745-L745 -> 22101687
A746: Camera quan sát CS-H6C (PRO 4MP,W1) | B746: Cái | E746: 0 | F746: 0 | G746: 15 | H746: 7950000 | I746: =IFERROR(IF((F746+H746)/(G746+E746)<0,0,(F746+H746)/(G746+E746)),0) -> 530000 | J746: 0 | K746: 0 | L746: =I746*J746 -> 0 | M746: =E746+G746-J746 -> 15 | N746: 7950000 | O746: =E746+G746-J746 -> 15 | P746: =F746+H746-L746 -> 7950000
A747: Bộ nhớ Ram Kingmax 8GB-2400 | B747: Cái | E747: 0 | F747: 0 | G747: 3 | H747: 1131816 | I747: =IFERROR(IF((F747+H747)/(G747+E747)<0,0,(F747+H747)/(G747+E747)),0) -> 377272 | J747: 2 | K747: 1000000 | L747: =I747*J747 -> 754544 | M747: =E747+G747-J747 -> 1 | N747: 131816 | O747: =E747+G747-J747 -> 1 | P747: =F747+H747-L747 -> 377272
A748: Ổ cứng gắn trong Samsung SSD 1TB 970 EVOPLUS NVME M.2 MZ-V7S1T0BW | B748: Cái | E748: 0 | F748: 0 | G748: 1 | H748: 1954545 | I748: =IFERROR(IF((F748+H748)/(G748+E748)<0,0,(F748+H748)/(G748+E748)),0) -> 1954545 | J748: 1 | K748: 2354545 | L748: =I748*J748 -> 1954545 | M748: =E748+G748-J748 -> 0 | N748: -400000 | O748: =E748+G748-J748 -> 0 | P748: =F748+H748-L748 -> 0
A749: Nguồn Máy Vi Tính CM MWE GOLD V2 FM 1250 ATX 3.0 | B749: Chiếc | E749: 0 | F749: 0 | G749: 1 | H749: 4136364 | I749: =IFERROR(IF((F749+H749)/(G749+E749)<0,0,(F749+H749)/(G749+E749)),0) -> 4136364 | J749: 0 | K749: 0 | L749: =I749*J749 -> 0 | M749: =E749+G749-J749 -> 1 | N749: 4136364 | O749: =E749+G749-J749 -> 1 | P749: =F749+H749-L749 -> 4136364
A750: Màn hình ViewSonic VX2758A-2K-PRO-2/27inch, 2K IPS, 185hz | B750: Bộ | E750: 0 | F750: 0 | G750: 3 | H750: 14400000 | I750: =IFERROR(IF((F750+H750)/(G750+E750)<0,0,(F750+H750)/(G750+E750)),0) -> 4800000 | J750: 0 | K750: 0 | L750: =I750*J750 -> 0 | M750: =E750+G750-J750 -> 3 | N750: 14400000 | O750: =E750+G750-J750 -> 3 | P750: =F750+H750-L750 -> 14400000
A751: Camera quan sát CS-H8C (1080P) | B751: Cái | E751: 34 | F751: 25743489 | G751: 11 | H751: 7830000 | I751: =IFERROR(IF((F751+H751)/(G751+E751)<0,0,(F751+H751)/(G751+E751)),0) -> 746077.53 | J751: 2 | K751: 1454546 | L751: =I751*J751 -> 1492155.1 | M751: =E751+G751-J751 -> 43 | N751: 6375454 | O751: =E751+G751-J751 -> 43 | P751: =F751+H751-L751 -> 32081334
A752: Camera quan sát CS-H3C (3MP,4MM,COLOR) | B752: Cái | E752: 0 | F752: 0 | G752: 2 | H752: 1460000 | I752: =IFERROR(IF((F752+H752)/(G752+E752)<0,0,(F752+H752)/(G752+E752)),0) -> 730000 | J752: 1 | K752: 954546 | L752: =I752*J752 -> 730000 | M752: =E752+G752-J752 -> 1 | N752: -954546 | O752: =E752+G752-J752 -> 1 | P752: =F752+H752-L752 -> 730000
A753: Bộ chuyển đổi Displayport sang HDMI hỗ trợ 4k, màu đen Ugreen (40363) | B753: chiếc | E753: 0 | F753: 0 | G753: 1 | H753: 159091 | I753: =IFERROR(IF((F753+H753)/(G753+E753)<0,0,(F753+H753)/(G753+E753)),0) -> 159091 | J753: 0 | K753: 0 | L753: =I753*J753 -> 0 | M753: =E753+G753-J753 -> 1 | N753: 159091 | O753: =E753+G753-J753 -> 1 | P753: =F753+H753-L753 -> 159091
A754: Cáp dữ liệu VIDEO Mini HDMI sang HDMI 2.0 truyền âm thanh h/a dài 15cm Ugreen (90593) | B754: chiếc | E754: 0 | F754: 0 | G754: 1 | H754: 125455 | I754: =IFERROR(IF((F754+H754)/(G754+E754)<0,0,(F754+H754)/(G754+E754)),0) -> 125455 | J754: 0 | K754: 0 | L754: =I754*J754 -> 0 | M754: =E754+G754-J754 -> 1 | N754: 125455 | O754: =E754+G754-J754 -> 1 | P754: =F754+H754-L754 -> 125455
A755: Cáp dữ liệu VIDEO HDMI 1.4 truyền âm thanh hình ảnh dài 50M có chipset Ugreen (50765) | B755: chiếc | E755: 1 | F755: 2410909 | G755: 1 | H755: 2135455 | I755: =IFERROR(IF((F755+H755)/(G755+E755)<0,0,(F755+H755)/(G755+E755)),0) -> 2273182 | J755: 0 | K755: 0 | L755: =I755*J755 -> 0 | M755: =E755+G755-J755 -> 2 | N755: 2135455 | O755: =E755+G755-J755 -> 2 | P755: =F755+H755-L755 -> 4546364
... A924: Máy photocopy Toshiba e-Studio 2329A | B924: Chiếc | E924: 0 | F924: 0 | G924: 1 | H924: 24545455 | I924: =IFERROR(IF((F924+H924)/(G924+E924)<0,0,(F924+H924)/(G924+E924)),0) -> 24545455 | J924: 1 | K924: 28636364 | L924: =I924*J924 -> 24545455 | M924: =E924+G924-J924 -> 0 | N924: -4090909 | O924: =E924+G924-J924 -> 0 | P924: =F924+H924-L924 -> 0
A925: Bộ nạp và đảo bản gốc MR-3032 | E925: 0 | F925: 0 | G925: 0 | H925: 0 | I925: =IFERROR(IF((F925+H925)/(G925+E925)<0,0,(F925+H925)/(G925+E925)),0) -> 0 | J925: 0 | K925: 0 | L925: =I925*J925 -> 0 | M925: =E925+G925-J925 -> 0 | N925: 0 | O925: =E925+G925-J925 -> 0 | P925: =F925+H925-L925 -> 0
A926: (2329A/2829A/2523A/2523AD) | B926: Chiếc | E926: 0 | F926: 0 | G926: 1 | H926: 0 | I926: =IFERROR(IF((F926+H926)/(G926+E926)<0,0,(F926+H926)/(G926+E926)),0) -> 0 | J926: 0 | K926: 0 | L926: =I926*J926 -> 0 | M926: =E926+G926-J926 -> 1 | N926: 0 | O926: =E926+G926-J926 -> 1 | P926: =F926+H926-L926 -> 0
A927: Máy in đa năng Canon iR2224N | B927: Cái | E927: 0 | F927: 0 | G927: 1 | H927: 24545455 | I927: =IFERROR(IF((F927+H927)/(G927+E927)<0,0,(F927+H927)/(G927+E927)),0) -> 24545455 | J927: 1 | K927: 29090909 | L927: =I927*J927 -> 24545455 | M927: =E927+G927-J927 -> 0 | N927: -4545454 | O927: =E927+G927-J927 -> 0 | P927: =F927+H927-L927 -> 0
A928: Hộp mực Canon NPG-59 BK | B928: Hộp | E928: 0 | F928: 0 | G928: 1 | H928: 0 | I928: =IFERROR(IF((F928+H928)/(G928+E928)<0,0,(F928+H928)/(G928+E928)),0) -> 0 | J928: 1 | K928: 0 | L928: =I928*J928 -> 0 | M928: =E928+G928-J928 -> 0 | N928: 0 | O928: =E928+G928-J928 -> 0 | P928: =F928+H928-L928 -> 0
A929: Bộ nạp bản gốc 2 mặt tự động AY2 | B929: Cái | E929: 0 | F929: 0 | G929: 1 | H929: 0 | I929: =IFERROR(IF((F929+H929)/(G929+E929)<0,0,(F929+H929)/(G929+E929)),0) -> 0 | J929: 1 | K929: 0 | L929: =I929*J929 -> 0 | M929: =E929+G929-J929 -> 0 | N929: 0 | O929: =E929+G929-J929 -> 0 | P929: =F929+H929-L929 -> 0
A930: Bộ đảo mặt E1 | B930: Cái | E930: 0 | F930: 0 | G930: 1 | H930: 0 | I930: =IFERROR(IF((F930+H930)/(G930+E930)<0,0,(F930+H930)/(G930+E930)),0) -> 0 | J930: 1 | K930: 0 | L930: =I930*J930 -> 0 | M930: =E930+G930-J930 -> 0 | N930: 0 | O930: =E930+G930-J930 -> 0 | P930: =F930+H930-L930 -> 0
A931: Chân máy vừa | B931: Cái | E931: 0 | F931: 0 | G931: 1 | H931: 0 | I931: =IFERROR(IF((F931+H931)/(G931+E931)<0,0,(F931+H931)/(G931+E931)),0) -> 0 | J931: 1 | K931: 0 | L931: =I931*J931 -> 0 | M931: =E931+G931-J931 -> 0 | N931: 0 | O931: =E931+G931-J931 -> 0 | P931: =F931+H931-L931 -> 0
A932: Cạc màn hình Asus DUAL-RTX4060-8G | B932: Cái | E932: 0 | F932: 0 | G932: 2 | H932: 13927274 | I932: =IFERROR(IF((F932+H932)/(G932+E932)<0,0,(F932+H932)/(G932+E932)),0) -> 6963637 | J932: 0 | K932: 0 | L932: =I932*J932 -> 0 | M932: =E932+G932-J932 -> 2 | N932: 13927274 | O932: =E932+G932-J932 -> 2 | P932: =F932+H932-L932 -> 13927274
A933: MÁY TÍNH ĐỂ BÀN(PC) DELL INS 3030 i5-14400(10*2.5)/8GD5/512GSSD/W11SL | B933: Cái | E933: 0 | F933: 0 | G933: 2 | H933: 25363636 | I933: =IFERROR(IF((F933+H933)/(G933+E933)<0,0,(F933+H933)/(G933+E933)),0) -> 12681818 | J933: 0 | K933: 0 | L933: =I933*J933 -> 0 | M933: =E933+G933-J933 -> 2 | N933: 25363636 | O933: =E933+G933-J933 -> 2 | P933: =F933+H933-L933 -> 25363636
A934: MÁY TÍNH ĐỂ BÀN (PC) HP AIO 22-dd2045d i3-1215U/8G/512GSSD/21.5FHD/WL/BT/KB/M /W11SL/TRẮNG(9A8M7PA) | B934: Cái | E934: 0 | F934: 0 | G934: 2 | H934: 25594546 | I934: =IFERROR(IF((F934+H934)/(G934+E934)<0,0,(F934+H934)/(G934+E934)),0) -> 12797273 | J934: 2 | K934: 27254546 | L934: =I934*J934 -> 25594546 | M934: =E934+G934-J934 -> 0 | N934: -27254546 | O934: =E934+G934-J934 -> 0 | P934: =F934+H934-L934 -> 0
A935: Máy tính xách tay Dell Inspiron 15 3520 Intel Core i5-1235U, 15.6"FHD, 2x8G, 512GB SSD, 3 Cell-41Whr, Win 11, Office H&S 2021, BH 12 tháng, N5I5052W1-Silver | B935: Bộ | E935: 0 | F935: 0 | G935: 53 | H935: 685545458 | I935: =IFERROR(IF((F935+H935)/(G935+E935)<0,0,(F935+H935)/(G935+E935)),0) -> 12934820 | J935: 47 | K935: 619718180 | L935: =I935*J935 -> 6.0793654e+08 | M935: =E935+G935-J935 -> 6 | N935: -13990909 | O935: =E935+G935-J935 -> 6 | P935: =F935+H935-L935 -> 77608920
A936: Ghế xoay Apollo EGC227 Plus Fabric - E-Dra | B936: chiếc | E936: 4 | F936: 7292928 | G936: 2 | H936: 3998148 | I936: =IFERROR(IF((F936+H936)/(G936+E936)<0,0,(F936+H936)/(G936+E936)),0) -> 1881846 | J936: 0 | K936: 0 | L936: =I936*J936 -> 0 | M936: =E936+G936-J936 -> 6 | N936: 3998148 | O936: =E936+G936-J936 -> 6 | P936: =F936+H936-L936 -> 11291076
A937: Máy tính để bàn Dell Vostro 3020SFF (i3-13100, 1x8GB 3200MHz,512GB M.2 PCIe NVMe SSD, Win11) | B937: bộ | E937: 0 | F937: 0 | G937: 3 | H937: 29090908 | I937: =IFERROR(IF((F937+H937)/(G937+E937)<0,0,(F937+H937)/(G937+E937)),0) -> 9696969.3 | J937: 1 | K937: 10490909 | L937: =I937*J937 -> 9696969.3 | M937: =E937+G937-J937 -> 2 | N937: -10490909 | O937: =E937+G937-J937 -> 2 | P937: =F937+H937-L937 -> 19393939
... A3467: Monitor - E2223HN (Theo Hợp đồng kinh tế số 01/HĐKT-XDBTN-HV ký ngày 18 tháng 12 năm 2023) | B3467: Bộ | E3467: 0 | F3467: 0 | G3467: 0 | H3467: 0 | I3467: =IFERROR(IF((F3467+H3467)/(G3467+E3467)<0,0,(F3467+H3467)/(G3467+E3467)),0) -> 0 | J3467: 0 | K3467: 0 | L3467: =I3467*J3467 -> 0 | M3467: =E3467+G3467-J3467 -> 0 | N3467: 0 | O3467: =E3467+G3467-J3467 -> 0 | P3467: =F3467+H3467-L3467 -> 0
E3468: =SUM(E4:E3467) -> 25966 | F3468: =SUM(F4:F3467) -> 21158286168 | G3468: =SUM(G4:G3467) -> 18776 | H3468: =SUM(H4:H3467) -> 19403071354 | I3468: =SUM(I4:I3467) -> 6.4871354e+09 | J3468: =SUM(J4:J3467) -> 13287 | K3468: =SUM(K4:K3467) -> 17950769158 | L3468: =SUM(L4:L3467) -> 1.2543031e+10 | ... N3468: =SUM(N4:N3467) -> -2681850758 | O3468: =E3468+G3468-J3468 -> 31455 | P3468: =F3468+H3468-L3468 -> 2.8018327e+10
B3469: 0 | E3469: 25966 | F3469: 21158286168 | G3469: 18776 | H3469: 19403071354 | J3469: 13287 | K3469: 17950769158 | M3469: 1782 | P3469: =F3469+H3469-K3469 -> 22610588364
